{
  "twii": {
    "close": 31759.990234375,
    "change_percent": 0.38149141605731995,
    "pe": null,
    "rsi": 80.82993126831404,
    "k": 93.06541511677699,
    "d": 91.95167348721934,
    "j": 95.29289837589229,
    "ma20": 29941.03564453125,
    "ma120": 26821.805029296876,
    "ma240": 24341.833162434898,
    "golden_cross": true,
    "death_cross": false,
    "top_divergence": false,
    "bottom_divergence": false
  },
  "tsmc": {
    "close": 1775.0,
    "change_percent": 0.8522727272727272,
    "pe": 26.820791,
    "rsi": 77.94713145914761,
    "k": 89.18486415834657,
    "d": 88.11866920993864,
    "j": 91.31725405516244,
    "ma20": 1631.75,
    "ma120": 1381.7175170898438,
    "ma240": 1187.7886189778646,
    "golden_cross": true,
    "death_cross": false,
    "top_divergence": false,
    "bottom_divergence": false
  },
  "etf0050": {
    "close": 72.5999984741211,
    "change_percent": 0.0,
    "pe": 24.93221,
    "rsi": 82.34565687244178,
    "k": 93.5274333717037,
    "d": 92.57025582698353,
    "j": 95.44178846114403,
    "ma20": 68.38249950408935,
    "ma120": 60.076250012715654,
    "ma240": 52.92622046470642,
    "golden_cross": false,
    "death_cross": false,
    "top_divergence": false,
    "bottom_divergence": false
  },
  "etf00631l": {
    "close": 434.0,
    "change_percent": 0.02304819196182876,
    "pe": null,
    "rsi": 84.15328415571977,
    "k": 95.26511783517073,
    "d": 93.65515527062607,
    "j": 98.48504296426006,
    "ma20": 390.01000061035154,
    "ma120": 317.09916598002116,
    "ma240": 261.92916622161863,
    "golden_cross": false,
    "death_cross": false,
    "top_divergence": false,
    "bottom_divergence": false
  },
  "etf00675l": {
    "close": 171.9499969482422,
    "change_percent": 0.058184952676889626,
    "pe": null,
    "rsi": 84.1897828392582,
    "k": 94.93971565839831,
    "d": 93.69810681321232,
    "j": 97.4229333487703,
    "ma20": 154.74250106811525,
    "ma120": 125.96583366394043,
    "ma240": 104.16125014623006,
    "golden_cross": false,
    "death_cross": false,
    "top_divergence": false,
    "bottom_divergence": false
  },
  "nasdaq": {
    "close": 23515.390625,
    "change_percent": -0.062171245674367104,
    "pe": null,
    "rsi": 52.58523476915692,
    "k": 54.99819754336865,
    "d": 64.49304732718257,
    "j": 36.00849797574082,
    "ma20": 23476.08388671875,
    "ma120": 22650.52664388021,
    "ma240": 20723.2453125,
    "golden_cross": false,
    "death_cross": false,
    "top_divergence": true,
    "bottom_divergence": false
  },
  "tqqq": {
    "close": 54.13999938964844,
    "change_percent": -0.44134180535630346,
    "pe": 34.106102,
    "rsi": 49.706728944626356,
    "k": 54.32611475341109,
    "d": 63.25100393169805,
    "j": 36.476336396837155,
    "ma20": 54.292748832702635,
    "ma120": 51.140560944875084,
    "ma240": 42.940766819318135,
    "golden_cross": false,
    "death_cross": false,
    "top_divergence": false,
    "bottom_divergence": false
  },
  "qld": {
    "close": 71.75,
    "change_percent": -0.26411236441228,
    "pe": 33.853333,
    "rsi": 50.27895298990671,
    "k": 55.05484434681608,
    "d": 64.04023183990117,
    "j": 37.08406936064591,
    "ma20": 71.81598091125488,
    "ma120": 68.39660415649413,
    "ma240": 59.84028491973877,
    "golden_cross": false,
    "death_cross": false,
    "top_divergence": false,
    "bottom_divergence": false
  },
  "nvda": {
    "close": 186.22999572753906,
    "change_percent": -0.4383893669287186,
    "pe": 46.065594,
    "rsi": 51.79371238856718,
    "k": 37.25388979430085,
    "d": 33.57627191249088,
    "j": 44.60912555792078,
    "ma20": 185.99100036621093,
    "ma120": 182.94187698364257,
    "ma240": 157.04530261357624,
    "golden_cross": false,
    "death_cross": false,
    "top_divergence": false,
    "bottom_divergence": false
  },
  "msft": {
    "close": 459.8599853515625,
    "change_percent": 0.7007361415038325,
    "pe": 32.683723,
    "rsi": 33.83261194671304,
    "k": 16.235136028203335,
    "d": 26.61361648184606,
    "j": -4.521824879082111,
    "ma20": 478.22550201416016,
    "ma120": 501.98164596557615,
    "ma240": 466.59594472249347,
    "golden_cross": false,
    "death_cross": false,
    "top_divergence": false,
    "bottom_divergence": false
  },
  "goog": {
    "close": 330.3399963378906,
    "change_percent": -0.8464423379820825,
    "pe": 32.577908,
    "rsi": 63.4691901908512,
    "k": 73.58913842092808,
    "d": 76.99786675477382,
    "j": 66.7716817532366,
    "ma20": 320.3239990234375,
    "ma120": 265.4719127655029,
    "ma240": 218.33239421844482,
    "golden_cross": false,
    "death_cross": true,
    "top_divergence": true,
    "bottom_divergence": false
  },
  "tsla": {
    "close": 437.5,
    "change_percent": -0.24397640202234186,
    "pe": 303.8333,
    "rsi": 44.393508957628484,
    "k": 44.5825072101082,
    "d": 41.311137849940806,
    "j": 51.125245930442986,
    "ma20": 455.47950286865233,
    "ma120": 411.94083404541016,
    "ma240": 356.6874170303345,
    "golden_cross": false,
    "death_cross": false,
    "top_divergence": false,
    "bottom_divergence": false
  },
  "smh": {
    "close": 400.3900146484375,
    "change_percent": 1.0040137608940347,
    "pe": 44.614487,
    "rsi": 69.93375096597948,
    "k": 80.75296598250664,
    "d": 81.88851470678222,
    "j": 78.48186853395549,
    "ma20": 375.045393371582,
    "ma120": 334.31738611857094,
    "ma240": 287.3478374481201,
    "golden_cross": false,
    "death_cross": false,
    "top_divergence": false,
    "bottom_divergence": false
  },
  "aapl": {
    "close": 255.52999877929688,
    "change_percent": -1.0379120733008116,
    "pe": 34.25161,
    "rsi": 25.184251901572726,
    "k": 13.832199982700436,
    "d": 17.667776115536736,
    "j": 6.161047717027834,
    "ma20": 266.47349700927737,
    "ma120": 253.94785118103027,
    "ma240": 233.00708192189535,
    "golden_cross": false,
    "death_cross": false,
    "top_divergence": false,
    "bottom_divergence": false
  },
  "amzn": {
    "close": 239.1199951171875,
    "change_percent": 0.3946605383793984,
    "pe": 33.77401,
    "rsi": 54.96482647586235,
    "k": 57.36375196078852,
    "d": 69.16199176673769,
    "j": 33.767272348890174,
    "ma20": 235.68699951171874,
    "ma120": 229.03699989318847,
    "ma240": 217.7466667811076,
    "golden_cross": false,
    "death_cross": false,
    "top_divergence": false,
    "bottom_divergence": false
  },
  "meta": {
    "close": 620.25,
    "change_percent": -0.08859339622799187,
    "pe": 27.469,
    "rsi": 36.98035429740455,
    "k": 14.912521733442023,
    "d": 21.344192874922904,
    "j": 2.049179450480267,
    "ma20": 650.6244995117188,
    "ma120": 697.9845952351887,
    "ma240": 670.2455612182617,
    "golden_cross": false,
    "death_cross": false,
    "top_divergence": false,
    "bottom_divergence": false
  },
  "btc": {
    "close": 91018.9609375,
    "change_percent": -1.658101809255786,
    "pe": null,
    "rsi": 46.59981953217294,
    "k": 38.541544571509014,
    "d": 53.009312030840235,
    "j": 9.60600965284658,
    "ma20": 92459.732421875,
    "ma120": 99375.71041666667,
    "ma240": 105738.86214192708,
    "golden_cross": false,
    "death_cross": false,
    "top_divergence": false,
    "bottom_divergence": false
  },
  "gld": {
    "close": 421.2900085449219,
    "change_percent": -0.48188838307004983,
    "pe": null,
    "rsi": 64.76837626306062,
    "k": 80.71300240526362,
    "d": 79.09625261443114,
    "j": 83.94650198692858,
    "ma20": 410.58800201416017,
    "ma120": 362.88866602579753,
    "ma240": 328.24674962361655,
    "golden_cross": false,
    "death_cross": false,
    "top_divergence": false,
    "bottom_divergence": false
  }
}