{
  "twii": {
    "close": 28963.599609375,
    "change_percent": 0.893397362684345,
    "pe": null,
    "rsi": 66.10406071290708,
    "k": 89.6047750625826,
    "d": 78.80312968412662,
    "j": 111.2080658194946,
    "ma20": 28132.14501953125,
    "ma120": 25999.15304361979,
    "ma240": 23929.171329752604,
    "golden_cross": false,
    "death_cross": false,
    "top_divergence": false,
    "bottom_divergence": false
  },
  "tsmc": {
    "close": 1550.0,
    "change_percent": 1.9736842105263157,
    "pe": 25.573338,
    "rsi": 66.74742250036473,
    "k": 90.55002794033568,
    "d": 78.05398811430247,
    "j": 115.54210759240212,
    "ma20": 1474.5323974609375,
    "ma120": 1318.7453338623047,
    "ma240": 1154.8040400187174,
    "golden_cross": false,
    "death_cross": false,
    "top_divergence": false,
    "bottom_divergence": false
  },
  "etf0050": {
    "close": 65.5999984741211,
    "change_percent": 0.6907090371493537,
    "pe": 23.260555,
    "rsi": 68.05979259279336,
    "k": 89.17483687657571,
    "d": 78.66260209231426,
    "j": 110.19930644509864,
    "ma20": 63.40500030517578,
    "ma120": 57.886705589294436,
    "ma240": 51.74765268961588,
    "golden_cross": false,
    "death_cross": false,
    "top_divergence": false,
    "bottom_divergence": false
  },
  "etf00631l": {
    "close": 362.8999938964844,
    "change_percent": 0.707641945269242,
    "pe": null,
    "rsi": 65.17893162456649,
    "k": 90.41509898260395,
    "d": 80.205890565602,
    "j": 110.83351581660787,
    "ma20": 344.9499969482422,
    "ma120": 297.98124910990396,
    "ma240": 252.77645785013834,
    "golden_cross": false,
    "death_cross": false,
    "top_divergence": false,
    "bottom_divergence": false
  },
  "etf00675l": {
    "close": 144.10000610351562,
    "change_percent": 0.6636480946818828,
    "pe": null,
    "rsi": 65.56480919183653,
    "k": 90.54460447309071,
    "d": 80.26171639109909,
    "j": 111.11038063707397,
    "ma20": 136.885001373291,
    "ma120": 118.41541684468588,
    "ma240": 100.55416666666666,
    "golden_cross": false,
    "death_cross": false,
    "top_divergence": false,
    "bottom_divergence": false
  },
  "nasdaq": {
    "close": 23241.990234375,
    "change_percent": -0.7561776259325141,
    "pe": null,
    "rsi": 48.78969842029488,
    "k": 67.47815750011584,
    "d": 71.8285932823338,
    "j": 58.77728593567991,
    "ma20": 23380.580078125,
    "ma120": 22410.413916015626,
    "ma240": 20547.986938476562,
    "golden_cross": false,
    "death_cross": true,
    "top_divergence": false,
    "bottom_divergence": false
  },
  "tqqq": {
    "close": 52.720001220703125,
    "change_percent": -2.5508267880600677,
    "pe": 32.957043,
    "rsi": 46.44340239321217,
    "k": 64.17450939317611,
    "d": 68.65116650650192,
    "j": 55.221195166524495,
    "ma20": 54.1744665145874,
    "ma120": 50.123055426279706,
    "ma240": 42.34425027370453,
    "golden_cross": false,
    "death_cross": true,
    "top_divergence": false,
    "bottom_divergence": false
  },
  "qld": {
    "close": 70.41000366210938,
    "change_percent": -1.6757393353083176,
    "pe": 33.419235,
    "rsi": 47.04665966473567,
    "k": 65.20938703083327,
    "d": 69.64687167332033,
    "j": 56.33441774585913,
    "ma20": 71.59894714355468,
    "ma120": 67.3649473508199,
    "ma240": 59.11773101488749,
    "golden_cross": false,
    "death_cross": true,
    "top_divergence": false,
    "bottom_divergence": false
  },
  "nvda": {
    "close": 186.5,
    "change_percent": -0.5545448029029615,
    "pe": 46.04938,
    "rsi": 53.39327066255429,
    "k": 76.80160053874022,
    "d": 75.3360329311312,
    "j": 79.73273575395825,
    "ma20": 182.50000076293946,
    "ma120": 181.55961736043295,
    "ma240": 154.53344462712604,
    "golden_cross": false,
    "death_cross": false,
    "top_divergence": false,
    "bottom_divergence": false
  },
  "msft": {
    "close": 483.6199951171875,
    "change_percent": -0.7918305945161889,
    "pe": 34.372425,
    "rsi": 46.14469286641401,
    "k": 71.68102231220107,
    "d": 74.53100485877813,
    "j": 65.98105721904693,
    "ma20": 483.41300201416016,
    "ma120": 505.19809748331704,
    "ma240": 464.6617650349935,
    "golden_cross": false,
    "death_cross": true,
    "top_divergence": false,
    "bottom_divergence": false
  },
  "goog": {
    "close": 313.79998779296875,
    "change_percent": -0.2384358700066575,
    "pe": 30.946743,
    "rsi": 56.794983782239015,
    "k": 79.66157238886282,
    "d": 72.9392083358124,
    "j": 93.10630049496368,
    "ma20": 313.28716735839845,
    "ma120": 252.79561284383138,
    "ma240": 212.47955182393392,
    "golden_cross": false,
    "death_cross": false,
    "top_divergence": false,
    "bottom_divergence": false
  },
  "tsla": {
    "close": 449.7200012207031,
    "change_percent": -1.0364613980130768,
    "pe": 312.30554,
    "rsi": 46.70470561407546,
    "k": 18.978285158923132,
    "d": 40.21267139145766,
    "j": -23.490487306145923,
    "ma20": 464.7005020141602,
    "ma120": 401.04225006103513,
    "ma240": 355.0673751195272,
    "golden_cross": false,
    "death_cross": false,
    "top_divergence": false,
    "bottom_divergence": false
  },
  "smh": {
    "close": 360.1300048828125,
    "change_percent": -0.8752835587103238,
    "pe": 40.647457,
    "rsi": 53.25989239672442,
    "k": 77.79948946216257,
    "d": 73.84723761055623,
    "j": 85.70399316537524,
    "ma20": 360.03248291015626,
    "ma120": 325.2147720336914,
    "ma240": 281.0641709009806,
    "golden_cross": false,
    "death_cross": false,
    "top_divergence": false,
    "bottom_divergence": false
  },
  "aapl": {
    "close": 271.8599853515625,
    "change_percent": -0.4467559984958011,
    "pe": 36.491276,
    "rsi": 45.69016590699198,
    "k": 57.90487493772998,
    "d": 51.15377446972799,
    "j": 71.40707587373396,
    "ma20": 275.4724975585938,
    "ma120": 249.38569246927898,
    "ma240": 231.53291568756103,
    "golden_cross": false,
    "death_cross": false,
    "top_divergence": false,
    "bottom_divergence": false
  },
  "amzn": {
    "close": 230.82000732421875,
    "change_percent": -0.7353853111662996,
    "pe": 32.555714,
    "rsi": 51.9977143559055,
    "k": 83.97700649163751,
    "d": 78.83814486963428,
    "j": 94.25472973564399,
    "ma20": 228.77250061035156,
    "ma120": 227.93716684977213,
    "ma240": 217.51154187520345,
    "golden_cross": false,
    "death_cross": false,
    "top_divergence": false,
    "bottom_divergence": false
  },
  "meta": {
    "close": 660.0900268554688,
    "change_percent": -0.8799437261277114,
    "pe": 29.233395,
    "rsi": 52.36391625181135,
    "k": 46.62564968661083,
    "d": 46.08033476508294,
    "j": 47.71627952966662,
    "ma20": 658.0247802734375,
    "ma120": 704.2969477335612,
    "ma240": 670.8749411265055,
    "golden_cross": false,
    "death_cross": false,
    "top_divergence": false,
    "bottom_divergence": false
  },
  "btc": {
    "close": 87484.765625,
    "change_percent": -0.02749722572633297,
    "pe": null,
    "rsi": 44.53067549548929,
    "k": 33.3073170230254,
    "d": 37.873342366215944,
    "j": 24.1752663366443,
    "ma20": 87683.253125,
    "ma120": 102766.883984375,
    "ma240": 106720.50218098958,
    "golden_cross": false,
    "death_cross": false,
    "top_divergence": false,
    "bottom_divergence": false
  },
  "gld": {
    "close": 396.30999755859375,
    "change_percent": -0.6467991163222406,
    "pe": null,
    "rsi": 51.826771319494306,
    "k": 34.53172626184893,
    "d": 58.63386062735897,
    "j": -13.672542469171148,
    "ma20": 397.19550170898435,
    "ma120": 353.1689994812012,
    "ma240": 320.8952494939168,
    "golden_cross": false,
    "death_cross": false,
    "top_divergence": false,
    "bottom_divergence": false
  }
}