{
  "twii": {
    "close": 33599.5390625,
    "change_percent": -0.2179861357059109,
    "pe": null,
    "rsi": 56.01521882060385,
    "k": 42.40418270923443,
    "d": 59.04269848424328,
    "j": 9.127151159216737,
    "ma20": 33250.11328125,
    "ma120": 28697.791910807293,
    "ma240": 25365.84786783854,
    "golden_cross": false,
    "death_cross": false,
    "top_divergence": false,
    "bottom_divergence": false
  },
  "tsmc": {
    "close": 1890.0,
    "change_percent": -0.5263157894736842,
    "pe": 28.50249,
    "rsi": 56.509720549825616,
    "k": 34.85952949063129,
    "d": 53.94780973723865,
    "j": -3.317031002583434,
    "ma20": 1867.25,
    "ma120": 1525.734878540039,
    "ma240": 1270.5856689453126,
    "golden_cross": false,
    "death_cross": false,
    "top_divergence": false,
    "bottom_divergence": false
  },
  "etf0050": {
    "close": 76.8499984741211,
    "change_percent": -0.7105982440761547,
    "pe": 26.39174,
    "rsi": 56.93315885674279,
    "k": 39.7066531867306,
    "d": 57.618723737588695,
    "j": 3.8825120850144117,
    "ma20": 75.82249946594239,
    "ma120": 64.15481313069661,
    "ma240": 55.07486524581909,
    "golden_cross": false,
    "death_cross": false,
    "top_divergence": false,
    "bottom_divergence": false
  },
  "etf00631l": {
    "close": 478.04998779296875,
    "change_percent": -0.15664160800361113,
    "pe": null,
    "rsi": 53.94415897324387,
    "k": 38.19922903099695,
    "d": 54.62301174298357,
    "j": 5.351663607023724,
    "ma20": 473.55250091552733,
    "ma120": 361.7149997711182,
    "ma240": 285.7068749745687,
    "golden_cross": false,
    "death_cross": false,
    "top_divergence": false,
    "bottom_divergence": false
  },
  "etf00675l": {
    "close": 189.60000610351562,
    "change_percent": 0.026379873886975807,
    "pe": null,
    "rsi": 54.122119966759655,
    "k": 38.03444471095521,
    "d": 54.67997275468396,
    "j": 4.743388623497722,
    "ma20": 187.73500137329103,
    "ma120": 143.58833376566568,
    "ma240": 113.52833347320556,
    "golden_cross": false,
    "death_cross": false,
    "top_divergence": false,
    "bottom_divergence": false
  },
  "nasdaq": {
    "close": 22748.990234375,
    "change_percent": -0.2564519761625632,
    "pe": null,
    "rsi": 46.42003058544326,
    "k": 56.578282310553604,
    "d": 54.93211446500499,
    "j": 59.87061800165081,
    "ma20": 22801.78427734375,
    "ma120": 23076.59591471354,
    "ma240": 21287.835717773436,
    "golden_cross": false,
    "death_cross": false,
    "top_divergence": false,
    "bottom_divergence": false
  },
  "tqqq": {
    "close": 49.79999923706055,
    "change_percent": -0.9152389570923961,
    "pe": 33.42001,
    "rsi": 47.45202776656075,
    "k": 60.77505686939374,
    "d": 57.52324900866386,
    "j": 67.2786725908535,
    "ma20": 49.65349998474121,
    "ma120": 52.76471681594849,
    "ma240": 44.81935844421387,
    "golden_cross": false,
    "death_cross": false,
    "top_divergence": false,
    "bottom_divergence": false
  },
  "qld": {
    "close": 68.26000213623047,
    "change_percent": -0.5680981514638712,
    "pe": 33.39891,
    "rsi": 48.00671157622284,
    "k": 61.80258386699765,
    "d": 58.631835870792,
    "j": 68.14407985940895,
    "ma20": 68.01199989318847,
    "ma120": 70.21126352945963,
    "ma240": 62.09998321533203,
    "golden_cross": false,
    "death_cross": false,
    "top_divergence": false,
    "bottom_divergence": false
  },
  "nvda": {
    "close": 183.33999633789062,
    "change_percent": 0.16390027467321858,
    "pe": 37.416325,
    "rsi": 47.66190944572408,
    "k": 36.50035541154607,
    "d": 42.03053135674518,
    "j": 25.440003521147844,
    "ma20": 185.86449966430663,
    "ma120": 185.17609227498372,
    "ma240": 165.2622189839681,
    "golden_cross": false,
    "death_cross": false,
    "top_divergence": false,
    "bottom_divergence": true
  },
  "msft": {
    "close": 410.67999267578125,
    "change_percent": 1.3524136978431485,
    "pe": 25.699625,
    "rsi": 48.62338811726607,
    "k": 78.84490529331386,
    "d": 64.26572838558315,
    "j": 108.0032591087753,
    "ma20": 399.99966888427736,
    "ma120": 475.9825073242188,
    "ma240": 468.3890111287435,
    "golden_cross": false,
    "death_cross": false,
    "top_divergence": false,
    "bottom_divergence": false
  },
  "goog": {
    "close": 300.9100036621094,
    "change_percent": -0.8370434808844012,
    "pe": 27.862038,
    "rsi": 36.21408445406811,
    "k": 31.272121816198933,
    "d": 39.27482718251685,
    "j": 15.266711083563095,
    "ma20": 310.89499816894534,
    "ma120": 294.8531228383382,
    "ma240": 237.30497856140136,
    "golden_cross": false,
    "death_cross": false,
    "top_divergence": false,
    "bottom_divergence": false
  },
  "tsla": {
    "close": 405.54998779296875,
    "change_percent": -0.09607691927178205,
    "pe": 372.0642,
    "rsi": 45.06665643575931,
    "k": 47.768405202905626,
    "d": 42.839022509053486,
    "j": 57.62717059060991,
    "ma20": 410.2024978637695,
    "ma120": 434.2919169108073,
    "ma240": 372.18270848592124,
    "golden_cross": false,
    "death_cross": false,
    "top_divergence": false,
    "bottom_divergence": false
  },
  "smh": {
    "close": 395.3500061035156,
    "change_percent": -0.9396141174268368,
    "pe": 40.5478,
    "rsi": 45.46423941797666,
    "k": 30.546471987884154,
    "d": 41.687788579520536,
    "j": 8.263838804611382,
    "ma20": 406.8255020141602,
    "ma120": 364.3090309143066,
    "ma240": 309.91854807535805,
    "golden_cross": false,
    "death_cross": false,
    "top_divergence": false,
    "bottom_divergence": false
  },
  "aapl": {
    "close": 260.2900085449219,
    "change_percent": -0.8494516844711067,
    "pe": 32.90645,
    "rsi": 43.70010062206863,
    "k": 30.93389440722755,
    "d": 42.01668240133285,
    "j": 8.76831841901695,
    "ma20": 267.45860290527344,
    "ma120": 263.9985950469971,
    "ma240": 237.13006820678712,
    "golden_cross": false,
    "death_cross": false,
    "top_divergence": false,
    "bottom_divergence": false
  },
  "amzn": {
    "close": 218.94000244140625,
    "change_percent": 0.9777672934109789,
    "pe": 30.578213,
    "rsi": 53.891066201549556,
    "k": 84.14357735054097,
    "d": 77.30996571893209,
    "j": 97.81080061375872,
    "ma20": 208.36700057983398,
    "ma120": 227.01833330790203,
    "ma240": 218.551291847229,
    "golden_cross": false,
    "death_cross": false,
    "top_divergence": false,
    "bottom_divergence": false
  },
  "meta": {
    "close": 660.5700073242188,
    "change_percent": -1.072285707391019,
    "pe": 28.085459,
    "rsi": 51.71142082218142,
    "k": 72.49019785744639,
    "d": 63.975192718814455,
    "j": 89.52020813471026,
    "ma20": 654.6599975585938,
    "ma120": 673.1888173421224,
    "ma240": 670.4328598022461,
    "golden_cross": false,
    "death_cross": false,
    "top_divergence": false,
    "bottom_divergence": false
  },
  "btc": {
    "close": 70985.6171875,
    "change_percent": 0.20396653426946565,
    "pe": null,
    "rsi": 51.9811145782245,
    "k": 72.37926565793593,
    "d": 67.88522077266522,
    "j": 81.36735542847734,
    "ma20": 67825.512109375,
    "ma120": 84663.37014973958,
    "ma240": 99513.9276529948,
    "golden_cross": false,
    "death_cross": false,
    "top_divergence": false,
    "bottom_divergence": false
  },
  "gld": {
    "close": 466.1300048828125,
    "change_percent": -1.2017768242597546,
    "pe": null,
    "rsi": 51.6905913256565,
    "k": 63.92096176493121,
    "d": 73.92902883367985,
    "j": 43.90482762743392,
    "ma20": 466.48400115966797,
    "ma120": 402.5272509256999,
    "ma240": 354.08033345540366,
    "golden_cross": false,
    "death_cross": false,
    "top_divergence": false,
    "bottom_divergence": false
  }
}