{
  "twii": {
    "close": 27980.890625,
    "change_percent": 0.6662167696173898,
    "pe": null,
    "rsi": 58.25210572926797,
    "k": 89.71455440568894,
    "d": 77.82292267346637,
    "j": 113.4978178701341,
    "ma20": 27401.5427734375,
    "ma120": 25173.603548177085,
    "ma240": 23567.271337890626,
    "golden_cross": false,
    "death_cross": false,
    "top_divergence": false,
    "bottom_divergence": false
  },
  "tsmc": {
    "close": 1460.0,
    "change_percent": 1.0380622837370241,
    "pe": 24.096386,
    "rsi": 54.97752963925856,
    "k": 83.5288392041032,
    "d": 69.47487520642647,
    "j": 111.63676719945667,
    "ma20": 1434.5,
    "ma120": 1262.8831176757812,
    "ma240": 1128.5436866760253,
    "golden_cross": false,
    "death_cross": false,
    "top_divergence": false,
    "bottom_divergence": false
  },
  "etf0050": {
    "close": 62.75,
    "change_percent": 0.8842431355535484,
    "pe": 22.249998,
    "rsi": 56.0428570055214,
    "k": 88.29725358780456,
    "d": 76.91434265511995,
    "j": 111.06307545317378,
    "ma20": 61.70750007629395,
    "ma120": 55.64282010396322,
    "ma240": 50.656017478307085,
    "golden_cross": false,
    "death_cross": false,
    "top_divergence": false,
    "bottom_divergence": false
  },
  "etf00631l": {
    "close": 340.6499938964844,
    "change_percent": 1.4141113683568052,
    "pe": null,
    "rsi": 56.62454833926615,
    "k": 89.14862125287502,
    "d": 78.20319712994029,
    "j": 111.03946949874444,
    "ma20": 328.68249969482423,
    "ma120": 279.05291608174645,
    "ma240": 245.3331246693929,
    "golden_cross": false,
    "death_cross": false,
    "top_divergence": false,
    "bottom_divergence": false
  },
  "etf00675l": {
    "close": 135.10000610351562,
    "change_percent": 1.3883723103306755,
    "pe": null,
    "rsi": 56.4375660689665,
    "k": 89.09348140691434,
    "d": 78.10404119275452,
    "j": 111.07236183523395,
    "ma20": 130.47500190734863,
    "ma120": 110.93625011444092,
    "ma240": 97.63562491734822,
    "golden_cross": false,
    "death_cross": false,
    "top_divergence": false,
    "bottom_divergence": false
  },
  "nasdaq": {
    "close": 23578.130859375,
    "change_percent": 0.3105288138432484,
    "pe": null,
    "rsi": 59.421118102294955,
    "k": 92.01624672706414,
    "d": 85.6149021872398,
    "j": 104.81893580671283,
    "ma20": 23046.93154296875,
    "ma120": 21957.28318684896,
    "ma240": 20275.96188964844,
    "golden_cross": false,
    "death_cross": false,
    "top_divergence": false,
    "bottom_divergence": false
  },
  "tqqq": {
    "close": 56.150001525878906,
    "change_percent": 1.1529512226582717,
    "pe": 18.383099,
    "rsi": 57.9060942691894,
    "k": 90.53660801776874,
    "d": 84.21980794879318,
    "j": 103.17020815571988,
    "ma20": 52.87350006103516,
    "ma120": 48.22140808105469,
    "ma240": 41.45410327116648,
    "golden_cross": false,
    "death_cross": false,
    "top_divergence": false,
    "bottom_divergence": false
  },
  "qld": {
    "close": 73.22000122070312,
    "change_percent": 0.826216540110684,
    "pe": 18.058428,
    "rsi": 58.450482592640164,
    "k": 90.85366852883553,
    "d": 84.67314779578486,
    "j": 103.21470999493684,
    "ma20": 70.18925056457519,
    "ma120": 65.40900993347168,
    "ma240": 57.98369792302449,
    "golden_cross": false,
    "death_cross": false,
    "top_divergence": false,
    "bottom_divergence": false
  },
  "nvda": {
    "close": 182.41000366210938,
    "change_percent": -0.5289569172620517,
    "pe": 45.263027,
    "rsi": 47.62969962698841,
    "k": 62.561846644011176,
    "d": 48.5394795521957,
    "j": 90.60658082764212,
    "ma20": 184.46974868774413,
    "ma120": 177.6070775349935,
    "ma240": 151.37181304295856,
    "golden_cross": false,
    "death_cross": false,
    "top_divergence": false,
    "bottom_divergence": false
  },
  "msft": {
    "close": 483.1600036621094,
    "change_percent": 0.48249050451045666,
    "pe": 34.36415,
    "rsi": 42.323456155820224,
    "k": 57.68298161009447,
    "d": 52.03730473124064,
    "j": 68.97433536780213,
    "ma20": 490.6788803100586,
    "ma120": 506.22792358398436,
    "ma240": 460.35331738789876,
    "golden_cross": false,
    "death_cross": false,
    "top_divergence": false,
    "bottom_divergence": false
  },
  "goog": {
    "close": 322.0899963378906,
    "change_percent": 1.1620909950767775,
    "pe": 31.733006,
    "rsi": 70.5269624488126,
    "k": 71.7715739530231,
    "d": 74.77183470762333,
    "j": 65.77105244382261,
    "ma20": 301.67449951171875,
    "ma120": 233.5479300181071,
    "ma240": 204.21450684865314,
    "golden_cross": false,
    "death_cross": false,
    "top_divergence": false,
    "bottom_divergence": false
  },
  "tsla": {
    "close": 455.0,
    "change_percent": 0.10340378456105828,
    "pe": 311.64383,
    "rsi": 61.0108128304954,
    "k": 92.19799741712905,
    "d": 84.66012428480123,
    "j": 107.27374368178468,
    "ma20": 423.06849975585936,
    "ma120": 379.78649953206383,
    "ma240": 351.35804144541424,
    "golden_cross": false,
    "death_cross": false,
    "top_divergence": false,
    "bottom_divergence": false
  },
  "smh": {
    "close": 364.4200134277344,
    "change_percent": 0.7798692689765784,
    "pe": 40.619125,
    "rsi": 61.18750420864904,
    "k": 91.11419298002409,
    "d": 85.00056207407384,
    "j": 103.34145479192458,
    "ma20": 347.4725006103516,
    "ma120": 314.2210828145345,
    "ma240": 274.0206204732259,
    "golden_cross": false,
    "death_cross": false,
    "top_divergence": false,
    "bottom_divergence": false
  },
  "aapl": {
    "close": 278.7799987792969,
    "change_percent": -0.684009028940926,
    "pe": 37.319946,
    "rsi": 59.505900562690606,
    "k": 67.02202682978842,
    "d": 74.46494657287263,
    "j": 52.13618734361998,
    "ma20": 274.7565002441406,
    "ma120": 239.54529876708983,
    "ma240": 229.40108896891277,
    "golden_cross": false,
    "death_cross": true,
    "top_divergence": false,
    "bottom_divergence": false
  },
  "amzn": {
    "close": 229.52999877929688,
    "change_percent": 0.18331725713693542,
    "pe": 32.465347,
    "rsi": 48.18640435056919,
    "k": 59.70530886412267,
    "d": 62.32255397127032,
    "j": 54.470818649827365,
    "ma20": 232.5985008239746,
    "ma120": 226.45450032552083,
    "ma240": 217.10120862325033,
    "golden_cross": false,
    "death_cross": true,
    "top_divergence": false,
    "bottom_divergence": false
  },
  "meta": {
    "close": 673.4199829101562,
    "change_percent": 1.7973414791039506,
    "pe": 29.757843,
    "rsi": 59.84552591279449,
    "k": 89.76598126669899,
    "d": 83.71252883218605,
    "j": 101.87288613572485,
    "ma20": 623.7840026855469,
    "ma120": 712.8383483886719,
    "ma240": 667.5123381296794,
    "golden_cross": false,
    "death_cross": false,
    "top_divergence": false,
    "bottom_divergence": false
  },
  "btc": {
    "close": 89705.9140625,
    "change_percent": 0.3559282140932155,
    "pe": null,
    "rsi": 42.98276485604428,
    "k": 65.54471657959166,
    "d": 68.71342163612093,
    "j": 59.20730646653314,
    "ma20": 89585.055078125,
    "ma120": 108365.16809895834,
    "ma240": 106940.4697265625,
    "golden_cross": false,
    "death_cross": false,
    "top_divergence": false,
    "bottom_divergence": false
  },
  "gld": {
    "close": 386.44000244140625,
    "change_percent": -0.17823532991588176,
    "pe": null,
    "rsi": 60.368659721771564,
    "k": 77.23228953859396,
    "d": 77.44532438544884,
    "j": 76.8062198448842,
    "ma20": 380.50899810791014,
    "ma120": 340.1891660054525,
    "ma240": 309.9421246210734,
    "golden_cross": false,
    "death_cross": true,
    "top_divergence": false,
    "bottom_divergence": false
  }
}