{
  "twii": {
    "close": 31408.69921875,
    "change_percent": 1.9412784151040852,
    "pe": null,
    "rsi": 78.7831071686824,
    "k": 92.00016232494218,
    "d": 91.40718156926067,
    "j": 93.18612383630523,
    "ma20": 29529.315625,
    "ma120": 26683.28904622396,
    "ma240": 24270.253336588543,
    "golden_cross": true,
    "death_cross": false,
    "top_divergence": false,
    "bottom_divergence": false
  },
  "tsmc": {
    "close": 1740.0,
    "change_percent": 2.9585798816568047,
    "pe": 26.26415,
    "rsi": 75.20027790138919,
    "k": 86.6659443562798,
    "d": 88.48970948484211,
    "j": 83.01841409915517,
    "ma20": 1598.0,
    "ma120": 1371.2033406575522,
    "ma240": 1182.3042551676433,
    "golden_cross": false,
    "death_cross": false,
    "top_divergence": false,
    "bottom_divergence": false
  },
  "etf0050": {
    "close": 72.0,
    "change_percent": 1.9108258244362428,
    "pe": 25.529879,
    "rsi": 80.98468653237073,
    "k": 91.84712570763966,
    "d": 91.70984542889613,
    "j": 92.12168626512675,
    "ma20": 67.34249973297119,
    "ma120": 59.71583337783814,
    "ma240": 52.728765408198036,
    "golden_cross": true,
    "death_cross": false,
    "top_divergence": false,
    "bottom_divergence": false
  },
  "etf00631l": {
    "close": 427.3500061035156,
    "change_percent": 3.1374441434790894,
    "pe": null,
    "rsi": 82.73394187308749,
    "k": 92.75922000057923,
    "d": 92.16504694477689,
    "j": 93.94756611218389,
    "ma20": 379.88000030517577,
    "ma120": 313.8566660563151,
    "ma240": 260.3145828882853,
    "golden_cross": true,
    "death_cross": false,
    "top_divergence": false,
    "bottom_divergence": false
  },
  "etf00675l": {
    "close": 169.8000030517578,
    "change_percent": 3.3160917224484403,
    "pe": null,
    "rsi": 83.03487158892685,
    "k": 93.57410237823082,
    "d": 92.47283282426481,
    "j": 95.77664148616284,
    "ma20": 150.76500091552734,
    "ma120": 124.68791694641114,
    "ma240": 103.52750012079875,
    "golden_cross": true,
    "death_cross": false,
    "top_divergence": false,
    "bottom_divergence": false
  },
  "nasdaq": {
    "close": 23530.01953125,
    "change_percent": 0.24825388498940212,
    "pe": null,
    "rsi": 53.04086359891396,
    "k": 61.89783602206916,
    "d": 69.24047221908954,
    "j": 47.21256362802839,
    "ma20": 23434.98037109375,
    "ma120": 22631.05322265625,
    "ma240": 20706.06435546875,
    "golden_cross": false,
    "death_cross": false,
    "top_divergence": true,
    "bottom_divergence": false
  },
  "tqqq": {
    "close": 54.380001068115234,
    "change_percent": 1.0217336398886219,
    "pe": 34.257294,
    "rsi": 50.6605049445285,
    "k": 60.98917975951117,
    "d": 67.71344852084154,
    "j": 47.54064223685043,
    "ma20": 54.051887321472165,
    "ma120": 51.06257759730021,
    "ma240": 42.88196660677592,
    "golden_cross": false,
    "death_cross": false,
    "top_divergence": true,
    "bottom_divergence": false
  },
  "qld": {
    "close": 71.94000244140625,
    "change_percent": 0.6294650875416754,
    "pe": 33.94298,
    "rsi": 51.14531149200297,
    "k": 61.74895145653615,
    "d": 68.53292558644372,
    "j": 48.18100319672101,
    "ma20": 71.59141159057617,
    "ma120": 68.31599248250326,
    "ma240": 59.77051800092061,
    "golden_cross": false,
    "death_cross": false,
    "top_divergence": true,
    "bottom_divergence": false
  },
  "nvda": {
    "close": 187.0500030517578,
    "change_percent": 2.134980711554146,
    "pe": 46.299507,
    "rsi": 53.18642737122218,
    "k": 32.00222867704333,
    "d": 31.737462971585902,
    "j": 32.53176008795818,
    "ma20": 185.22650070190429,
    "ma120": 182.86271222432455,
    "ma240": 156.75529476801555,
    "golden_cross": true,
    "death_cross": false,
    "top_divergence": false,
    "bottom_divergence": false
  },
  "msft": {
    "close": 456.6600036621094,
    "change_percent": -0.5921026583203148,
    "pe": 32.45629,
    "rsi": 30.06082157124297,
    "k": 18.494731690493495,
    "d": 31.802856708667424,
    "j": -8.121518345854362,
    "ma20": 479.0385025024414,
    "ma120": 502.4053380330404,
    "ma240": 466.37949129740394,
    "golden_cross": false,
    "death_cross": false,
    "top_divergence": false,
    "bottom_divergence": false
  },
  "goog": {
    "close": 333.1600036621094,
    "change_percent": -0.9366340338828512,
    "pe": 32.88845,
    "rsi": 67.79443465791601,
    "k": 79.19869359394838,
    "d": 78.7022309216967,
    "j": 80.19161893845174,
    "ma20": 318.70999908447266,
    "ma120": 264.3284233093262,
    "ma240": 217.79703623453776,
    "golden_cross": false,
    "death_cross": false,
    "top_divergence": false,
    "bottom_divergence": false
  },
  "tsla": {
    "close": 438.57000732421875,
    "change_percent": -0.14344373071545513,
    "pe": 302.46207,
    "rsi": 44.869075536246214,
    "k": 44.93923342478803,
    "d": 39.675453169857114,
    "j": 55.46679393464986,
    "ma20": 456.9675033569336,
    "ma120": 411.0082506815592,
    "ma240": 356.4631669998169,
    "golden_cross": false,
    "death_cross": false,
    "top_divergence": false,
    "bottom_divergence": false
  },
  "smh": {
    "close": 396.4100036621094,
    "change_percent": 2.0754467444105917,
    "pe": 44.171005,
    "rsi": 68.12519908944341,
    "k": 79.48255741318803,
    "d": 82.45628906892003,
    "j": 73.53509410172404,
    "ma20": 371.9352767944336,
    "ma120": 333.4016866048177,
    "ma240": 286.6713762283325,
    "golden_cross": false,
    "death_cross": false,
    "top_divergence": false,
    "bottom_divergence": false
  },
  "aapl": {
    "close": 258.2099914550781,
    "change_percent": -0.6731805114335855,
    "pe": 34.6126,
    "rsi": 28.43935320707708,
    "k": 18.371095791544825,
    "d": 19.585564181954886,
    "j": 15.942159010724701,
    "ma20": 267.288996887207,
    "ma120": 253.59843660990398,
    "ma240": 232.8881373087565,
    "golden_cross": false,
    "death_cross": false,
    "top_divergence": false,
    "bottom_divergence": false
  },
  "amzn": {
    "close": 238.17999267578125,
    "change_percent": 0.6465239039753063,
    "pe": 33.688824,
    "rsi": 53.82830972106668,
    "k": 65.15057804936012,
    "d": 75.06111166971226,
    "j": 45.32951080865584,
    "ma20": 234.79449996948242,
    "ma120": 228.9842498779297,
    "ma240": 217.7395834604899,
    "golden_cross": false,
    "death_cross": false,
    "top_divergence": false,
    "bottom_divergence": false
  },
  "meta": {
    "close": 620.7999877929688,
    "change_percent": 0.857806097962454,
    "pe": 27.469025,
    "rsi": 37.17638105338579,
    "k": 16.500177661186246,
    "d": 24.56002844566335,
    "j": 0.38047609223204404,
    "ma20": 652.0869995117188,
    "ma120": 698.7871917724609,
    "ma240": 670.5581352233887,
    "golden_cross": false,
    "death_cross": false,
    "top_divergence": false,
    "bottom_divergence": false
  },
  "btc": {
    "close": 95597.328125,
    "change_percent": 0.04828890797406364,
    "pe": null,
    "rsi": 64.03130767172617,
    "k": 70.91340822038885,
    "d": 64.60853986927229,
    "j": 83.52314492262195,
    "ma20": 91393.64453125,
    "ma120": 100102.63313802083,
    "ma240": 106003.666015625,
    "golden_cross": false,
    "death_cross": false,
    "top_divergence": false,
    "bottom_divergence": false
  },
  "gld": {
    "close": 423.3299865722656,
    "change_percent": -0.6127660830587678,
    "pe": null,
    "rsi": 67.42599372248101,
    "k": 84.68137832169981,
    "d": 78.28787771901489,
    "j": 97.46837952706966,
    "ma20": 409.48800201416014,
    "ma120": 361.92299931844076,
    "ma240": 327.57445793151857,
    "golden_cross": false,
    "death_cross": false,
    "top_divergence": false,
    "bottom_divergence": false
  }
}