{
  "twii": {
    "close": 27626.48046875,
    "change_percent": 0.2611228488056956,
    "pe": null,
    "rsi": 54.426121452430564,
    "k": 65.00255661082383,
    "d": 44.59122602341439,
    "j": 105.8252177856427,
    "ma20": 27463.67431640625,
    "ma120": 24945.657470703125,
    "ma240": 23472.63271484375,
    "golden_cross": false,
    "death_cross": false,
    "top_divergence": false,
    "bottom_divergence": false
  },
  "tsmc": {
    "close": 1440.0,
    "change_percent": 0.34843205574912894,
    "pe": 23.77807,
    "rsi": 51.697926756703495,
    "k": 58.92947564733528,
    "d": 42.05818301010521,
    "j": 92.67206092179543,
    "ma20": 1444.75,
    "ma120": 1245.8932261149089,
    "ma240": 1120.486771138509,
    "golden_cross": false,
    "death_cross": false,
    "top_divergence": false,
    "bottom_divergence": false
  },
  "etf0050": {
    "close": 62.349998474121094,
    "change_percent": 0.7269740503222033,
    "pe": 22.108164,
    "rsi": 54.18678799967618,
    "k": 68.15855536416713,
    "d": 45.35759012164629,
    "j": 113.76048584920882,
    "ma20": 62.04000015258789,
    "ma120": 55.00709079106649,
    "ma240": 50.3580105304718,
    "golden_cross": false,
    "death_cross": false,
    "top_divergence": false,
    "bottom_divergence": false
  },
  "etf00631l": {
    "close": 336.6000061035156,
    "change_percent": 1.4619460749105124,
    "pe": null,
    "rsi": 54.876413894771424,
    "k": 69.85696964773697,
    "d": 48.24093722141791,
    "j": 113.0890345003751,
    "ma20": 330.92999877929685,
    "ma120": 273.76999944051107,
    "ma240": 243.42833302815754,
    "golden_cross": false,
    "death_cross": false,
    "top_divergence": false,
    "bottom_divergence": false
  },
  "etf00675l": {
    "close": 133.60000610351562,
    "change_percent": 1.5583451191188853,
    "pe": null,
    "rsi": 54.807439744689276,
    "k": 69.29583649474435,
    "d": 47.67902578756259,
    "j": 112.52945790910788,
    "ma20": 131.36750144958495,
    "ma120": 108.84624996185303,
    "ma240": 96.88958317438761,
    "golden_cross": false,
    "death_cross": false,
    "top_divergence": false,
    "bottom_divergence": false
  },
  "nasdaq": {
    "close": 23214.689453125,
    "change_percent": 0.8212584809258584,
    "pe": null,
    "rsi": 54.47027613583717,
    "k": 64.73860488414279,
    "d": 45.33107711738771,
    "j": 103.55366041765296,
    "ma20": 23069.46220703125,
    "ma120": 21766.449869791668,
    "ma240": 20185.48409830729,
    "golden_cross": false,
    "death_cross": false,
    "top_divergence": false,
    "bottom_divergence": false
  },
  "tqqq": {
    "close": 53.369998931884766,
    "change_percent": 2.6148830114237755,
    "pe": 17.472946,
    "rsi": 52.020895601488036,
    "k": 59.92577958598817,
    "d": 41.11720853912861,
    "j": 97.54292167970729,
    "ma20": 53.34500007629394,
    "ma120": 47.32922147115072,
    "ma240": 41.15734511216481,
    "golden_cross": false,
    "death_cross": false,
    "top_divergence": false,
    "bottom_divergence": false
  },
  "qld": {
    "close": 70.73999786376953,
    "change_percent": 1.7695233631678395,
    "pe": 17.44678,
    "rsi": 52.70359464946732,
    "k": 61.11913881264318,
    "d": 42.23407338428119,
    "j": 98.88926966936717,
    "ma20": 70.49100036621094,
    "ma120": 64.53017292022705,
    "ma240": 57.61189161936442,
    "golden_cross": false,
    "death_cross": false,
    "top_divergence": false,
    "bottom_divergence": false
  },
  "nvda": {
    "close": 180.25999450683594,
    "change_percent": 1.3721668440651706,
    "pe": 44.618813,
    "rsi": 44.01951137061724,
    "k": 33.62822681685451,
    "d": 30.78318372767023,
    "j": 39.31831299522306,
    "ma20": 190.00300216674805,
    "ma120": 175.76055882771809,
    "ma240": 150.17031014760335,
    "golden_cross": false,
    "death_cross": false,
    "top_divergence": false,
    "bottom_divergence": false
  },
  "msft": {
    "close": 485.5,
    "change_percent": 1.7841065724342557,
    "pe": 34.481533,
    "rsi": 40.371878720522595,
    "k": 28.334206810998417,
    "d": 25.272319128514663,
    "j": 34.45798217596593,
    "ma20": 498.82676696777344,
    "ma120": 505.634504699707,
    "ma240": 459.30004539489744,
    "golden_cross": true,
    "death_cross": false,
    "top_divergence": false,
    "bottom_divergence": false
  },
  "goog": {
    "close": 320.2799987792969,
    "change_percent": -1.0381954384690444,
    "pe": 31.648222,
    "rsi": 73.89735126387733,
    "k": 82.12577255203169,
    "d": 74.15699053853945,
    "j": 98.06333657901618,
    "ma20": 290.8559997558594,
    "ma120": 226.4971548716227,
    "ma240": 201.0646530151367,
    "golden_cross": false,
    "death_cross": false,
    "top_divergence": false,
    "bottom_divergence": false
  },
  "tsla": {
    "close": 426.5799865722656,
    "change_percent": 1.711967758767637,
    "pe": 294.19308,
    "rsi": 51.26531323696485,
    "k": 64.15408928777872,
    "d": 44.590563064750725,
    "j": 103.28114173383469,
    "ma20": 426.64100036621096,
    "ma120": 373.8600824991862,
    "ma240": 351.47341645558674,
    "golden_cross": false,
    "death_cross": false,
    "top_divergence": false,
    "bottom_divergence": false
  },
  "smh": {
    "close": 347.7099914550781,
    "change_percent": 2.264633824974994,
    "pe": 38.756588,
    "rsi": 52.982919706359475,
    "k": 60.61824453255852,
    "d": 43.194308579277646,
    "j": 95.46611643912027,
    "ma20": 347.5295013427734,
    "ma120": 309.2991661071777,
    "ma240": 271.1679239908854,
    "golden_cross": false,
    "death_cross": false,
    "top_divergence": false,
    "bottom_divergence": false
  },
  "aapl": {
    "close": 277.54998779296875,
    "change_percent": 0.2094041122538262,
    "pe": 37.15529,
    "rsi": 66.95227128565257,
    "k": 68.04434068580201,
    "d": 55.09168876740208,
    "j": 93.94964452260187,
    "ma20": 271.1280151367188,
    "ma120": 235.40100860595703,
    "ma240": 228.5674778620402,
    "golden_cross": false,
    "death_cross": false,
    "top_divergence": false,
    "bottom_divergence": false
  },
  "amzn": {
    "close": 229.16000366210938,
    "change_percent": -0.2220553450175871,
    "pe": 32.367233,
    "rsi": 48.63429083891748,
    "k": 39.35210959105538,
    "d": 27.78686134666849,
    "j": 62.48260607982916,
    "ma20": 236.15350036621095,
    "ma120": 225.5935836791992,
    "ma240": 216.98362522125245,
    "golden_cross": false,
    "death_cross": false,
    "top_divergence": false,
    "bottom_divergence": false
  },
  "meta": {
    "close": 633.6099853515625,
    "change_percent": -0.41023316961868517,
    "pe": 28.011051,
    "rsi": 46.22777104834256,
    "k": 68.56715648608272,
    "d": 46.77285572687033,
    "j": 112.1557580045075,
    "ma20": 619.9975036621094,
    "ma120": 714.9467193603516,
    "ma240": 666.5436321258545,
    "golden_cross": false,
    "death_cross": false,
    "top_divergence": false,
    "bottom_divergence": true
  },
  "btc": {
    "close": 91405.2578125,
    "change_percent": 0.13132751275875243,
    "pe": null,
    "rsi": 41.400507005835394,
    "k": 69.78226632777702,
    "d": 52.03794451753777,
    "j": 105.27090994825554,
    "ma20": 93385.22734375,
    "ma120": 109992.64036458333,
    "ma240": 106620.3794921875,
    "golden_cross": false,
    "death_cross": false,
    "top_divergence": false,
    "bottom_divergence": false
  },
  "gld": {
    "close": 383.1199951171875,
    "change_percent": 0.7998338908444131,
    "pe": null,
    "rsi": 59.97114160706762,
    "k": 65.09642317006339,
    "d": 53.60832510415557,
    "j": 88.07261930187903,
    "ma20": 374.33949890136716,
    "ma120": 336.32791595458986,
    "ma240": 306.33349959055585,
    "golden_cross": false,
    "death_cross": false,
    "top_divergence": false,
    "bottom_divergence": false
  }
}