{
  "twii": {
    "close": 30435.470703125,
    "change_percent": -0.46058572988449875,
    "pe": null,
    "rsi": 75.96645922691178,
    "k": 94.34698618142755,
    "d": 90.81220109352142,
    "j": 101.41655635723981,
    "ma20": 28561.805078125,
    "ma120": 26245.581640625,
    "ma240": 24042.983959960937,
    "golden_cross": false,
    "death_cross": false,
    "top_divergence": false,
    "bottom_divergence": false
  },
  "tsmc": {
    "close": 1675.0,
    "change_percent": -1.7595307917888565,
    "pe": 27.594728,
    "rsi": 73.66110504452648,
    "k": 92.04467443041422,
    "d": 90.11774238471679,
    "j": 95.89853852180909,
    "ma20": 1514.7541564941407,
    "ma120": 1337.7618347167968,
    "ma240": 1164.1652381896972,
    "golden_cross": false,
    "death_cross": false,
    "top_divergence": false,
    "bottom_divergence": false
  },
  "etf0050": {
    "close": 69.8499984741211,
    "change_percent": -0.7812543179500251,
    "pe": 24.767527,
    "rsi": 77.52705958794742,
    "k": 93.60639495324254,
    "d": 90.63347601378537,
    "j": 99.55223283215688,
    "ma20": 64.69250011444092,
    "ma120": 58.55110508600871,
    "ma240": 52.08047113418579,
    "golden_cross": false,
    "death_cross": false,
    "top_divergence": false,
    "bottom_divergence": false
  },
  "etf00631l": {
    "close": 401.70001220703125,
    "change_percent": -0.64308079753613,
    "pe": null,
    "rsi": 76.9295903086435,
    "k": 94.71206659524583,
    "d": 91.6612316698746,
    "j": 100.81373644598833,
    "ma20": 355.8299987792969,
    "ma120": 303.67749926249184,
    "ma240": 255.24812456766765,
    "golden_cross": false,
    "death_cross": false,
    "top_divergence": false,
    "bottom_divergence": false
  },
  "etf00675l": {
    "close": 159.39999389648438,
    "change_percent": -0.6853620582651869,
    "pe": null,
    "rsi": 77.1294158063886,
    "k": 94.59855193356078,
    "d": 91.5487249736803,
    "j": 100.69820585332178,
    "ma20": 141.20750045776367,
    "ma120": 120.66291681925456,
    "ma240": 101.52791665395101,
    "golden_cross": false,
    "death_cross": false,
    "top_divergence": false,
    "bottom_divergence": false
  },
  "nasdaq": {
    "close": 23547.169921875,
    "change_percent": 0.6469087527319417,
    "pe": null,
    "rsi": 56.09740961472659,
    "k": 60.80405215716442,
    "d": 60.91795994017536,
    "j": 60.576236591142546,
    "ma20": 23362.64306640625,
    "ma120": 22478.163916015626,
    "ma240": 20592.913199869792,
    "golden_cross": false,
    "death_cross": false,
    "top_divergence": false,
    "bottom_divergence": false
  },
  "tqqq": {
    "close": 55.0099983215332,
    "change_percent": 2.6305968051340134,
    "pe": 34.388596,
    "rsi": 54.5912700561174,
    "k": 59.71959407525038,
    "d": 58.24999375143048,
    "j": 62.65879472289018,
    "ma20": 53.868047904968265,
    "ma120": 50.40659942626953,
    "ma240": 42.48708716233571,
    "golden_cross": true,
    "death_cross": false,
    "top_divergence": false,
    "bottom_divergence": false
  },
  "qld": {
    "close": 72.45999908447266,
    "change_percent": 1.7696659975230185,
    "pe": 34.39224,
    "rsi": 55.11154362615607,
    "k": 60.749343497328496,
    "d": 59.183786224225635,
    "j": 63.88045804353423,
    "ma20": 71.35892181396484,
    "ma120": 67.65316273371378,
    "ma240": 59.29741166432699,
    "golden_cross": true,
    "death_cross": false,
    "top_divergence": false,
    "bottom_divergence": false
  },
  "nvda": {
    "close": 187.24000549316406,
    "change_percent": -0.4677810157688217,
    "pe": 46.346535,
    "rsi": 53.70506931337265,
    "k": 58.7770974174571,
    "d": 68.32150553883005,
    "j": 39.68828117471119,
    "ma20": 183.44200057983397,
    "ma120": 182.04400672912598,
    "ma240": 155.11142950057985,
    "golden_cross": false,
    "death_cross": false,
    "top_divergence": false,
    "bottom_divergence": false
  },
  "msft": {
    "close": 478.510009765625,
    "change_percent": 1.1969976925135737,
    "pe": 34.00924,
    "rsi": 43.85338808696448,
    "k": 41.9204912615737,
    "d": 52.85224646303691,
    "j": 20.05698085864728,
    "ma20": 482.54150238037107,
    "ma120": 504.4910168965658,
    "ma240": 465.20392049153645,
    "golden_cross": false,
    "death_cross": false,
    "top_divergence": false,
    "bottom_divergence": false
  },
  "goog": {
    "close": 314.54998779296875,
    "change_percent": -0.8729419725557231,
    "pe": 31.05133,
    "rsi": 56.315281505981496,
    "k": 58.15710674798958,
    "d": 67.83298691998672,
    "j": 38.80534640399529,
    "ma20": 312.6229995727539,
    "ma120": 256.11527214050295,
    "ma240": 213.94745229085285,
    "golden_cross": false,
    "death_cross": false,
    "top_divergence": false,
    "bottom_divergence": false
  },
  "tsla": {
    "close": 432.9599914550781,
    "change_percent": -4.1424095947095205,
    "pe": 302.76923,
    "rsi": 41.95465047031935,
    "k": 14.200221586514683,
    "d": 22.73640040751725,
    "j": -2.872136055490458,
    "ma20": 463.0220031738281,
    "ma120": 404.1535001118978,
    "ma240": 355.3049585342407,
    "golden_cross": false,
    "death_cross": false,
    "top_divergence": false,
    "bottom_divergence": false
  },
  "smh": {
    "close": 387.6199951171875,
    "change_percent": 2.656320049941529,
    "pe": 43.750217,
    "rsi": 68.98372795620948,
    "k": 84.47393043480402,
    "d": 79.77508460928851,
    "j": 93.87162208583504,
    "ma20": 362.6075973510742,
    "ma120": 327.51305872599283,
    "ma240": 282.53560301462807,
    "golden_cross": false,
    "death_cross": false,
    "top_divergence": false,
    "bottom_divergence": false
  },
  "aapl": {
    "close": 262.3599853515625,
    "change_percent": -1.8334297070330876,
    "pe": 35.216106,
    "rsi": 29.935995466438726,
    "k": 23.161679262129745,
    "d": 37.27001327022534,
    "j": -5.054988754061455,
    "ma20": 273.32249755859374,
    "ma120": 250.8361853281657,
    "ma240": 232.06302242279054,
    "golden_cross": false,
    "death_cross": false,
    "top_divergence": false,
    "bottom_divergence": false
  },
  "amzn": {
    "close": 240.92999267578125,
    "change_percent": 3.376810778181228,
    "pe": 34.02966,
    "rsi": 63.568510235554044,
    "k": 73.90086185341775,
    "d": 71.98852552048572,
    "j": 77.72553451928181,
    "ma20": 229.24599990844726,
    "ma120": 228.14766667683918,
    "ma240": 217.54833348592123,
    "golden_cross": true,
    "death_cross": false,
    "top_divergence": false,
    "bottom_divergence": false
  },
  "meta": {
    "close": 660.6199951171875,
    "change_percent": 0.27778459765333485,
    "pe": 29.243914,
    "rsi": 52.57344510573076,
    "k": 48.38406746502019,
    "d": 45.02555701928142,
    "j": 55.10108835649771,
    "ma20": 657.8687316894532,
    "ma120": 702.9534301757812,
    "ma240": 671.3870836893717,
    "golden_cross": true,
    "death_cross": false,
    "top_divergence": false,
    "bottom_divergence": false
  },
  "btc": {
    "close": 92723.4375,
    "change_percent": -1.0728732993279497,
    "pe": null,
    "rsi": 60.171548812651,
    "k": 80.14828249460322,
    "d": 75.22991836491836,
    "j": 89.98501075397294,
    "ma20": 89143.237890625,
    "ma120": 101826.67350260417,
    "ma240": 106465.01611328125,
    "golden_cross": false,
    "death_cross": false,
    "top_divergence": false,
    "bottom_divergence": false
  },
  "gld": {
    "close": 413.17999267578125,
    "change_percent": 1.0813149047262676,
    "pe": null,
    "rsi": 65.23818020774004,
    "k": 50.76570602040417,
    "d": 46.67901726917481,
    "j": 58.93908352286289,
    "ma20": 400.18400115966796,
    "ma120": 355.6458325703939,
    "ma240": 322.82604115804037,
    "golden_cross": true,
    "death_cross": false,
    "top_divergence": false,
    "bottom_divergence": false
  }
}