{
  "twii": {
    "close": 28149.640625,
    "change_percent": 1.636645341419161,
    "pe": null,
    "rsi": 57.165336315222895,
    "k": 39.78545179598427,
    "d": 39.18512606727509,
    "j": 40.98610325340263,
    "ma20": 27766.61630859375,
    "ma120": 25694.454036458334,
    "ma240": 23791.958658854168,
    "golden_cross": true,
    "death_cross": false,
    "top_divergence": false,
    "bottom_divergence": false
  },
  "tsmc": {
    "close": 1465.0,
    "change_percent": 2.4475524475524475,
    "pe": 24.162954,
    "rsi": 54.428196439210296,
    "k": 31.281546278986006,
    "d": 34.484970026453595,
    "j": 24.87469878405082,
    "ma20": 1446.8588134765625,
    "ma120": 1296.7666564941405,
    "ma240": 1143.4742182413736,
    "golden_cross": false,
    "death_cross": false,
    "top_divergence": false,
    "bottom_divergence": false
  },
  "etf0050": {
    "close": 63.400001525878906,
    "change_percent": 1.44000244140625,
    "pe": 22.480476,
    "rsi": 57.02192086063226,
    "k": 39.90530919695089,
    "d": 40.02702924101885,
    "j": 39.661869108814955,
    "ma20": 62.46500015258789,
    "ma120": 57.07506097157796,
    "ma240": 51.339864842096965,
    "golden_cross": false,
    "death_cross": false,
    "top_divergence": false,
    "bottom_divergence": false
  },
  "etf00631l": {
    "close": 346.6000061035156,
    "change_percent": 3.032108321075046,
    "pe": null,
    "rsi": 57.05071681820208,
    "k": 45.43115447247858,
    "d": 43.217980597507584,
    "j": 49.85750222242059,
    "ma20": 336.47749786376954,
    "ma120": 291.10624910990396,
    "ma240": 249.92708288828533,
    "golden_cross": true,
    "death_cross": false,
    "top_divergence": false,
    "bottom_divergence": false
  },
  "etf00675l": {
    "close": 137.4499969482422,
    "change_percent": 2.9202499493563603,
    "pe": null,
    "rsi": 57.07823944810191,
    "k": 45.28141718370486,
    "d": 43.18601685734258,
    "j": 49.47221783642942,
    "ma20": 133.5050018310547,
    "ma120": 115.69791679382324,
    "ma240": 99.43416662216187,
    "golden_cross": true,
    "death_cross": false,
    "top_divergence": false,
    "bottom_divergence": false
  },
  "nasdaq": {
    "close": 23307.619140625,
    "change_percent": 1.3094630085295709,
    "pe": null,
    "rsi": 52.61360856361589,
    "k": 38.31894225377357,
    "d": 39.51550701787222,
    "j": 35.92581272557628,
    "ma20": 23235.9875,
    "ma120": 22238.082584635416,
    "ma240": 20426.235693359376,
    "golden_cross": false,
    "death_cross": false,
    "top_divergence": false,
    "bottom_divergence": false
  },
  "tqqq": {
    "close": 53.52000045776367,
    "change_percent": 3.90215919574241,
    "pe": 33.45715,
    "rsi": 50.39867842399504,
    "k": 34.37343410783854,
    "d": 36.58486235835459,
    "j": 29.950577606806448,
    "ma20": 53.56749992370605,
    "ma120": 49.46069936752319,
    "ma240": 41.95852681001028,
    "golden_cross": false,
    "death_cross": false,
    "top_divergence": false,
    "bottom_divergence": false
  },
  "qld": {
    "close": 71.05000305175781,
    "change_percent": 2.6141034717382383,
    "pe": 33.723003,
    "rsi": 51.066348370546024,
    "k": 35.48696202628665,
    "d": 37.195001582060364,
    "j": 32.070882914739215,
    "ma20": 70.9435001373291,
    "ma120": 66.64458532333374,
    "ma240": 58.609292602539064,
    "golden_cross": false,
    "death_cross": false,
    "top_divergence": false,
    "bottom_divergence": false
  },
  "nvda": {
    "close": 180.99000549316406,
    "change_percent": 3.9336201490321216,
    "pe": 44.799507,
    "rsi": 49.638925704899464,
    "k": 37.40355406191196,
    "d": 33.29021290519873,
    "j": 45.63023637533843,
    "ma20": 179.6759994506836,
    "ma120": 179.99548199971517,
    "ma240": 153.01844453811646,
    "golden_cross": true,
    "death_cross": false,
    "top_divergence": false,
    "bottom_divergence": false
  },
  "msft": {
    "close": 485.9200134277344,
    "change_percent": 0.4008435053862282,
    "pe": 34.609688,
    "rsi": 48.721203888241135,
    "k": 49.635636558115856,
    "d": 41.41599009771892,
    "j": 66.07492947890972,
    "ma20": 481.9960006713867,
    "ma120": 505.8200492858887,
    "ma240": 462.67147738138834,
    "golden_cross": false,
    "death_cross": false,
    "top_divergence": false,
    "bottom_divergence": true
  },
  "goog": {
    "close": 308.6099853515625,
    "change_percent": 1.5999951774691359,
    "pe": 30.495058,
    "rsi": 54.028465431415626,
    "k": 29.32002739577932,
    "d": 28.40686841567978,
    "j": 31.146345355978397,
    "ma20": 313.8610122680664,
    "ma120": 244.8655164082845,
    "ma240": 208.95599308013917,
    "golden_cross": true,
    "death_cross": false,
    "top_divergence": false,
    "bottom_divergence": false
  },
  "tsla": {
    "close": 481.20001220703125,
    "change_percent": -0.44892792934533776,
    "pe": 334.16666,
    "rsi": 61.836415426019165,
    "k": 77.01617568508257,
    "d": 78.5515197024709,
    "j": 73.94548765030592,
    "ma20": 446.9870010375977,
    "ma120": 391.40341669718424,
    "ma240": 353.0968749364217,
    "golden_cross": false,
    "death_cross": false,
    "top_divergence": true,
    "bottom_divergence": false
  },
  "smh": {
    "close": 356.2300109863281,
    "change_percent": 2.5860362811600073,
    "pe": 40.207268,
    "rsi": 52.1031713266481,
    "k": 31.695095794887138,
    "d": 35.7669186084689,
    "j": 23.551450167723615,
    "ma20": 354.6125,
    "ma120": 321.5608324686686,
    "ma240": 278.59949963887533,
    "golden_cross": false,
    "death_cross": false,
    "top_divergence": false,
    "bottom_divergence": false
  },
  "aapl": {
    "close": 273.6700134277344,
    "change_percent": 0.5437418615868244,
    "pe": 36.63588,
    "rsi": 49.01733340874104,
    "k": 32.83112447769457,
    "d": 27.451013875624607,
    "j": 43.591345681834504,
    "ma20": 277.51399993896484,
    "ma120": 245.78826917012532,
    "ma240": 230.44489866892496,
    "golden_cross": true,
    "death_cross": false,
    "top_divergence": false,
    "bottom_divergence": false
  },
  "amzn": {
    "close": 227.35000610351562,
    "change_percent": 0.26019210221047206,
    "pe": 32.157,
    "rsi": 48.49446096727158,
    "k": 35.689207452927675,
    "d": 28.14415007557287,
    "j": 50.779322207637286,
    "ma20": 228.09400024414063,
    "ma120": 227.39625002543133,
    "ma240": 217.18870855967205,
    "golden_cross": false,
    "death_cross": false,
    "top_divergence": false,
    "bottom_divergence": false
  },
  "meta": {
    "close": 658.77001953125,
    "change_percent": -0.8548412328136825,
    "pe": 29.149115,
    "rsi": 53.46480270802913,
    "k": 28.741207542654397,
    "d": 32.47190585473396,
    "j": 21.279810918495272,
    "ma20": 646.3969604492188,
    "ma120": 707.6269729614257,
    "ma240": 669.2916928609212,
    "golden_cross": false,
    "death_cross": false,
    "top_divergence": false,
    "bottom_divergence": false
  },
  "btc": {
    "close": 89087.9375,
    "change_percent": 0.52604185767038,
    "pe": null,
    "rsi": 47.101863812482634,
    "k": 55.031025268122036,
    "d": 41.06973365498216,
    "j": 82.95360849440178,
    "ma20": 89568.540234375,
    "ma120": 104668.21575520834,
    "ma240": 107042.2619140625,
    "golden_cross": false,
    "death_cross": false,
    "top_divergence": false,
    "bottom_divergence": false
  },
  "gld": {
    "close": 399.0199890136719,
    "change_percent": 0.11289903434381733,
    "pe": null,
    "rsi": 71.06315580998577,
    "k": 80.64242191771682,
    "d": 78.21400130573582,
    "j": 85.4992631416788,
    "ma20": 389.1054992675781,
    "ma120": 347.3726661682129,
    "ma240": 316.2558327992757,
    "golden_cross": false,
    "death_cross": false,
    "top_divergence": false,
    "bottom_divergence": false
  }
}