{
  "twii": {
    "close": 28024.75,
    "change_percent": -1.3238408398111459,
    "pe": null,
    "rsi": 55.883634461773404,
    "k": 79.91698512004272,
    "d": 84.82315627561553,
    "j": 70.1046428088971,
    "ma20": 27471.8802734375,
    "ma120": 25376.056038411458,
    "ma240": 23653.882454427083,
    "golden_cross": false,
    "death_cross": true,
    "top_divergence": false,
    "bottom_divergence": false
  },
  "tsmc": {
    "close": 1470.0,
    "change_percent": -2.0,
    "pe": 24.237427,
    "rsi": 54.78508326878586,
    "k": 79.77864824164905,
    "d": 81.78154701940494,
    "j": 75.77285068613728,
    "ma20": 1433.7159606933594,
    "ma120": 1273.7329711914062,
    "ma240": 1132.0962549845378,
    "golden_cross": false,
    "death_cross": true,
    "top_divergence": false,
    "bottom_divergence": false
  },
  "etf0050": {
    "close": 63.349998474121094,
    "change_percent": -1.092903269764181,
    "pe": 22.462746,
    "rsi": 56.92662299579607,
    "k": 82.62058511945176,
    "d": 85.93045656263882,
    "j": 76.00084223307763,
    "ma20": 61.825,
    "ma120": 56.20247840881348,
    "ma240": 50.9177278359731,
    "golden_cross": false,
    "death_cross": true,
    "top_divergence": false,
    "bottom_divergence": false
  },
  "etf00631l": {
    "close": 343.0,
    "change_percent": -2.2374251010272292,
    "pe": null,
    "rsi": 55.652361025520534,
    "k": 81.56144844522059,
    "d": 85.80493278585136,
    "j": 73.07447976395903,
    "ma20": 329.77249908447266,
    "ma120": 283.7466660817464,
    "ma240": 247.10708300272623,
    "golden_cross": false,
    "death_cross": true,
    "top_divergence": false,
    "bottom_divergence": false
  },
  "etf00675l": {
    "close": 136.10000610351562,
    "change_percent": -2.0863265442333634,
    "pe": null,
    "rsi": 55.74563525352365,
    "k": 80.8570395475379,
    "d": 85.35814779528492,
    "j": 71.85482305204383,
    "ma20": 130.8700023651123,
    "ma120": 112.7891668955485,
    "ma240": 98.3299999554952,
    "golden_cross": false,
    "death_cross": true,
    "top_divergence": false,
    "bottom_divergence": false
  },
  "nasdaq": {
    "close": 23654.150390625,
    "change_percent": 0.32939659583753444,
    "pe": null,
    "rsi": 60.5903665987065,
    "k": 88.43623074999898,
    "d": 87.49452336026877,
    "j": 90.31964552945942,
    "ma20": 23085.75810546875,
    "ma120": 22059.464615885416,
    "ma240": 20323.49493001302,
    "golden_cross": true,
    "death_cross": false,
    "top_divergence": false,
    "bottom_divergence": false
  },
  "tqqq": {
    "close": 56.650001525878906,
    "change_percent": 1.1426588529277855,
    "pe": 35.41382,
    "rsi": 59.042400710393494,
    "k": 86.34247745714444,
    "d": 85.63952660917431,
    "j": 87.74837915308467,
    "ma20": 53.03975009918213,
    "ma120": 48.714206504821775,
    "ma240": 41.625718537966414,
    "golden_cross": true,
    "death_cross": false,
    "top_divergence": false,
    "bottom_divergence": false
  },
  "qld": {
    "close": 73.66000366210938,
    "change_percent": 0.766080984511285,
    "pe": 34.961807,
    "rsi": 59.50947710553716,
    "k": 86.73859390207747,
    "d": 86.05756678493637,
    "j": 88.10064813635967,
    "ma20": 70.37600059509278,
    "ma120": 65.89114802678426,
    "ma240": 58.18881928126017,
    "golden_cross": true,
    "death_cross": false,
    "top_divergence": false,
    "bottom_divergence": false
  },
  "nvda": {
    "close": 183.77999877929688,
    "change_percent": -0.6433488855235281,
    "pe": 45.4901,
    "rsi": 49.002170386146034,
    "k": 72.42560454214981,
    "d": 65.28864427987895,
    "j": 86.69952506669154,
    "ma20": 183.16836395263672,
    "ma120": 178.61456591288248,
    "ma240": 151.9544102668762,
    "golden_cross": false,
    "death_cross": false,
    "top_divergence": false,
    "bottom_divergence": false
  },
  "msft": {
    "close": 478.55999755859375,
    "change_percent": -2.7356594763681663,
    "pe": 34.012794,
    "rsi": 40.80061997754714,
    "k": 57.34438865651582,
    "d": 61.75617043463102,
    "j": 48.52082510028541,
    "ma20": 488.32506408691404,
    "ma120": 506.48587265014646,
    "ma240": 461.0200736999512,
    "golden_cross": false,
    "death_cross": true,
    "top_divergence": false,
    "bottom_divergence": false
  },
  "goog": {
    "close": 321.0,
    "change_percent": 1.0228166797797011,
    "pe": 31.656803,
    "rsi": 66.38971267356447,
    "k": 52.86710979770278,
    "d": 58.40174931725287,
    "j": 41.797830758602615,
    "ma20": 306.0644073486328,
    "ma120": 237.02116572062175,
    "ma240": 205.6186667760213,
    "golden_cross": false,
    "death_cross": false,
    "top_divergence": false,
    "bottom_divergence": false
  },
  "tsla": {
    "close": 451.45001220703125,
    "change_percent": 1.410696720325329,
    "pe": 313.50693,
    "rsi": 58.047508706672076,
    "k": 78.30583907497254,
    "d": 80.66482764287369,
    "j": 73.58786193917024,
    "ma20": 424.1600006103516,
    "ma120": 382.91683298746744,
    "ma240": 351.4507914861043,
    "golden_cross": false,
    "death_cross": false,
    "top_divergence": false,
    "bottom_divergence": false
  },
  "smh": {
    "close": 374.1000061035156,
    "change_percent": 1.3821154752074865,
    "pe": 42.22423,
    "rsi": 66.30733228319802,
    "k": 93.44388320136996,
    "d": 90.65409182682986,
    "j": 99.02346595045017,
    "ma20": 350.15700073242186,
    "ma120": 316.9477495829264,
    "ma240": 275.5598745981852,
    "golden_cross": false,
    "death_cross": false,
    "top_divergence": false,
    "bottom_divergence": false
  },
  "aapl": {
    "close": 278.7799987792969,
    "change_percent": 0.577244442526254,
    "pe": 37.319946,
    "rsi": 58.82123080483635,
    "k": 32.24090826876731,
    "d": 48.69770814465954,
    "j": -0.6726914830171467,
    "ma20": 275.80450134277345,
    "ma120": 241.56093533833823,
    "ma240": 229.6900379180908,
    "golden_cross": false,
    "death_cross": false,
    "top_divergence": false,
    "bottom_divergence": false
  },
  "amzn": {
    "close": 231.77999877929688,
    "change_percent": 1.6935769749745013,
    "pe": 32.783592,
    "rsi": 51.41534164681543,
    "k": 41.25483846218348,
    "d": 47.524750739006976,
    "j": 28.71501390853649,
    "ma20": 229.83250045776367,
    "ma120": 226.8675001780192,
    "ma240": 217.1327086130778,
    "golden_cross": false,
    "death_cross": false,
    "top_divergence": false,
    "bottom_divergence": false
  },
  "meta": {
    "close": 650.1300048828125,
    "change_percent": -1.039639682995509,
    "pe": 28.741379,
    "rsi": 50.502084919844215,
    "k": 63.21875599468537,
    "d": 75.97118908493587,
    "j": 37.71388981418437,
    "ma20": 628.4510009765625,
    "ma120": 712.004514058431,
    "ma240": 668.2840811411539,
    "golden_cross": false,
    "death_cross": false,
    "top_divergence": false,
    "bottom_divergence": false
  },
  "btc": {
    "close": 90135.3828125,
    "change_percent": -2.0490579547913725,
    "pe": null,
    "rsi": 44.50624019991679,
    "k": 58.25486651957988,
    "d": 65.11286144642358,
    "j": 44.538876665892474,
    "ma20": 89946.505859375,
    "ma120": 107176.87486979166,
    "ma240": 107085.76988932291,
    "golden_cross": false,
    "death_cross": true,
    "top_divergence": false,
    "bottom_divergence": false
  },
  "gld": {
    "close": 389.04998779296875,
    "change_percent": 0.4259147967166111,
    "pe": null,
    "rsi": 62.70007030871485,
    "k": 67.70492883890874,
    "d": 70.64193972450556,
    "j": 61.83090706771509,
    "ma20": 382.27449798583984,
    "ma120": 342.10199915568035,
    "ma240": 311.7644995371501,
    "golden_cross": false,
    "death_cross": false,
    "top_divergence": false,
    "bottom_divergence": false
  }
}