{
  "twii": {
    "close": 28556.01953125,
    "change_percent": 0.6486648427758075,
    "pe": null,
    "rsi": 62.272438542280604,
    "k": 75.84763754375743,
    "d": 59.199839834953266,
    "j": 109.14323296136575,
    "ma20": 27934.7279296875,
    "ma120": 25839.456201171874,
    "ma240": 23857.53154296875,
    "golden_cross": false,
    "death_cross": false,
    "top_divergence": false,
    "bottom_divergence": false
  },
  "tsmc": {
    "close": 1510.0,
    "change_percent": 1.0033444816053512,
    "pe": 24.938068,
    "rsi": 61.97314720885685,
    "k": 74.62808342906774,
    "d": 55.65195254365966,
    "j": 112.58034519988391,
    "ma20": 1457.821435546875,
    "ma120": 1307.2564493815105,
    "ma240": 1148.8178756713867,
    "golden_cross": false,
    "death_cross": false,
    "top_divergence": false,
    "bottom_divergence": false
  },
  "etf0050": {
    "close": 64.4000015258789,
    "change_percent": 0.8613986920935214,
    "pe": 22.835058,
    "rsi": 62.28838800977685,
    "k": 68.77147760532785,
    "d": 53.40516909457057,
    "j": 99.5040946268424,
    "ma20": 62.80750026702881,
    "ma120": 57.33560682932536,
    "ma240": 51.47074616750081,
    "golden_cross": false,
    "death_cross": false,
    "top_divergence": false,
    "bottom_divergence": false
  },
  "etf00631l": {
    "close": 354.75,
    "change_percent": 1.6766999730161276,
    "pe": null,
    "rsi": 61.14393821666343,
    "k": 71.65796319035279,
    "d": 56.45642429044396,
    "j": 102.06104099017043,
    "ma20": 339.70749816894534,
    "ma120": 293.30041580200196,
    "ma240": 250.830832862854,
    "golden_cross": false,
    "death_cross": false,
    "top_divergence": false,
    "bottom_divergence": false
  },
  "etf00675l": {
    "close": 140.8000030517578,
    "change_percent": 1.6606520229298285,
    "pe": null,
    "rsi": 61.39970672735531,
    "k": 71.70879208956828,
    "d": 56.441582535903436,
    "j": 102.24321119689796,
    "ma20": 134.80000228881835,
    "ma120": 116.56541690826415,
    "ma240": 99.78875001271565,
    "golden_cross": false,
    "death_cross": false,
    "top_divergence": false,
    "bottom_divergence": false
  },
  "nasdaq": {
    "close": 23613.310546875,
    "change_percent": 0.21844942273747392,
    "pe": null,
    "rsi": 57.92973218242112,
    "k": 76.30365619751333,
    "d": 58.94662455148301,
    "j": 111.01771948957398,
    "ma20": 23357.6525390625,
    "ma120": 22314.726171875,
    "ma240": 20478.209814453126,
    "golden_cross": false,
    "death_cross": false,
    "top_divergence": false,
    "bottom_divergence": false
  },
  "tqqq": {
    "close": 55.36000061035156,
    "change_percent": 0.7938326972725926,
    "pe": 34.607395,
    "rsi": 55.52144043917233,
    "k": 70.85413748050848,
    "d": 53.64386809063075,
    "j": 105.27467626026396,
    "ma20": 54.18948345184326,
    "ma120": 49.71378316879272,
    "ma240": 42.08611261844635,
    "golden_cross": false,
    "death_cross": false,
    "top_divergence": false,
    "bottom_divergence": false
  },
  "qld": {
    "close": 72.7300033569336,
    "change_percent": 0.543297872508729,
    "pe": 34.520393,
    "rsi": 56.073322319086635,
    "k": 72.08026068284349,
    "d": 54.819934308764196,
    "j": 106.60091343100207,
    "ma20": 71.57989540100098,
    "ma120": 66.95326579411825,
    "ma240": 58.81650176048279,
    "golden_cross": false,
    "death_cross": false,
    "top_divergence": false,
    "bottom_divergence": false
  },
  "nvda": {
    "close": 188.61000061035156,
    "change_percent": -0.3171111898024422,
    "pe": 46.685646,
    "rsi": 56.892121917836015,
    "k": 78.30279263265638,
    "d": 59.42488331514118,
    "j": 116.05861126768677,
    "ma20": 180.79050064086914,
    "ma120": 180.7182590484619,
    "ma240": 153.6245438893636,
    "golden_cross": false,
    "death_cross": false,
    "top_divergence": false,
    "bottom_divergence": false
  },
  "msft": {
    "close": 488.0199890136719,
    "change_percent": 0.24031691393416238,
    "pe": 34.73452,
    "rsi": 50.5815688390296,
    "k": 75.29562520212718,
    "d": 60.90117449236468,
    "j": 104.08452662165219,
    "ma20": 483.8300018310547,
    "ma120": 505.63135019938153,
    "ma240": 463.51805877685547,
    "golden_cross": false,
    "death_cross": false,
    "top_divergence": false,
    "bottom_divergence": false
  },
  "goog": {
    "close": 315.6700134277344,
    "change_percent": -0.003161191167767219,
    "pe": 31.161896,
    "rsi": 58.990630790017015,
    "k": 65.79428425983531,
    "d": 47.228857472848254,
    "j": 102.92513783380942,
    "ma20": 313.9377136230469,
    "ma120": 248.2458568572998,
    "ma240": 210.45465927124025,
    "golden_cross": false,
    "death_cross": false,
    "top_divergence": false,
    "bottom_divergence": false
  },
  "tsla": {
    "close": 485.3999938964844,
    "change_percent": -0.032952397832168405,
    "pe": 332.46573,
    "rsi": 62.28142587082432,
    "k": 77.75956465270733,
    "d": 78.30594757739885,
    "j": 76.66679880332427,
    "ma20": 458.55800170898436,
    "ma120": 395.85966669718425,
    "ma240": 354.24541670481364,
    "golden_cross": false,
    "death_cross": false,
    "top_divergence": false,
    "bottom_divergence": false
  },
  "smh": {
    "close": 364.1700134277344,
    "change_percent": 0.27811701603702244,
    "pe": 41.103447,
    "rsi": 57.32384843967774,
    "k": 66.7365687192295,
    "d": 50.952660808071116,
    "j": 98.30438454154626,
    "ma20": 357.7569274902344,
    "ma120": 322.605202738444,
    "ma240": 279.1349541982015,
    "golden_cross": false,
    "death_cross": false,
    "top_divergence": false,
    "bottom_divergence": false
  },
  "aapl": {
    "close": 273.80999755859375,
    "change_percent": 0.5323881205088086,
    "pe": 36.75302,
    "rsi": 50.01209609049327,
    "k": 40.67044991874971,
    "d": 34.21936690797652,
    "j": 53.57261594029609,
    "ma20": 277.15199890136716,
    "ma120": 247.30940310160318,
    "ma240": 230.855855623881,
    "golden_cross": false,
    "death_cross": false,
    "top_divergence": false,
    "bottom_divergence": false
  },
  "amzn": {
    "close": 232.3800048828125,
    "change_percent": 0.10338825441332572,
    "pe": 32.77574,
    "rsi": 55.113301606708475,
    "k": 73.58363596510188,
    "d": 53.552459087153494,
    "j": 113.64598972099864,
    "ma20": 228.9095001220703,
    "ma120": 227.61416664123536,
    "ma240": 217.31275018056235,
    "golden_cross": false,
    "death_cross": false,
    "top_divergence": false,
    "bottom_divergence": false
  },
  "meta": {
    "close": 667.5499877929688,
    "change_percent": 0.39251441362824147,
    "pe": 29.498453,
    "rsi": 56.926602888872715,
    "k": 35.13670485488193,
    "d": 32.957166959524066,
    "j": 39.49578064559765,
    "ma20": 653.9955780029297,
    "ma120": 706.345822652181,
    "ma240": 669.9388487497965,
    "golden_cross": false,
    "death_cross": false,
    "top_divergence": false,
    "bottom_divergence": false
  },
  "btc": {
    "close": 89439.1171875,
    "change_percent": 2.526946196805369,
    "pe": null,
    "rsi": 49.74349676181234,
    "k": 60.568013672877505,
    "d": 51.73940226857726,
    "j": 78.225236481478,
    "ma20": 88907.15703125,
    "ma120": 103879.94928385416,
    "ma240": 106933.41276041667,
    "golden_cross": false,
    "death_cross": false,
    "top_divergence": false,
    "bottom_divergence": false
  },
  "gld": {
    "close": 411.92999267578125,
    "change_percent": -0.4134082564786771,
    "pe": null,
    "rsi": 77.57254313280029,
    "k": 91.24332935563353,
    "d": 86.64785858010003,
    "j": 100.43427090670053,
    "ma20": 394.06800079345703,
    "ma120": 349.95633290608725,
    "ma240": 318.31904118855795,
    "golden_cross": false,
    "death_cross": false,
    "top_divergence": false,
    "bottom_divergence": false
  }
}