{
  "twii": {
    "close": 33773.26171875,
    "change_percent": 0.49857829689010724,
    "pe": null,
    "rsi": 72.95004267314901,
    "k": 79.6733524486493,
    "d": 69.00866333034733,
    "j": 101.00273068525323,
    "ma20": 32204.90830078125,
    "ma120": 28017.14012044271,
    "ma240": 24974.39567871094,
    "golden_cross": false,
    "death_cross": false,
    "top_divergence": false,
    "bottom_divergence": false
  },
  "tsmc": {
    "close": 1900.0,
    "change_percent": -0.7832898172323759,
    "pe": 28.674915,
    "rsi": 71.34716974796062,
    "k": 79.34739375666018,
    "d": 69.56986631933376,
    "j": 98.90244863131304,
    "ma20": 1794.25,
    "ma120": 1473.2110260009765,
    "ma240": 1239.2399681091308,
    "golden_cross": false,
    "death_cross": false,
    "top_divergence": false,
    "bottom_divergence": false
  },
  "etf0050": {
    "close": 77.4000015258789,
    "change_percent": 0.25907329733550305,
    "pe": 26.580622,
    "rsi": 76.02383799290234,
    "k": 81.68386457339716,
    "d": 71.67861552265703,
    "j": 101.69436267487742,
    "ma20": 73.01135177612305,
    "ma120": 62.34452676773071,
    "ma240": 53.975603850682575,
    "golden_cross": false,
    "death_cross": false,
    "top_divergence": false,
    "bottom_divergence": false
  },
  "etf00631l": {
    "close": 486.70001220703125,
    "change_percent": 0.12343264677677313,
    "pe": null,
    "rsi": 70.57724601410554,
    "k": 78.16679308361277,
    "d": 68.9798853033426,
    "j": 96.54060864415311,
    "ma20": 446.7100036621094,
    "ma120": 345.29333343505857,
    "ma240": 276.5304166793823,
    "golden_cross": false,
    "death_cross": false,
    "top_divergence": false,
    "bottom_divergence": false
  },
  "etf00675l": {
    "close": 192.6999969482422,
    "change_percent": 0.20800514307673523,
    "pe": null,
    "rsi": 70.62436078896678,
    "k": 78.23959559946464,
    "d": 69.31799590819149,
    "j": 96.08279498201094,
    "ma20": 177.175,
    "ma120": 137.10708363850912,
    "ma240": 109.91708342234294,
    "golden_cross": false,
    "death_cross": false,
    "top_divergence": false,
    "bottom_divergence": false
  },
  "nasdaq": {
    "close": 22886.0703125,
    "change_percent": 0.8964522328127177,
    "pe": null,
    "rsi": 45.889067642481976,
    "k": 43.56827267668963,
    "d": 36.88541178999979,
    "j": 56.93399445006932,
    "ma20": 23135.0005859375,
    "ma120": 22995.23484700521,
    "ma240": 21093.47541503906,
    "golden_cross": false,
    "death_cross": false,
    "top_divergence": false,
    "bottom_divergence": false
  },
  "tqqq": {
    "close": 50.060001373291016,
    "change_percent": 2.518942240657625,
    "pe": 30.655989,
    "rsi": 45.39185081501242,
    "k": 44.33303211679879,
    "d": 37.29527510506494,
    "j": 58.408546140266495,
    "ma20": 51.81150035858154,
    "ma120": 52.4678516070048,
    "ma240": 44.08484435081482,
    "golden_cross": false,
    "death_cross": false,
    "top_divergence": false,
    "bottom_divergence": false
  },
  "qld": {
    "close": 68.4000015258789,
    "change_percent": 1.7251690942340316,
    "pe": 31.550573,
    "rsi": 46.04457518288695,
    "k": 45.46049650791815,
    "d": 38.39430854320123,
    "j": 59.592872437352,
    "ma20": 69.82800025939942,
    "ma120": 69.84128964742025,
    "ma240": 61.266196219126385,
    "golden_cross": false,
    "death_cross": false,
    "top_divergence": false,
    "bottom_divergence": false
  },
  "nvda": {
    "close": 189.82000732421875,
    "change_percent": 1.021827296488432,
    "pe": 46.98515,
    "rsi": 54.88436649107635,
    "k": 69.58152228510099,
    "d": 66.33918646056767,
    "j": 76.06619393416761,
    "ma20": 186.2150001525879,
    "ma120": 184.14873046875,
    "ma240": 162.6313086191813,
    "golden_cross": false,
    "death_cross": false,
    "top_divergence": false,
    "bottom_divergence": false
  },
  "msft": {
    "close": 397.2300109863281,
    "change_percent": -0.30868355547025267,
    "pe": 24.873512,
    "rsi": 32.35381392327369,
    "k": 18.77668654258271,
    "d": 21.32925026929135,
    "j": 13.671559089165427,
    "ma20": 420.7484664916992,
    "ma120": 483.58684158325195,
    "ma240": 467.74287668863934,
    "golden_cross": false,
    "death_cross": false,
    "top_divergence": false,
    "bottom_divergence": false
  },
  "goog": {
    "close": 314.8999938964844,
    "change_percent": 3.735668872411872,
    "pe": 29.157406,
    "rsi": 45.63531587680327,
    "k": 31.249894414300734,
    "d": 24.328060617646432,
    "j": 45.09356200760933,
    "ma20": 323.9414978027344,
    "ma120": 289.0867150624593,
    "ma240": 231.98459218343098,
    "golden_cross": true,
    "death_cross": false,
    "top_divergence": false,
    "bottom_divergence": false
  },
  "tsla": {
    "close": 411.82000732421875,
    "change_percent": 0.026721690370399693,
    "pe": 384.87848,
    "rsi": 42.84915876717979,
    "k": 42.29305039643473,
    "d": 48.55469100401408,
    "j": 29.769769181276033,
    "ma20": 420.1239990234375,
    "ma120": 429.7229169209798,
    "ma240": 365.85762513478596,
    "golden_cross": false,
    "death_cross": false,
    "top_divergence": false,
    "bottom_divergence": false
  },
  "smh": {
    "close": 415.0299987792969,
    "change_percent": 1.1774710942299758,
    "pe": 44.016987,
    "rsi": 59.84108413541125,
    "k": 74.97333104935814,
    "d": 71.93665117025196,
    "j": 81.04669080757049,
    "ma20": 404.97349853515624,
    "ma120": 355.71523030598956,
    "ma240": 302.9582688013713,
    "golden_cross": false,
    "death_cross": false,
    "top_divergence": false,
    "bottom_divergence": false
  },
  "aapl": {
    "close": 264.5799865722656,
    "change_percent": 1.5350373037534468,
    "pe": 33.4488,
    "rsi": 49.7028361333523,
    "k": 33.2180405551432,
    "d": 39.698063537479484,
    "j": 20.257994590470616,
    "ma20": 264.8956687927246,
    "ma120": 261.5309127807617,
    "ma240": 235.19299233754475,
    "golden_cross": false,
    "death_cross": false,
    "top_divergence": false,
    "bottom_divergence": false
  },
  "amzn": {
    "close": 210.11000061035156,
    "change_percent": 2.5627257563010657,
    "pe": 29.344973,
    "rsi": 39.33590460380005,
    "k": 47.04785322253966,
    "d": 29.012768749692487,
    "j": 83.118022168234,
    "ma20": 221.64700012207032,
    "ma120": 228.58024991353352,
    "ma240": 217.99145844777425,
    "golden_cross": false,
    "death_cross": false,
    "top_divergence": false,
    "bottom_divergence": false
  },
  "meta": {
    "close": 655.6599731445312,
    "change_percent": 1.6873884663457552,
    "pe": 27.936089,
    "rsi": 48.802647655185346,
    "k": 32.319163803994265,
    "d": 25.89139535284317,
    "j": 45.17470070629646,
    "ma20": 670.7779937744141,
    "ma120": 680.2758651733399,
    "ma240": 668.3169058481852,
    "golden_cross": false,
    "death_cross": false,
    "top_divergence": false,
    "bottom_divergence": true
  },
  "btc": {
    "close": 65934.0703125,
    "change_percent": -2.55000864855927,
    "pe": null,
    "rsi": 33.71535211144818,
    "k": 35.21057399927507,
    "d": 40.06268422910906,
    "j": 25.50635353960709,
    "ma20": 68234.4482421875,
    "ma120": 88335.27125651042,
    "ma240": 101369.7674967448,
    "golden_cross": false,
    "death_cross": false,
    "top_divergence": false,
    "bottom_divergence": false
  },
  "gld": {
    "close": 468.6199951171875,
    "change_percent": 1.9714504323102238,
    "pe": null,
    "rsi": 57.370199537842524,
    "k": 72.18320719778777,
    "d": 62.10164358753003,
    "j": 92.34633441830324,
    "ma20": 460.6335021972656,
    "ma120": 391.54250106811526,
    "ma240": 346.52966664632163,
    "golden_cross": false,
    "death_cross": false,
    "top_divergence": false,
    "bottom_divergence": false
  }
}