{
  "twii": {
    "close": 32771.87109375,
    "change_percent": 2.059926881941494,
    "pe": null,
    "rsi": 49.8230545418865,
    "k": 32.26106290679802,
    "d": 44.339746858626384,
    "j": 8.103695003141283,
    "ma20": 33227.22333984375,
    "ma120": 28837.502001953126,
    "ma240": 25451.85725097656,
    "golden_cross": false,
    "death_cross": false,
    "top_divergence": false,
    "bottom_divergence": false
  },
  "tsmc": {
    "close": 1850.0,
    "change_percent": 2.209944751381215,
    "pe": 27.924528,
    "rsi": 51.44921130343428,
    "k": 29.436479337884055,
    "d": 40.115285106294564,
    "j": 8.07886780106304,
    "ma20": 1869.0,
    "ma120": 1537.0425455729167,
    "ma240": 1277.80437113444,
    "golden_cross": false,
    "death_cross": false,
    "top_divergence": false,
    "bottom_divergence": false
  },
  "etf0050": {
    "close": 75.19999694824219,
    "change_percent": 2.1739110153428576,
    "pe": 25.8251,
    "rsi": 51.20220409264628,
    "k": 33.57512771762069,
    "d": 44.10559357286233,
    "j": 12.5141960071374,
    "ma20": 75.86499938964843,
    "ma120": 64.54061943689982,
    "ma240": 55.32369383176168,
    "golden_cross": false,
    "death_cross": false,
    "top_divergence": false,
    "bottom_divergence": false
  },
  "etf00631l": {
    "close": 449.8500061035156,
    "change_percent": 4.567641408393993,
    "pe": null,
    "rsi": 47.62580026941131,
    "k": 28.278819620265644,
    "d": 40.17355777059254,
    "j": 4.489343319611862,
    "ma20": 471.4200012207031,
    "ma120": 364.83083318074546,
    "ma240": 287.5745833714803,
    "golden_cross": false,
    "death_cross": false,
    "top_divergence": false,
    "bottom_divergence": false
  },
  "etf00675l": {
    "close": 178.4499969482422,
    "change_percent": 4.356723361545138,
    "pe": null,
    "rsi": 47.58156855458899,
    "k": 28.566358408054917,
    "d": 40.343751684789204,
    "j": 5.011571854586336,
    "ma20": 186.9125015258789,
    "ma120": 144.82333374023438,
    "ma240": 114.26541678110759,
    "golden_cross": false,
    "death_cross": false,
    "top_divergence": false,
    "bottom_divergence": false
  },
  "nasdaq": {
    "close": 22695.94921875,
    "change_percent": 1.376960612055389,
    "pe": null,
    "rsi": 46.734912673764754,
    "k": 49.81485774319074,
    "d": 51.26492160406015,
    "j": 46.91473002145193,
    "ma20": 22777.37568359375,
    "ma120": 23081.544075520833,
    "ma240": 21325.79816894531,
    "golden_cross": false,
    "death_cross": false,
    "top_divergence": false,
    "bottom_divergence": false
  },
  "tqqq": {
    "close": 49.38999938964844,
    "change_percent": 3.891456538691092,
    "pe": 33.144863,
    "rsi": 47.32896519641269,
    "k": 53.564858117354746,
    "d": 54.585047487403656,
    "j": 51.52447937725694,
    "ma20": 49.588500022888184,
    "ma120": 52.75789715449015,
    "ma240": 44.95812015533447,
    "golden_cross": false,
    "death_cross": false,
    "top_divergence": false,
    "bottom_divergence": false
  },
  "qld": {
    "close": 67.94000244140625,
    "change_percent": 2.6439038154578745,
    "pe": 33.242336,
    "rsi": 47.93313262322712,
    "k": 54.88309042098691,
    "d": 55.733739776728285,
    "j": 53.181791709504154,
    "ma20": 67.97700004577636,
    "ma120": 70.22748673756918,
    "ma240": 62.2616043249766,
    "golden_cross": false,
    "death_cross": false,
    "top_divergence": false,
    "bottom_divergence": false
  },
  "nvda": {
    "close": 182.64999389648438,
    "change_percent": 2.7162222322143554,
    "pe": 37.27551,
    "rsi": 47.82710611992672,
    "k": 30.909921688081496,
    "d": 35.41560582825914,
    "j": 21.89855340772621,
    "ma20": 186.02349929809571,
    "ma120": 185.21709060668945,
    "ma240": 165.76806659698485,
    "golden_cross": false,
    "death_cross": false,
    "top_divergence": false,
    "bottom_divergence": false
  },
  "msft": {
    "close": 409.4100036621094,
    "change_percent": 0.11003819846291277,
    "pe": 25.636192,
    "rsi": 47.894130143930795,
    "k": 82.46100813613069,
    "d": 74.17098613833322,
    "j": 99.04105213172562,
    "ma20": 401.26816711425784,
    "ma120": 474.29380493164064,
    "ma240": 468.55563227335614,
    "golden_cross": false,
    "death_cross": false,
    "top_divergence": false,
    "bottom_divergence": false
  },
  "goog": {
    "close": 306.010009765625,
    "change_percent": 2.656920233833305,
    "pe": 28.334259,
    "rsi": 44.22678261806555,
    "k": 38.22014891585203,
    "d": 36.055634522229596,
    "j": 42.54917770309689,
    "ma20": 308.1826690673828,
    "ma120": 295.5757868448893,
    "ma240": 238.25907853444417,
    "golden_cross": true,
    "death_cross": false,
    "top_divergence": false,
    "bottom_divergence": false
  },
  "tsla": {
    "close": 398.67999267578125,
    "change_percent": 0.49151353198745634,
    "pe": 369.14813,
    "rsi": 42.276788638736406,
    "k": 43.23268989163144,
    "d": 42.9306969203361,
    "j": 43.83667583422212,
    "ma20": 409.55699920654297,
    "ma120": 434.2038335164388,
    "ma240": 373.30066674550375,
    "golden_cross": true,
    "death_cross": false,
    "top_divergence": false,
    "bottom_divergence": true
  },
  "smh": {
    "close": 394.3699951171875,
    "change_percent": 3.6288621103607888,
    "pe": 40.44729,
    "rsi": 46.6906437145788,
    "k": 27.015541600461706,
    "d": 32.362821477382774,
    "j": 16.320981846619574,
    "ma20": 406.4360015869141,
    "ma120": 365.6868372599284,
    "ma240": 311.2558089574178,
    "golden_cross": false,
    "death_cross": false,
    "top_divergence": false,
    "bottom_divergence": false
  },
  "aapl": {
    "close": 259.8800048828125,
    "change_percent": 0.9399570838394211,
    "pe": 32.896202,
    "rsi": 44.19647986855242,
    "k": 26.120807162296718,
    "d": 33.01666195964292,
    "j": 12.329097567604322,
    "ma20": 265.65,
    "ma120": 264.394141515096,
    "ma240": 237.4644229888916,
    "golden_cross": false,
    "death_cross": false,
    "top_divergence": false,
    "bottom_divergence": false
  },
  "amzn": {
    "close": 213.49000549316406,
    "change_percent": 0.13132534612816738,
    "pe": 29.775454,
    "rsi": 47.811825593632676,
    "k": 71.05166629158059,
    "d": 74.92768422129924,
    "j": 63.29963043214326,
    "ma20": 208.0515007019043,
    "ma120": 226.74433352152508,
    "ma240": 218.6647502263387,
    "golden_cross": false,
    "death_cross": false,
    "top_divergence": false,
    "bottom_divergence": false
  },
  "meta": {
    "close": 647.3900146484375,
    "change_percent": 0.3923377716630514,
    "pe": 27.548512,
    "rsi": 46.77976210117355,
    "k": 55.21454738985568,
    "d": 60.26377639225013,
    "j": 45.116089385066786,
    "ma20": 652.6889953613281,
    "ma120": 671.307346089681,
    "ma240": 670.7657402038574,
    "golden_cross": false,
    "death_cross": false,
    "top_divergence": true,
    "bottom_divergence": false
  },
  "btc": {
    "close": 70363.6484375,
    "change_percent": 2.8672475202743875,
    "pe": null,
    "rsi": 51.92589823918683,
    "k": 47.8090270995437,
    "d": 50.508638894599564,
    "j": 42.40980350943197,
    "ma20": 67705.93203125,
    "ma120": 83436.60784505209,
    "ma240": 98676.85991210937,
    "golden_cross": false,
    "death_cross": false,
    "top_divergence": false,
    "bottom_divergence": false
  },
  "gld": {
    "close": 472.5299987792969,
    "change_percent": -0.20696732193965753,
    "pe": null,
    "rsi": 54.136748119052726,
    "k": 62.647330105804066,
    "d": 67.86155101952484,
    "j": 52.21888827836253,
    "ma20": 468.9190017700195,
    "ma120": 404.7915008544922,
    "ma240": 355.7065835316976,
    "golden_cross": false,
    "death_cross": false,
    "top_divergence": false,
    "bottom_divergence": false
  }
}