{
  "twii": {
    "close": 27397.5,
    "change_percent": -1.8136056365454594,
    "pe": null,
    "rsi": 48.80011697126061,
    "k": 31.8505306704488,
    "d": 38.817295305349084,
    "ma20": 27865.23095703125,
    "ma120": 24477.319417317707,
    "ma240": 23290.762727864585
  },
  "tsmc": {
    "close": 1430.0,
    "change_percent": -2.054794520547945,
    "pe": 23.585684,
    "rsi": 47.36286350923338,
    "k": 13.571428571428513,
    "d": 18.015873015872955,
    "ma20": 1474.5,
    "ma120": 1208.1283920288085,
    "ma240": 1103.1820259094238
  },
  "etf0050": {
    "close": 61.38999938964844,
    "change_percent": -2.400639268043912,
    "pe": 21.877687,
    "rsi": 45.753179096765926,
    "k": 19.60789886910399,
    "d": 26.797450152529816,
    "ma20": 63.24700012207031,
    "ma120": 53.64878257115682,
    "ma240": 49.76238180796305
  },
  "etf00631l": {
    "close": 327.5199890136719,
    "change_percent": -4.177881594292623,
    "pe": null,
    "rsi": 47.20362555345083,
    "k": 33.56563544943054,
    "d": 41.50216363983939,
    "ma20": 341.665998840332,
    "ma120": 263.05266621907555,
    "ma240": 239.8409163157145
  },
  "etf00675l": {
    "close": 130.10000610351562,
    "change_percent": -4.162058118957182,
    "pe": null,
    "rsi": 47.25223704587103,
    "k": 34.918010378238826,
    "d": 42.05913810447468,
    "ma20": 135.6525001525879,
    "ma120": 104.60458323160807,
    "ma240": 95.48666648864746
  },
  "nasdaq": {
    "close": 22900.587890625,
    "change_percent": 0.13217333024527517,
    "pe": null,
    "rsi": 46.20112387063173,
    "k": 39.92520370197406,
    "d": 50.554408989178135,
    "ma20": 23323.76865234375,
    "ma120": 21542.72041015625,
    "ma240": 20087.443497721353
  },
  "tqqq": {
    "close": 104.73999786376953,
    "change_percent": 0.07643244683844493,
    "pe": 34.291107,
    "rsi": 44.93718608388554,
    "k": 38.498736567865656,
    "d": 47.42847633335657,
    "ma20": 111.33649940490723,
    "ma120": 92.75948816935221,
    "ma240": 81.80175232887268
  },
  "qld": {
    "close": 139.38999938964844,
    "change_percent": 0.1005381613274237,
    "pe": 34.378098,
    "rsi": 45.56461634406778,
    "k": 39.81078895964603,
    "d": 48.88014606727134,
    "ma20": 144.82600021362305,
    "ma120": 127.13381767272949,
    "ma240": 114.4820190111796
  },
  "nvda": {
    "close": 190.1699981689453,
    "change_percent": 1.7713783301841564,
    "pe": 54.179485,
    "rsi": 49.421866950476094,
    "k": 38.45358845328195,
    "d": 42.23356768007736,
    "ma20": 192.87450103759767,
    "ma120": 172.89881032307943,
    "ma240": 148.79454282124837
  },
  "msft": {
    "close": 510.17999267578125,
    "change_percent": 1.3689888561029122,
    "pe": 36.337605,
    "rsi": 47.44017316016386,
    "k": 52.39308898406239,
    "d": 42.89490373102467,
    "ma20": 516.4800003051757,
    "ma120": 505.05823415120443,
    "ma240": 458.59703114827477
  },
  "goog": {
    "close": 276.9800109863281,
    "change_percent": -0.7666896561677391,
    "pe": 27.342548,
    "rsi": 55.97711443425041,
    "k": 39.087042653671126,
    "d": 62.815662858963584,
    "ma20": 274.51049880981446,
    "ma120": 217.77174135843913,
    "ma240": 196.94818375905353
  },
  "tsla": {
    "close": 404.3500061035156,
    "change_percent": 0.587083242486871,
    "pe": 278.86206,
    "rsi": 41.068227084720824,
    "k": 16.484101573764494,
    "d": 22.540013985281423,
    "ma20": 442.73800201416014,
    "ma120": 368.8300824483236,
    "ma240": 350.54199975331625
  },
  "smh": {
    "close": 344.9800109863281,
    "change_percent": 0.04640208187192884,
    "pe": 38.452297,
    "rsi": 48.17848997034099,
    "k": 39.69841711046979,
    "d": 45.195446828643206,
    "ma20": 353.9104995727539,
    "ma120": 303.3238327026367,
    "ma240": 268.1583567937215
  },
  "aapl": {
    "close": 272.4100036621094,
    "change_percent": -0.19784155368063552,
    "pe": 36.5651,
    "rsi": 65.08491235961982,
    "k": 63.496060132821356,
    "d": 65.46744458086047,
    "ma20": 268.11217803955077,
    "ma120": 230.7220916748047,
    "ma240": 227.616272799174
  },
  "amzn": {
    "close": 234.69000244140625,
    "change_percent": -1.2164320933474622,
    "pe": 33.148304,
    "rsi": 49.82280681953453,
    "k": 13.581123777922203,
    "d": 35.663036543423125,
    "ma20": 235.5150001525879,
    "ma120": 224.38900032043458,
    "ma240": 216.85958353678384
  },
  "meta": {
    "close": 609.4600219726562,
    "change_percent": -0.07050331460650544,
    "pe": 26.931509,
    "rsi": 26.960767602806317,
    "k": 18.622938939758413,
    "d": 19.584036855761582,
    "ma20": 673.439501953125,
    "ma120": 718.9478820800781,
    "ma240": 666.7386859893799
  },
  "btc": {
    "close": 94802.8515625,
    "change_percent": -4.909492222527224,
    "pe": null,
    "rsi": 30.386544699767427,
    "k": 18.055654659109752,
    "d": 29.12159975586827,
    "ma20": 105951.576171875,
    "ma120": 113279.6599609375,
    "ma240": 106323.74466145833
  },
  "gld": {
    "close": 375.9599914550781,
    "change_percent": -1.8047911171504536,
    "pe": null,
    "rsi": 54.01100778509173,
    "k": 76.30880410057053,
    "d": 87.84819251315963,
    "ma20": 374.08399963378906,
    "ma120": 331.707332611084,
    "ma240": 301.95549964904785
  }
}