{
  "twii": {
    "close": 27525.169921875,
    "change_percent": -0.041727044274074976,
    "pe": null,
    "rsi": 47.96154214862662,
    "k": 34.313285568275866,
    "d": 54.29333708735638,
    "j": -5.64681746988515,
    "ma20": 27619.16728515625,
    "ma120": 25561.748209635418,
    "ma240": 23734.761954752605,
    "golden_cross": false,
    "death_cross": false,
    "top_divergence": false,
    "bottom_divergence": false
  },
  "tsmc": {
    "close": 1430.0,
    "change_percent": -0.34843205574912894,
    "pe": 23.612946,
    "rsi": 47.31848797284386,
    "k": 30.575218691577785,
    "d": 52.061555147703146,
    "j": -12.397454220672941,
    "ma20": 1440.6586486816407,
    "ma120": 1287.3212595621744,
    "ma240": 1138.7568771362305,
    "golden_cross": false,
    "death_cross": false,
    "top_divergence": false,
    "bottom_divergence": false
  },
  "etf0050": {
    "close": 61.900001525878906,
    "change_percent": -0.5622465447728413,
    "pe": 21.948605,
    "rsi": 47.26021565490781,
    "k": 34.04470587039172,
    "d": 55.49560132110193,
    "j": -8.857085031028703,
    "ma20": 62.13999996185303,
    "ma120": 56.71233921051025,
    "ma240": 51.16386817296346,
    "golden_cross": false,
    "death_cross": false,
    "top_divergence": false,
    "bottom_divergence": false
  },
  "etf00631l": {
    "close": 330.79998779296875,
    "change_percent": -0.5262366754586906,
    "pe": null,
    "rsi": 47.58685370470535,
    "k": 37.12976360766041,
    "d": 57.3320140338747,
    "j": -3.2747372447681755,
    "ma20": 333.1324981689453,
    "ma120": 288.03416582743324,
    "ma240": 248.76604124704997,
    "golden_cross": false,
    "death_cross": false,
    "top_divergence": false,
    "bottom_divergence": false
  },
  "etf00675l": {
    "close": 131.1999969482422,
    "change_percent": -0.6437001771082579,
    "pe": null,
    "rsi": 47.41707964066927,
    "k": 36.817920684478686,
    "d": 56.95519696352697,
    "j": -3.45663187361788,
    "ma20": 132.17750205993653,
    "ma120": 114.48250020345053,
    "ma240": 98.97937494913737,
    "golden_cross": false,
    "death_cross": false,
    "top_divergence": false,
    "bottom_divergence": false
  },
  "nasdaq": {
    "close": 23111.4609375,
    "change_percent": 0.23441826676856356,
    "pe": null,
    "rsi": 47.596843636981696,
    "k": 37.53515382484894,
    "d": 57.42392476424453,
    "j": -2.24238805394225,
    "ma20": 23139.3791015625,
    "ma120": 22170.07244466146,
    "ma240": 20383.56965332031,
    "golden_cross": false,
    "death_cross": false,
    "top_divergence": false,
    "bottom_divergence": false
  },
  "tqqq": {
    "close": 52.33000183105469,
    "change_percent": 0.5959272790524357,
    "pe": 32.71324,
    "rsi": 44.92987276904531,
    "k": 34.54982765985993,
    "d": 54.71098504847899,
    "j": -5.772487117378191,
    "ma20": 53.128750038146975,
    "ma120": 49.194931507110596,
    "ma240": 41.82464467684428,
    "golden_cross": false,
    "death_cross": false,
    "top_divergence": false,
    "bottom_divergence": false
  },
  "qld": {
    "close": 69.9000015258789,
    "change_percent": 0.3877700461171333,
    "pe": 33.17717,
    "rsi": 45.554525274718124,
    "k": 34.83122273860356,
    "d": 54.990300453974186,
    "j": -5.4869326921376995,
    "ma20": 70.50700035095215,
    "ma120": 66.37106424967448,
    "ma240": 58.43670291900635,
    "golden_cross": false,
    "death_cross": false,
    "top_divergence": false,
    "bottom_divergence": false
  },
  "nvda": {
    "close": 177.72000122070312,
    "change_percent": 0.8111679556588869,
    "pe": 44.099255,
    "rsi": 43.58792587272999,
    "k": 30.249430482202975,
    "d": 43.509398486149905,
    "j": 3.7294944743091207,
    "ma20": 180.79697189331054,
    "ma120": 179.51979433695476,
    "ma240": 152.62686913808187,
    "golden_cross": false,
    "death_cross": false,
    "top_divergence": false,
    "bottom_divergence": false
  },
  "msft": {
    "close": 476.3900146484375,
    "change_percent": 0.3306531527738911,
    "pe": 33.90676,
    "rsi": 40.95290826497037,
    "k": 29.7592229898105,
    "d": 40.65556085436481,
    "j": 7.966547260701887,
    "ma20": 482.57037658691405,
    "ma120": 506.1048123677572,
    "ma240": 461.8983984629313,
    "golden_cross": false,
    "death_cross": false,
    "top_divergence": false,
    "bottom_divergence": false
  },
  "goog": {
    "close": 307.7300109863281,
    "change_percent": -0.5140295810946508,
    "pe": 30.408104,
    "rsi": 53.69359891255658,
    "k": 27.37406062142044,
    "d": 37.44370258721098,
    "j": 7.234776689839364,
    "ma20": 311.7082183837891,
    "ma120": 241.70991350809734,
    "ma240": 207.5770112991333,
    "golden_cross": false,
    "death_cross": false,
    "top_divergence": false,
    "bottom_divergence": false
  },
  "tsla": {
    "close": 489.8800048828125,
    "change_percent": 3.0653694218629677,
    "pe": 333.2517,
    "rsi": 68.94760436574781,
    "k": 87.23406329990901,
    "d": 82.49770887180941,
    "j": 96.70677215610823,
    "ma20": 435.41900024414065,
    "ma120": 387.3214998881022,
    "ma240": 352.13412481943766,
    "golden_cross": false,
    "death_cross": false,
    "top_divergence": false,
    "bottom_divergence": false
  },
  "smh": {
    "close": 351.94000244140625,
    "change_percent": -0.2720293203971315,
    "pe": 39.72306,
    "rsi": 48.26864191481213,
    "k": 32.567100230481685,
    "d": 56.17515232658788,
    "j": -14.649003961730699,
    "ma20": 352.36800079345704,
    "ma120": 319.81433258056643,
    "ma240": 277.40858300526935,
    "golden_cross": false,
    "death_cross": false,
    "top_divergence": false,
    "bottom_divergence": false
  },
  "aapl": {
    "close": 274.6099853515625,
    "change_percent": 0.18240853187406508,
    "pe": 36.76171,
    "rsi": 50.17517477431039,
    "k": 22.706979695594818,
    "d": 29.948242495392456,
    "j": 8.224454095999548,
    "ma20": 276.74149932861326,
    "ma120": 244.08060111999512,
    "ma240": 230.07495454152425,
    "golden_cross": false,
    "death_cross": false,
    "top_divergence": false,
    "bottom_divergence": false
  },
  "amzn": {
    "close": 222.55999755859375,
    "change_percent": 0.008989068511032454,
    "pe": 31.435028,
    "rsi": 41.09453806591034,
    "k": 18.766916937375154,
    "d": 28.88802708270181,
    "j": -1.4753033532781643,
    "ma20": 227.44400024414062,
    "ma120": 227.2943333943685,
    "ma240": 217.1747085571289,
    "golden_cross": false,
    "death_cross": false,
    "top_divergence": false,
    "bottom_divergence": false
  },
  "meta": {
    "close": 657.1500244140625,
    "change_percent": 1.4887823358787664,
    "pe": 29.064573,
    "rsi": 53.567514000295745,
    "k": 29.615586316308114,
    "d": 43.145652087951845,
    "j": 2.5554547730206565,
    "ma20": 636.5465484619141,
    "ma120": 709.4182856241862,
    "ma240": 668.6899618784587,
    "golden_cross": false,
    "death_cross": false,
    "top_divergence": false,
    "bottom_divergence": false
  },
  "btc": {
    "close": 86687.453125,
    "change_percent": -1.3165742176070325,
    "pe": null,
    "rsi": 39.024768320045254,
    "k": 23.724242838842137,
    "d": 34.0503993820534,
    "j": 3.0719297524196065,
    "ma20": 90106.6015625,
    "ma120": 105779.25520833333,
    "ma240": 107172.9966796875,
    "golden_cross": false,
    "death_cross": false,
    "top_divergence": false,
    "bottom_divergence": false
  },
  "gld": {
    "close": 395.8900146484375,
    "change_percent": 0.02274554276030963,
    "pe": null,
    "rsi": 69.14816215973774,
    "k": 73.28989509749397,
    "d": 73.29476357505763,
    "j": 73.28015814236664,
    "ma20": 385.469499206543,
    "ma120": 345.0119992574056,
    "ma240": 314.3192494710286,
    "golden_cross": false,
    "death_cross": true,
    "top_divergence": false,
    "bottom_divergence": false
  }
}