{
  "twii": {
    "close": 27795.7109375,
    "change_percent": 0.009613468300431567,
    "pe": null,
    "rsi": 56.05051552471257,
    "k": 84.57183160853342,
    "d": 71.87710680735509,
    "j": 109.96128121089006,
    "ma20": 27385.06875,
    "ma120": 25124.178629557293,
    "ma240": 23546.116088867188,
    "golden_cross": false,
    "death_cross": false,
    "top_divergence": false,
    "bottom_divergence": false
  },
  "tsmc": {
    "close": 1445.0,
    "change_percent": -0.3448275862068966,
    "pe": 23.84095,
    "rsi": 52.485229890151274,
    "k": 75.29325880615482,
    "d": 62.44789320758813,
    "j": 100.98399000328821,
    "ma20": 1434.5,
    "ma120": 1259.2655873616536,
    "ma240": 1126.8243283589682,
    "golden_cross": false,
    "death_cross": false,
    "top_divergence": false,
    "bottom_divergence": false
  },
  "etf0050": {
    "close": 62.20000076293945,
    "change_percent": -0.1605111963815361,
    "pe": 22.054977,
    "rsi": 53.22758860358575,
    "k": 82.44588038170684,
    "d": 71.22288718877766,
    "j": 104.8918667675652,
    "ma20": 61.69750003814697,
    "ma120": 55.51017424265544,
    "ma240": 50.59137045542399,
    "golden_cross": false,
    "death_cross": false,
    "top_divergence": false,
    "bottom_divergence": false
  },
  "etf00631l": {
    "close": 335.8999938964844,
    "change_percent": 0.1490757331839179,
    "pe": null,
    "rsi": 54.29979967187089,
    "k": 83.72293187931253,
    "d": 72.73048506847293,
    "j": 105.70782550099173,
    "ma20": 328.41999969482424,
    "ma120": 277.9245827992757,
    "ma240": 244.90229136149088,
    "golden_cross": false,
    "death_cross": false,
    "top_divergence": false,
    "bottom_divergence": false
  },
  "etf00675l": {
    "close": 133.25,
    "change_percent": 0.11269262930590741,
    "pe": null,
    "rsi": 54.14778726518067,
    "k": 83.64022211037151,
    "d": 72.60932108567462,
    "j": 105.7020241597653,
    "ma20": 130.37000160217286,
    "ma120": 110.49125003814697,
    "ma240": 97.46729154586792,
    "golden_cross": false,
    "death_cross": false,
    "top_divergence": false,
    "bottom_divergence": false
  },
  "nasdaq": {
    "close": 23454.08984375,
    "change_percent": 0.17263385880927767,
    "pe": null,
    "rsi": 57.502199541080486,
    "k": 89.1132199084453,
    "d": 77.48938430619395,
    "j": 112.36089111294797,
    "ma20": 23020.45751953125,
    "ma120": 21890.82293294271,
    "ma240": 20241.304337565103,
    "golden_cross": false,
    "death_cross": false,
    "top_divergence": false,
    "bottom_divergence": false
  },
  "tqqq": {
    "close": 55.689998626708984,
    "change_percent": 0.7052430289855602,
    "pe": 18.232496,
    "rsi": 56.90242720105908,
    "k": 89.49875725393215,
    "d": 75.92509016190651,
    "j": 116.64609143798347,
    "ma20": 52.79375,
    "ma120": 47.907881323496504,
    "ma240": 41.32509416739146,
    "golden_cross": false,
    "death_cross": false,
    "top_divergence": false,
    "bottom_divergence": false
  },
  "qld": {
    "close": 72.79000091552734,
    "change_percent": 0.4415615971216538,
    "pe": 17.952377,
    "rsi": 57.42590538043495,
    "k": 89.91070155584411,
    "d": 76.6181837333418,
    "j": 116.49573720084874,
    "ma20": 70.08725013732911,
    "ma120": 65.10148862202962,
    "ma240": 57.83353964487711,
    "golden_cross": false,
    "death_cross": false,
    "top_divergence": false,
    "bottom_divergence": false
  },
  "nvda": {
    "close": 179.58999633789062,
    "change_percent": -1.0305358243071507,
    "pe": 44.45297,
    "rsi": 44.484832625142175,
    "k": 37.8918777460605,
    "d": 35.34336472437114,
    "j": 42.98890378943922,
    "ma20": 185.35400161743163,
    "ma120": 176.95724449157714,
    "ma240": 150.93741970062257,
    "golden_cross": false,
    "death_cross": false,
    "top_divergence": false,
    "bottom_divergence": false
  },
  "msft": {
    "close": 477.7300109863281,
    "change_percent": -2.5040793905452805,
    "pe": 34.002136,
    "rsi": 38.09675884490116,
    "k": 54.01776872775882,
    "d": 46.52415946222424,
    "j": 69.00498725882797,
    "ma20": 492.5980758666992,
    "ma120": 506.11754582722983,
    "ma240": 459.9533869425456,
    "golden_cross": false,
    "death_cross": false,
    "top_divergence": false,
    "bottom_divergence": false
  },
  "goog": {
    "close": 320.6199951171875,
    "change_percent": 1.4556060576651106,
    "pe": 31.650541,
    "rsi": 71.15816866548951,
    "k": 77.07687909749853,
    "d": 77.0426682775298,
    "j": 77.145300737436,
    "ma20": 298.1549987792969,
    "ma120": 231.15646362304688,
    "ma240": 203.1234395980835,
    "golden_cross": true,
    "death_cross": false,
    "top_divergence": false,
    "bottom_divergence": false
  },
  "tsla": {
    "close": 446.739990234375,
    "change_percent": 4.076973347810532,
    "pe": 312.4056,
    "rsi": 58.39363521913056,
    "k": 87.53940846802914,
    "d": 75.5138307637472,
    "j": 111.59056387659302,
    "ma20": 422.9910003662109,
    "ma120": 377.6607495625814,
    "ma240": 351.2195831934611,
    "golden_cross": false,
    "death_cross": false,
    "top_divergence": false,
    "bottom_divergence": false
  },
  "smh": {
    "close": 364.3699951171875,
    "change_percent": 1.3743990601981593,
    "pe": 40.613552,
    "rsi": 61.87984512025564,
    "k": 90.58245246712139,
    "d": 77.05755516560171,
    "j": 117.63224707016076,
    "ma20": 346.7009994506836,
    "ma120": 312.507332611084,
    "ma240": 272.99027932484944,
    "golden_cross": false,
    "death_cross": false,
    "top_divergence": false,
    "bottom_divergence": false
  },
  "aapl": {
    "close": 284.1499938964844,
    "change_percent": -0.7128161457490259,
    "pe": 38.038822,
    "rsi": 70.48355687826016,
    "k": 84.70227602327583,
    "d": 78.13047715710715,
    "j": 97.84587375561318,
    "ma20": 273.75185546875,
    "ma120": 238.1666352589925,
    "ma240": 229.134916305542,
    "golden_cross": false,
    "death_cross": false,
    "top_divergence": false,
    "bottom_divergence": false
  },
  "amzn": {
    "close": 232.3800048828125,
    "change_percent": -0.8702300580441946,
    "pe": 32.77574,
    "rsi": 51.16707108370434,
    "k": 72.45515993043956,
    "d": 61.53604037499383,
    "j": 94.29339904133104,
    "ma20": 234.32850036621093,
    "ma120": 226.2008337656657,
    "ma240": 217.03941694895425,
    "golden_cross": false,
    "death_cross": false,
    "top_divergence": false,
    "bottom_divergence": false
  },
  "meta": {
    "close": 639.5999755859375,
    "change_percent": -1.159017197181762,
    "pe": 28.32595,
    "rsi": 48.49191786949434,
    "k": 87.26517573505019,
    "d": 77.85039049806139,
    "j": 106.09474620902779,
    "ma20": 619.7810028076171,
    "ma120": 713.2431915283203,
    "ma240": 666.9082981109619,
    "golden_cross": false,
    "death_cross": false,
    "top_divergence": false,
    "bottom_divergence": false
  },
  "btc": {
    "close": 93084.3984375,
    "change_percent": -0.47409030018563164,
    "pe": null,
    "rsi": 48.51552963515,
    "k": 80.4929340517914,
    "d": 71.64003852176013,
    "j": 98.19872511185392,
    "ma20": 90163.821484375,
    "ma120": 108832.12415364584,
    "ma240": 106874.00804036458,
    "golden_cross": false,
    "death_cross": false,
    "top_divergence": false,
    "bottom_divergence": false
  },
  "gld": {
    "close": 386.8800048828125,
    "change_percent": -0.09296182229129299,
    "pe": null,
    "rsi": 61.19561989325714,
    "k": 81.472878467785,
    "d": 75.85370014709446,
    "j": 92.71123510916607,
    "ma20": 378.4594985961914,
    "ma120": 338.9766660054525,
    "ma240": 308.71416625976565,
    "golden_cross": false,
    "death_cross": false,
    "top_divergence": false,
    "bottom_divergence": false
  }
}