{
  "twii": {
    "close": 32404.619140625,
    "change_percent": 1.956079618481207,
    "pe": null,
    "rsi": 63.65220264746348,
    "k": 50.61567251801763,
    "d": 52.19829032197781,
    "j": 47.450436910097295,
    "ma20": 31805.290234375,
    "ma120": 27783.886100260417,
    "ma240": 24848.569181315102,
    "golden_cross": false,
    "death_cross": false,
    "top_divergence": false,
    "bottom_divergence": false
  },
  "tsmc": {
    "close": 1815.0,
    "change_percent": 1.9662921348314606,
    "pe": 27.408638,
    "rsi": 65.52647940518075,
    "k": 54.54381567508989,
    "d": 52.187955086133556,
    "j": 59.25553685300255,
    "ma20": 1765.0,
    "ma120": 1454.7066426595052,
    "ma240": 1228.7323209126791,
    "golden_cross": true,
    "death_cross": false,
    "top_divergence": false,
    "bottom_divergence": false
  },
  "etf0050": {
    "close": 73.94999694824219,
    "change_percent": 2.851175770316817,
    "pe": 25.395826,
    "rsi": 67.08813351512794,
    "k": 56.443715867267514,
    "d": 54.998352985726186,
    "j": 59.33444163035017,
    "ma20": 71.96375274658203,
    "ma120": 61.72701174418132,
    "ma240": 53.613084141413374,
    "golden_cross": true,
    "death_cross": false,
    "top_divergence": false,
    "bottom_divergence": false
  },
  "etf00631l": {
    "close": 454.0,
    "change_percent": 5.913917290207043,
    "pe": null,
    "rsi": 62.522123170796995,
    "k": 52.15636455849122,
    "d": 53.011628151485795,
    "j": 50.44583737250207,
    "ma20": 436.520002746582,
    "ma120": 339.69041646321614,
    "ma240": 273.56770820617675,
    "golden_cross": false,
    "death_cross": false,
    "top_divergence": false,
    "bottom_divergence": false
  },
  "etf00675l": {
    "close": 180.0500030517578,
    "change_percent": 5.72519073709985,
    "pe": null,
    "rsi": 62.64688021746163,
    "k": 52.655923306180966,
    "d": 53.54960707586342,
    "j": 50.86855576681606,
    "ma20": 173.1699996948242,
    "ma120": 134.90166689554852,
    "ma240": 108.75354172388712,
    "golden_cross": false,
    "death_cross": false,
    "top_divergence": false,
    "bottom_divergence": false
  },
  "nasdaq": {
    "close": 23031.2109375,
    "change_percent": 2.1766116022293813,
    "pe": null,
    "rsi": 44.356699987969264,
    "k": 31.391696569192455,
    "d": 41.04725386490491,
    "j": 12.080581977767551,
    "ma20": 23424.7603515625,
    "ma120": 22891.493538411458,
    "ma240": 20933.0365234375,
    "golden_cross": false,
    "death_cross": false,
    "top_divergence": false,
    "bottom_divergence": false
  },
  "tqqq": {
    "close": 50.59000015258789,
    "change_percent": 6.192277079626601,
    "pe": 30.98055,
    "rsi": 42.91238802576647,
    "k": 28.715679439843257,
    "d": 39.207905525370776,
    "j": 7.731227268788217,
    "ma20": 53.78350009918213,
    "ma120": 52.10926284790039,
    "ma240": 43.55731480121612,
    "golden_cross": false,
    "death_cross": false,
    "top_divergence": false,
    "bottom_divergence": false
  },
  "qld": {
    "close": 68.79000091552734,
    "change_percent": 4.164142885942055,
    "pe": 31.730467,
    "rsi": 43.45668457757029,
    "k": 29.567741368198142,
    "d": 39.99644016956927,
    "j": 8.710343765455889,
    "ma20": 71.48700065612793,
    "ma120": 69.41760330200195,
    "ma240": 60.63204078674316,
    "golden_cross": false,
    "death_cross": false,
    "top_divergence": false,
    "bottom_divergence": false
  },
  "nvda": {
    "close": 185.41000366210938,
    "change_percent": 7.871770069195429,
    "pe": 45.893566,
    "rsi": 51.142669231682206,
    "k": 38.633780403282884,
    "d": 44.15403002986784,
    "j": 27.593281150112972,
    "ma20": 184.6755012512207,
    "ma120": 183.48322766621908,
    "ma240": 160.06566874186197,
    "golden_cross": false,
    "death_cross": false,
    "top_divergence": false,
    "bottom_divergence": false
  },
  "msft": {
    "close": 401.1400146484375,
    "change_percent": 1.8975286320796658,
    "pe": 25.118347,
    "rsi": 29.1344238843181,
    "k": 10.906345863939427,
    "d": 19.463855956141728,
    "j": -6.208674320465178,
    "ma20": 447.93050079345704,
    "ma120": 492.41837209065756,
    "ma240": 468.42774759928386,
    "golden_cross": false,
    "death_cross": false,
    "top_divergence": false,
    "bottom_divergence": false
  },
  "goog": {
    "close": 323.1000061035156,
    "change_percent": -2.483922615605146,
    "pe": 29.86137,
    "rsi": 44.57570616893867,
    "k": 51.974740466740585,
    "d": 62.060657219773745,
    "j": 31.802906960674278,
    "ma20": 333.1675003051758,
    "ma120": 281.20479583740234,
    "ma240": 226.8166649500529,
    "golden_cross": false,
    "death_cross": false,
    "top_divergence": false,
    "bottom_divergence": false
  },
  "tsla": {
    "close": 411.1099853515625,
    "change_percent": 3.4994069120883062,
    "pe": 384.21494,
    "rsi": 41.49313621493523,
    "k": 28.726289303081835,
    "d": 27.83001191159967,
    "j": 30.51884408604616,
    "ma20": 430.40899963378905,
    "ma120": 423.8191670735677,
    "ma240": 360.7728335698446,
    "golden_cross": true,
    "death_cross": false,
    "top_divergence": false,
    "bottom_divergence": false
  },
  "smh": {
    "close": 401.6499938964844,
    "change_percent": 5.400578942639255,
    "pe": 42.59794,
    "rsi": 55.68520903889489,
    "k": 40.770326728088556,
    "d": 46.088220838980234,
    "j": 30.134538506305205,
    "ma20": 398.29300079345705,
    "ma120": 346.9776082356771,
    "ma240": 296.1850226084391,
    "golden_cross": false,
    "death_cross": false,
    "top_divergence": false,
    "bottom_divergence": false
  },
  "aapl": {
    "close": 278.1199951171875,
    "change_percent": 0.8009827210848688,
    "pe": 35.205063,
    "rsi": 69.02582206035622,
    "k": 88.36269632646349,
    "d": 82.94688556652655,
    "j": 99.19431784633738,
    "ma20": 260.1499984741211,
    "ma120": 258.9481695810954,
    "ma240": 234.3562754313151,
    "golden_cross": false,
    "death_cross": false,
    "top_divergence": false,
    "bottom_divergence": false
  },
  "amzn": {
    "close": 210.32000732421875,
    "change_percent": -5.5548048774404535,
    "pe": 29.333334,
    "rsi": 28.633920443286964,
    "k": 28.247252987131898,
    "d": 41.83749469571764,
    "j": 1.0667695699604138,
    "ma20": 237.04649963378907,
    "ma120": 230.35033327738444,
    "ma240": 218.10079186757406,
    "golden_cross": false,
    "death_cross": false,
    "top_divergence": false,
    "bottom_divergence": false
  },
  "meta": {
    "close": 661.4600219726562,
    "change_percent": -1.3055609007823803,
    "pe": 28.171211,
    "rsi": 49.0209515409356,
    "k": 34.307381926846546,
    "d": 51.968178260485956,
    "j": -1.0142107404322758,
    "ma20": 658.6899993896484,
    "ma120": 687.5018305460612,
    "ma240": 668.1300767262777,
    "golden_cross": false,
    "death_cross": false,
    "top_divergence": false,
    "bottom_divergence": false
  },
  "btc": {
    "close": 70411.4765625,
    "change_percent": 0.20885301513194798,
    "pe": null,
    "rsi": 33.86372061466747,
    "k": 38.53712658266722,
    "d": 28.705222895624168,
    "j": 58.20093395675333,
    "ma20": 80271.2001953125,
    "ma120": 93295.35738932292,
    "ma240": 103557.1794108073,
    "golden_cross": false,
    "death_cross": false,
    "top_divergence": false,
    "bottom_divergence": false
  },
  "gld": {
    "close": 455.4599914550781,
    "change_percent": 3.0732294790906107,
    "pe": null,
    "rsi": 55.878516640738965,
    "k": 35.694288022941535,
    "d": 44.12133109964429,
    "j": 18.84020186953603,
    "ma20": 446.42250366210936,
    "ma120": 380.2289171854655,
    "ma240": 339.2887498219808,
    "golden_cross": false,
    "death_cross": false,
    "top_divergence": false,
    "bottom_divergence": false
  }
}