{
  "twii": {
    "close": 31782.919921875,
    "change_percent": -0.05770087057992599,
    "pe": null,
    "rsi": 57.8260370595968,
    "k": 42.06685472422309,
    "d": 52.9895992239579,
    "j": 20.22136572475347,
    "ma20": 31713.42373046875,
    "ma120": 27716.63494466146,
    "ma240": 24812.4259765625,
    "golden_cross": false,
    "death_cross": false,
    "top_divergence": false,
    "bottom_divergence": false
  },
  "tsmc": {
    "close": 1780.0,
    "change_percent": 0.84985835694051,
    "pe": 26.880096,
    "rsi": 61.21354401063155,
    "k": 42.34203930210852,
    "d": 51.0100247916554,
    "j": 25.00606832301476,
    "ma20": 1758.75,
    "ma120": 1449.3432596842447,
    "ma240": 1225.5974850972493,
    "golden_cross": false,
    "death_cross": false,
    "top_divergence": false,
    "bottom_divergence": false
  },
  "etf0050": {
    "close": 71.9000015258789,
    "change_percent": -0.1388867696126302,
    "pe": 24.691818,
    "rsi": 59.0458323712914,
    "k": 42.098053603609095,
    "d": 54.27567154495552,
    "j": 17.74281772091625,
    "ma20": 71.73479690551758,
    "ma120": 61.547513993581134,
    "ma240": 53.50686453183492,
    "golden_cross": false,
    "death_cross": false,
    "top_divergence": false,
    "bottom_divergence": false
  },
  "etf00631l": {
    "close": 428.6499938964844,
    "change_percent": -1.2099562281285705,
    "pe": null,
    "rsi": 53.783959034383976,
    "k": 40.21634984913294,
    "d": 53.43925994798309,
    "j": 13.77052965143264,
    "ma20": 434.1225021362305,
    "ma120": 338.07333323160805,
    "ma240": 272.7195831934611,
    "golden_cross": false,
    "death_cross": false,
    "top_divergence": false,
    "bottom_divergence": false
  },
  "etf00675l": {
    "close": 170.3000030517578,
    "change_percent": -0.9883703187454579,
    "pe": null,
    "rsi": 54.08955452463559,
    "k": 40.97366935887722,
    "d": 53.996448960704654,
    "j": 14.928110155222342,
    "ma20": 172.2324996948242,
    "ma120": 134.26291688283285,
    "ma240": 108.41937503814697,
    "golden_cross": false,
    "death_cross": false,
    "top_divergence": false,
    "bottom_divergence": false
  },
  "nasdaq": {
    "close": 23031.2109375,
    "change_percent": 2.1766116022293813,
    "pe": null,
    "rsi": 44.356699987969264,
    "k": 31.391696569192455,
    "d": 41.04725386490491,
    "j": 12.080581977767551,
    "ma20": 23424.7603515625,
    "ma120": 22891.493538411458,
    "ma240": 20933.0365234375,
    "golden_cross": false,
    "death_cross": false,
    "top_divergence": false,
    "bottom_divergence": false
  },
  "tqqq": {
    "close": 50.59000015258789,
    "change_percent": 6.192277079626601,
    "pe": 30.98055,
    "rsi": 42.91238802670437,
    "k": 28.715679439843257,
    "d": 39.207905525370776,
    "j": 7.731227268788217,
    "ma20": 53.78350009918213,
    "ma120": 52.10926281611125,
    "ma240": 43.557314745585124,
    "golden_cross": false,
    "death_cross": false,
    "top_divergence": false,
    "bottom_divergence": false
  },
  "qld": {
    "close": 68.79000091552734,
    "change_percent": 4.164142885942055,
    "pe": 31.730467,
    "rsi": 43.45668457014194,
    "k": 29.567741368198142,
    "d": 39.99644016956927,
    "j": 8.710343765455889,
    "ma20": 71.48700065612793,
    "ma120": 69.41760330200195,
    "ma240": 60.63204078674316,
    "golden_cross": false,
    "death_cross": false,
    "top_divergence": false,
    "bottom_divergence": false
  },
  "nvda": {
    "close": 185.41000366210938,
    "change_percent": 7.871770069195429,
    "pe": 45.893566,
    "rsi": 51.14266923168221,
    "k": 38.633780403282884,
    "d": 44.15403002986784,
    "j": 27.593281150112972,
    "ma20": 184.6755012512207,
    "ma120": 183.48322766621908,
    "ma240": 160.06566874186197,
    "golden_cross": false,
    "death_cross": false,
    "top_divergence": false,
    "bottom_divergence": false
  },
  "msft": {
    "close": 401.1400146484375,
    "change_percent": 1.8975286320796658,
    "pe": 25.118347,
    "rsi": 29.13442388430818,
    "k": 10.906345863939427,
    "d": 19.463855956141728,
    "j": -6.208674320465178,
    "ma20": 447.93050079345704,
    "ma120": 492.41837209065756,
    "ma240": 468.42774810791013,
    "golden_cross": false,
    "death_cross": false,
    "top_divergence": false,
    "bottom_divergence": false
  },
  "goog": {
    "close": 323.1000061035156,
    "change_percent": -2.483922615605146,
    "pe": 29.86137,
    "rsi": 44.57570616822156,
    "k": 51.974740466740585,
    "d": 62.060657219773745,
    "j": 31.802906960674278,
    "ma20": 333.1675003051758,
    "ma120": 281.20479621887205,
    "ma240": 226.8166653951009,
    "golden_cross": false,
    "death_cross": false,
    "top_divergence": false,
    "bottom_divergence": false
  },
  "tsla": {
    "close": 411.1099853515625,
    "change_percent": 3.4994069120883062,
    "pe": 384.21494,
    "rsi": 41.49313621493523,
    "k": 28.726289303081835,
    "d": 27.83001191159967,
    "j": 30.51884408604616,
    "ma20": 430.40899963378905,
    "ma120": 423.8191670735677,
    "ma240": 360.7728335698446,
    "golden_cross": true,
    "death_cross": false,
    "top_divergence": false,
    "bottom_divergence": false
  },
  "smh": {
    "close": 401.6499938964844,
    "change_percent": 5.400578942639255,
    "pe": 42.59794,
    "rsi": 55.68520903889489,
    "k": 40.770326728088556,
    "d": 46.088220838980234,
    "j": 30.134538506305205,
    "ma20": 398.29300079345705,
    "ma120": 346.9776082356771,
    "ma240": 296.1850226084391,
    "golden_cross": false,
    "death_cross": false,
    "top_divergence": false,
    "bottom_divergence": false
  },
  "aapl": {
    "close": 278.1199951171875,
    "change_percent": 0.8009827210848688,
    "pe": 35.205063,
    "rsi": 69.0258220578788,
    "k": 88.36269632646349,
    "d": 82.94688556652655,
    "j": 99.19431784633738,
    "ma20": 260.1499984741211,
    "ma120": 258.9481695810954,
    "ma240": 234.35627504984538,
    "golden_cross": false,
    "death_cross": false,
    "top_divergence": false,
    "bottom_divergence": false
  },
  "amzn": {
    "close": 210.32000732421875,
    "change_percent": -5.5548048774404535,
    "pe": 29.333334,
    "rsi": 28.633920443286964,
    "k": 28.247252987131898,
    "d": 41.83749469571764,
    "j": 1.0667695699604138,
    "ma20": 237.04649963378907,
    "ma120": 230.35033327738444,
    "ma240": 218.10079186757406,
    "golden_cross": false,
    "death_cross": false,
    "top_divergence": false,
    "bottom_divergence": false
  },
  "meta": {
    "close": 661.4600219726562,
    "change_percent": -1.3055609007823803,
    "pe": 28.171211,
    "rsi": 49.02095154093565,
    "k": 34.307381926846546,
    "d": 51.968178260485956,
    "j": -1.0142107404322758,
    "ma20": 658.6899993896484,
    "ma120": 687.5018305460612,
    "ma240": 668.1300769805908,
    "golden_cross": false,
    "death_cross": false,
    "top_divergence": false,
    "bottom_divergence": false
  },
  "btc": {
    "close": 69490.609375,
    "change_percent": 0.3011470787628275,
    "pe": null,
    "rsi": 32.09306014699155,
    "k": 29.88104545635842,
    "d": 23.431817591722847,
    "j": 42.77950118562957,
    "ma20": 81127.4658203125,
    "ma120": 93661.89215494791,
    "ma240": 103700.04112955728,
    "golden_cross": false,
    "death_cross": false,
    "top_divergence": false,
    "bottom_divergence": false
  },
  "gld": {
    "close": 455.4599914550781,
    "change_percent": 3.0732294790906107,
    "pe": null,
    "rsi": 55.878516640738965,
    "k": 35.694288022941535,
    "d": 44.12133109964429,
    "j": 18.84020186953603,
    "ma20": 446.42250366210936,
    "ma120": 380.2289171854655,
    "ma240": 339.2887498219808,
    "golden_cross": false,
    "death_cross": false,
    "top_divergence": false,
    "bottom_divergence": false
  }
}