{
  "twii": {
    "close": 33605.7109375,
    "change_percent": 1.6108084869157686,
    "pe": null,
    "rsi": 71.98040667175904,
    "k": 76.71315920961084,
    "d": 63.67631877119635,
    "j": 102.78684008643981,
    "ma20": 32056.77421875,
    "ma120": 27932.574934895834,
    "ma240": 24931.18438313802,
    "golden_cross": false,
    "death_cross": false,
    "top_divergence": false,
    "bottom_divergence": false
  },
  "tsmc": {
    "close": 1915.0,
    "change_percent": 1.8617021276595744,
    "pe": 28.901297,
    "rsi": 74.48968291837787,
    "k": 77.99544960934925,
    "d": 64.68110260067056,
    "j": 104.62414362670665,
    "ma20": 1783.75,
    "ma120": 1466.7670440673828,
    "ma240": 1235.648486328125,
    "golden_cross": false,
    "death_cross": false,
    "top_divergence": false,
    "bottom_divergence": false
  },
  "etf0050": {
    "close": 77.19999694824219,
    "change_percent": 2.2516515870757448,
    "pe": 26.511936,
    "rsi": 75.59846764513959,
    "k": 79.38851751432932,
    "d": 66.67599099728696,
    "j": 104.81357054841405,
    "ma20": 72.62468681335449,
    "ma120": 62.124363803863524,
    "ma240": 53.851694186528526,
    "golden_cross": false,
    "death_cross": false,
    "top_divergence": false,
    "bottom_divergence": false
  },
  "etf00631l": {
    "close": 486.1000061035156,
    "change_percent": 3.5687652673228625,
    "pe": null,
    "rsi": 70.44756999857158,
    "k": 77.2615529974486,
    "d": 64.3864314132075,
    "j": 103.0117961659308,
    "ma20": 443.0925033569336,
    "ma120": 343.292916615804,
    "ma240": 275.5156249364217,
    "golden_cross": false,
    "death_cross": false,
    "top_divergence": false,
    "bottom_divergence": false
  },
  "etf00675l": {
    "close": 192.3000030517578,
    "change_percent": 3.3315404325099927,
    "pe": null,
    "rsi": 70.40205499933093,
    "k": 77.54725728376644,
    "d": 64.85719606255492,
    "j": 102.92737972618949,
    "ma20": 175.75750045776368,
    "ma120": 136.3200003306071,
    "ma240": 109.51875009536744,
    "golden_cross": false,
    "death_cross": false,
    "top_divergence": false,
    "bottom_divergence": false
  },
  "nasdaq": {
    "close": 22753.630859375,
    "change_percent": 0.7761849757584928,
    "pe": null,
    "rsi": 42.42145780564877,
    "k": 33.64338763508418,
    "d": 32.42815406202667,
    "j": 36.0738547811992,
    "ma20": 23189.6025390625,
    "ma120": 22976.289013671874,
    "ma240": 21054.711580403648,
    "golden_cross": true,
    "death_cross": false,
    "top_divergence": false,
    "bottom_divergence": false
  },
  "tqqq": {
    "close": 49.38999938964844,
    "change_percent": 2.1509843812797533,
    "pe": 30.24569,
    "rsi": 42.57355880863479,
    "k": 35.028877373862656,
    "d": 32.38193474261873,
    "j": 40.322762636350504,
    "ma20": 52.19850025177002,
    "ma120": 52.40742467244466,
    "ma240": 43.948536189397174,
    "golden_cross": true,
    "death_cross": false,
    "top_divergence": false,
    "bottom_divergence": false
  },
  "qld": {
    "close": 67.75,
    "change_percent": 1.4677301276086856,
    "pe": 31.25075,
    "rsi": 43.122853281103836,
    "k": 36.01331218898063,
    "d": 33.56010801856418,
    "j": 40.91972052981353,
    "ma20": 70.15350036621093,
    "ma120": 69.76451288859049,
    "ma240": 61.107265631357826,
    "golden_cross": true,
    "death_cross": false,
    "top_divergence": false,
    "bottom_divergence": false
  },
  "nvda": {
    "close": 187.97999572753906,
    "change_percent": 1.6272879315411055,
    "pe": 46.5297,
    "rsi": 52.87443573172014,
    "k": 66.55809978281579,
    "d": 63.26106320739265,
    "j": 73.15217293366206,
    "ma20": 185.73700027465821,
    "ma120": 184.01547597249348,
    "ma240": 161.98747072219848,
    "golden_cross": false,
    "death_cross": false,
    "top_divergence": false,
    "bottom_divergence": false
  },
  "msft": {
    "close": 399.6000061035156,
    "change_percent": 0.6904250499142285,
    "pe": 25.006258,
    "rsi": 32.910861351163994,
    "k": 22.484444626948253,
    "d": 22.918995372696926,
    "j": 21.6153431354509,
    "ma20": 426.5960006713867,
    "ma120": 486.4987314860026,
    "ma240": 468.7624776204427,
    "golden_cross": false,
    "death_cross": false,
    "top_divergence": false,
    "bottom_divergence": false
  },
  "goog": {
    "close": 303.94000244140625,
    "change_percent": 0.36985505914355277,
    "pe": 28.090574,
    "rsi": 31.953039582005548,
    "k": 16.668347821489377,
    "d": 22.454736189636463,
    "j": 5.095571085195203,
    "ma20": 325.9794982910156,
    "ma120": 287.4323020935059,
    "ma240": 230.86018759409586,
    "golden_cross": false,
    "death_cross": false,
    "top_divergence": false,
    "bottom_divergence": false
  },
  "tsla": {
    "close": 411.32000732421875,
    "change_percent": 0.16803507615162366,
    "pe": 384.4112,
    "rsi": 42.54725463364341,
    "k": 53.408788723907875,
    "d": 53.69770817822065,
    "j": 52.83094981528231,
    "ma20": 422.9874984741211,
    "ma120": 428.6566670735677,
    "ma240": 364.6184169133504,
    "golden_cross": false,
    "death_cross": true,
    "top_divergence": false,
    "bottom_divergence": false
  },
  "smh": {
    "close": 412.54998779296875,
    "change_percent": 1.2367740439658008,
    "pe": 43.753963,
    "rsi": 58.99356193320333,
    "k": 74.97577494480238,
    "d": 68.96126206212584,
    "j": 87.00480071015548,
    "ma20": 403.94949798583986,
    "ma120": 353.79405975341797,
    "ma240": 301.3676855723063,
    "golden_cross": false,
    "death_cross": false,
    "top_divergence": false,
    "bottom_divergence": false
  },
  "aapl": {
    "close": 264.3500061035156,
    "change_percent": 0.17811172199721978,
    "pe": 33.462025,
    "rsi": 49.082487612535424,
    "k": 36.87197056649918,
    "d": 48.72325378185051,
    "j": 13.169404135796512,
    "ma20": 263.41448669433595,
    "ma120": 261.00598907470703,
    "ma240": 234.9729148864746,
    "golden_cross": false,
    "death_cross": false,
    "top_divergence": false,
    "bottom_divergence": false
  },
  "amzn": {
    "close": 204.7899932861328,
    "change_percent": 1.8095945812067242,
    "pe": 28.562063,
    "rsi": 31.951333096059514,
    "k": 16.550692098807122,
    "d": 15.69148682447801,
    "j": 18.26910264746535,
    "ma20": 224.18099975585938,
    "ma120": 228.96149991353352,
    "ma240": 217.928875096639,
    "golden_cross": true,
    "death_cross": false,
    "top_divergence": false,
    "bottom_divergence": false
  },
  "meta": {
    "close": 643.219970703125,
    "change_percent": 0.6147433576087057,
    "pe": 27.394377,
    "rsi": 44.072335371661715,
    "k": 20.239006733807102,
    "d": 22.245150783203115,
    "j": 16.226718635015075,
    "ma20": 668.7854949951172,
    "ma120": 681.9076899210612,
    "ma240": 668.105279159546,
    "golden_cross": false,
    "death_cross": false,
    "top_divergence": false,
    "bottom_divergence": false
  },
  "btc": {
    "close": 67166.2109375,
    "change_percent": 1.1153738085333378,
    "pe": null,
    "rsi": 35.04514834662722,
    "k": 38.89856504079968,
    "d": 44.55764296739121,
    "j": 27.580409187616624,
    "ma20": 70260.6439453125,
    "ma120": 89817.13675130208,
    "ma240": 102033.69845377604,
    "golden_cross": false,
    "death_cross": false,
    "top_divergence": false,
    "bottom_divergence": false
  },
  "gld": {
    "close": 458.2799987792969,
    "change_percent": 2.248992926758223,
    "pe": null,
    "rsi": 53.997213606472826,
    "k": 57.01792039383642,
    "d": 56.45388727526092,
    "j": 58.14598663098742,
    "ma20": 458.99400329589844,
    "ma120": 389.0388343811035,
    "ma240": 344.89825007120766,
    "golden_cross": true,
    "death_cross": false,
    "top_divergence": false,
    "bottom_divergence": false
  }
}