{
  "twii": {
    "close": 33581.859375,
    "change_percent": -1.560441591332786,
    "pe": null,
    "rsi": 54.05425121561349,
    "k": 46.44841794960646,
    "d": 44.69643027005942,
    "j": 49.95239330870052,
    "ma20": 33427.6369140625,
    "ma120": 28996.015511067708,
    "ma240": 25550.229622395833,
    "golden_cross": true,
    "death_cross": false,
    "top_divergence": false,
    "bottom_divergence": false
  },
  "tsmc": {
    "close": 1885.0,
    "change_percent": -2.8350515463917527,
    "pe": 28.495842,
    "rsi": 53.65175018281294,
    "k": 45.86065748350403,
    "d": 42.72377491278792,
    "j": 52.134422624936235,
    "ma20": 1883.25,
    "ma120": 1549.559762573242,
    "ma240": 1285.8540641784668,
    "golden_cross": false,
    "death_cross": false,
    "top_divergence": false,
    "bottom_divergence": false
  },
  "etf0050": {
    "close": 76.5999984741211,
    "change_percent": -2.0460339342213483,
    "pe": 26.305885,
    "rsi": 53.920698252653956,
    "k": 47.732257469853806,
    "d": 45.41306675877352,
    "j": 52.370638892014384,
    "ma20": 76.39999923706054,
    "ma120": 64.96656494140625,
    "ma240": 55.59889950752258,
    "golden_cross": false,
    "death_cross": false,
    "top_divergence": false,
    "bottom_divergence": false
  },
  "etf00631l": {
    "close": 470.0,
    "change_percent": -3.2125218096043766,
    "pe": null,
    "rsi": 51.570858992874705,
    "k": 40.074171775826095,
    "d": 39.49856594223179,
    "j": 41.22538344301469,
    "ma20": 475.5925003051758,
    "ma120": 368.4733332316081,
    "ma240": 289.760000038147,
    "golden_cross": true,
    "death_cross": false,
    "top_divergence": false,
    "bottom_divergence": false
  },
  "etf00675l": {
    "close": 186.39999389648438,
    "change_percent": -3.3946634648119827,
    "pe": null,
    "rsi": 51.595524714759186,
    "k": 40.672604360609064,
    "d": 39.91742301063504,
    "j": 42.18296706055712,
    "ma20": 188.57750091552734,
    "ma120": 146.26500034332275,
    "ma240": 115.12875010172526,
    "golden_cross": true,
    "death_cross": false,
    "top_divergence": false,
    "bottom_divergence": false
  },
  "nasdaq": {
    "close": 22716.130859375,
    "change_percent": 0.08384881913343313,
    "pe": null,
    "rsi": 47.14630099968189,
    "k": 61.426796151090784,
    "d": 55.131349941392635,
    "j": 74.01768857048707,
    "ma20": 22730.98017578125,
    "ma120": 23088.360237630208,
    "ma240": 21364.307967122397,
    "golden_cross": false,
    "death_cross": false,
    "top_divergence": false,
    "bottom_divergence": true
  },
  "tqqq": {
    "close": 49.349998474121094,
    "change_percent": -0.10122074941964865,
    "pe": 33.11802,
    "rsi": 47.21620080748427,
    "k": 62.18129833672707,
    "d": 57.62768815921105,
    "j": 71.2885186917591,
    "ma20": 49.38799991607666,
    "ma120": 52.7608411471049,
    "ma240": 45.099161275227864,
    "golden_cross": false,
    "death_cross": false,
    "top_divergence": false,
    "bottom_divergence": true
  },
  "qld": {
    "close": 67.9000015258789,
    "change_percent": -0.014728516700183124,
    "pe": 33.222763,
    "rsi": 47.813158518069706,
    "k": 63.4348645711069,
    "d": 58.83001257320913,
    "j": 72.64456856690242,
    "ma20": 67.81700019836425,
    "ma120": 70.25329596201578,
    "ma240": 62.42474660873413,
    "golden_cross": false,
    "death_cross": false,
    "top_divergence": false,
    "bottom_divergence": true
  },
  "nvda": {
    "close": 186.02999877929688,
    "change_percent": 0.687372237792639,
    "pe": 38.042946,
    "rsi": 51.37988877379058,
    "k": 54.4468975907544,
    "d": 42.287163866629484,
    "j": 78.76636503900423,
    "ma20": 185.62495803833008,
    "ma120": 185.42088190714517,
    "ma240": 166.32740825017294,
    "golden_cross": false,
    "death_cross": false,
    "top_divergence": false,
    "bottom_divergence": false
  },
  "msft": {
    "close": 404.8800048828125,
    "change_percent": -0.2168781697636512,
    "pe": 25.320826,
    "rsi": 44.92011015790802,
    "k": 73.45942009459654,
    "d": 74.74461454214386,
    "j": 70.88903119950189,
    "ma20": 400.5508178710937,
    "ma120": 472.5921396891276,
    "ma240": 468.6867776234945,
    "golden_cross": false,
    "death_cross": true,
    "top_divergence": false,
    "bottom_divergence": false
  },
  "goog": {
    "close": 308.4200134277344,
    "change_percent": 0.4854594818066788,
    "pe": 28.583876,
    "rsi": 46.99282601531512,
    "k": 59.250353267752644,
    "d": 46.54573416727789,
    "j": 84.65959146870215,
    "ma20": 306.82130279541013,
    "ma120": 296.53211606343586,
    "ma240": 239.41154073079426,
    "golden_cross": false,
    "death_cross": false,
    "top_divergence": false,
    "bottom_divergence": true
  },
  "tsla": {
    "close": 407.82000732421875,
    "change_percent": 2.149087591352466,
    "pe": 384.73587,
    "rsi": 48.10890999967412,
    "k": 55.58665442814921,
    "d": 47.74598066033002,
    "j": 71.26800196378758,
    "ma20": 407.7834991455078,
    "ma120": 433.86700032552085,
    "ma240": 374.32925001780194,
    "golden_cross": false,
    "death_cross": false,
    "top_divergence": false,
    "bottom_divergence": false
  },
  "smh": {
    "close": 401.0299987792969,
    "change_percent": 0.9312189696405657,
    "pe": 41.13035,
    "rsi": 50.23575828952202,
    "k": 47.92822518804671,
    "d": 37.824918937831015,
    "j": 68.13483768847809,
    "ma20": 405.7835006713867,
    "ma120": 367.25183563232423,
    "ma240": 312.7062298456828,
    "golden_cross": false,
    "death_cross": false,
    "top_divergence": false,
    "bottom_divergence": false
  },
  "aapl": {
    "close": 260.80999755859375,
    "change_percent": -0.00766361795074388,
    "pe": 33.013924,
    "rsi": 45.46565170126967,
    "k": 31.11678321828588,
    "d": 31.277336612965875,
    "j": 30.795676428925887,
    "ma20": 264.3169998168945,
    "ma120": 264.7725388844808,
    "ma240": 237.79064044952392,
    "golden_cross": false,
    "death_cross": false,
    "top_divergence": false,
    "bottom_divergence": false
  },
  "amzn": {
    "close": 212.64999389648438,
    "change_percent": -0.7838417021498354,
    "pe": 29.658297,
    "rsi": 46.852519778829915,
    "k": 65.0600761067979,
    "d": 70.3933127365454,
    "j": 54.39360284730287,
    "ma20": 208.61650009155272,
    "ma120": 226.42191683451335,
    "ma240": 218.74866682688395,
    "golden_cross": false,
    "death_cross": false,
    "top_divergence": false,
    "bottom_divergence": false
  },
  "meta": {
    "close": 654.8599853515625,
    "change_percent": 0.12077881855117115,
    "pe": 27.854528,
    "rsi": 49.94643880162105,
    "k": 58.07845547932242,
    "d": 58.71879661848537,
    "j": 56.79777320099652,
    "ma20": 650.7384979248047,
    "ma120": 669.2783859252929,
    "ma240": 671.0758739471436,
    "golden_cross": false,
    "death_cross": false,
    "top_divergence": false,
    "bottom_divergence": false
  },
  "btc": {
    "close": 69713.0625,
    "change_percent": -0.7005500084852093,
    "pe": null,
    "rsi": 50.50576340029836,
    "k": 48.711255691809605,
    "d": 49.29530356317828,
    "j": 47.54315994907225,
    "ma20": 67931.845703125,
    "ma120": 82893.44586588541,
    "ma240": 98267.91961263021,
    "golden_cross": false,
    "death_cross": false,
    "top_divergence": false,
    "bottom_divergence": false
  },
  "gld": {
    "close": 476.239990234375,
    "change_percent": -0.3390104145245948,
    "pe": null,
    "rsi": 55.458177017722846,
    "k": 61.09735676482698,
    "d": 65.10257661913093,
    "j": 53.08691705621908,
    "ma20": 470.15250091552736,
    "ma120": 407.10433400472004,
    "ma240": 357.36237513224285,
    "golden_cross": false,
    "death_cross": false,
    "top_divergence": false,
    "bottom_divergence": false
  }
}