{
  "twii": {
    "close": 28400.73046875,
    "change_percent": 0.7739912655269684,
    "pe": null,
    "rsi": 62.22392842828268,
    "k": 92.04087386239546,
    "d": 87.27624185340194,
    "j": 101.57013788038248,
    "ma20": 27465.82080078125,
    "ma120": 25326.23095703125,
    "ma240": 23633.021036783855,
    "golden_cross": false,
    "death_cross": false,
    "top_divergence": false,
    "bottom_divergence": false
  },
  "tsmc": {
    "close": 1505.0,
    "change_percent": 1.6891891891891893,
    "pe": 24.839083,
    "rsi": 60.74300610787689,
    "k": 90.18138445553674,
    "d": 82.78299357019807,
    "j": 104.97816622621406,
    "ma20": 1437.75,
    "ma120": 1274.2785364786785,
    "ma240": 1134.187464396159,
    "golden_cross": false,
    "death_cross": false,
    "top_divergence": false,
    "bottom_divergence": false
  },
  "etf0050": {
    "close": 64.05000305175781,
    "change_percent": 0.8820308056172963,
    "pe": 22.710955,
    "rsi": 61.63266129637572,
    "k": 92.71789770285125,
    "d": 87.7444584082751,
    "j": 102.66477629200355,
    "ma20": 61.797000312805174,
    "ma120": 56.062819480895996,
    "ma240": 50.854407676060994,
    "golden_cross": false,
    "death_cross": false,
    "top_divergence": false,
    "bottom_divergence": false
  },
  "etf00631l": {
    "close": 350.8500061035156,
    "change_percent": 1.2700227280855256,
    "pe": null,
    "rsi": 61.070889170358555,
    "k": 93.24936482586043,
    "d": 88.20256675603025,
    "j": 103.34296096552077,
    "ma20": 329.70999908447266,
    "ma120": 282.5870827992757,
    "ma240": 246.68499972025555,
    "golden_cross": false,
    "death_cross": false,
    "top_divergence": false,
    "bottom_divergence": false
  },
  "etf00675l": {
    "close": 139.0,
    "change_percent": 0.8342356514810821,
    "pe": null,
    "rsi": 60.96361317730635,
    "k": 92.75104929621338,
    "d": 86.02062427144836,
    "j": 106.2118993457434,
    "ma20": 130.80250205993653,
    "ma120": 111.86583347320557,
    "ma240": 97.98833325703939,
    "golden_cross": false,
    "death_cross": false,
    "top_divergence": false,
    "bottom_divergence": false
  },
  "nasdaq": {
    "close": 23576.490234375,
    "change_percent": 0.12991579528714733,
    "pe": null,
    "rsi": 59.19350349890974,
    "k": 86.85810787017462,
    "d": 87.02366966540367,
    "j": 86.52698427971649,
    "ma20": 23076.465625,
    "ma120": 22024.408447265625,
    "ma240": 20308.399015299477,
    "golden_cross": false,
    "death_cross": true,
    "top_divergence": false,
    "bottom_divergence": false
  },
  "tqqq": {
    "close": 56.0099983215332,
    "change_percent": 0.3763424504371349,
    "pe": 35.01373,
    "rsi": 57.284692244553284,
    "k": 84.66592437704114,
    "d": 85.28805118518925,
    "j": 83.42167076074492,
    "ma20": 53.001749992370605,
    "ma120": 48.542868010203044,
    "ma240": 41.57269713878632,
    "golden_cross": false,
    "death_cross": true,
    "top_divergence": false,
    "bottom_divergence": false
  },
  "qld": {
    "close": 73.0999984741211,
    "change_percent": 0.2881041106202554,
    "pe": 34.696007,
    "rsi": 57.81191986238402,
    "k": 85.14763651327057,
    "d": 85.71705322636582,
    "j": 84.00880308708005,
    "ma20": 70.32975044250489,
    "ma120": 65.72398080825806,
    "ma240": 58.12429089546204,
    "golden_cross": false,
    "death_cross": true,
    "top_divergence": false,
    "bottom_divergence": false
  },
  "nvda": {
    "close": 184.97000122070312,
    "change_percent": -0.31258519079242497,
    "pe": 45.898262,
    "rsi": 50.386214169408184,
    "k": 73.3631047347677,
    "d": 61.720164148743535,
    "j": 96.64898590681602,
    "ma20": 183.6368263244629,
    "ma120": 178.28168131510418,
    "ma240": 151.7727504412333,
    "golden_cross": false,
    "death_cross": false,
    "top_divergence": false,
    "bottom_divergence": false
  },
  "msft": {
    "close": 492.0199890136719,
    "change_percent": 0.20365769670777212,
    "pe": 34.99431,
    "rsi": 48.78582045732158,
    "k": 76.57030597748232,
    "d": 63.962061323688616,
    "j": 101.78679528506973,
    "ma20": 489.7835494995117,
    "ma120": 506.46225814819337,
    "ma240": 460.8432103474935,
    "golden_cross": false,
    "death_cross": false,
    "top_divergence": false,
    "bottom_divergence": false
  },
  "goog": {
    "close": 317.75,
    "change_percent": 1.0494475003537496,
    "pe": 31.367226,
    "rsi": 64.59834851885005,
    "k": 48.501492456332144,
    "d": 61.16906907702792,
    "j": 23.166339214940606,
    "ma20": 304.5918960571289,
    "ma120": 235.74175605773925,
    "ma240": 205.10118255615234,
    "golden_cross": false,
    "death_cross": false,
    "top_divergence": false,
    "bottom_divergence": false
  },
  "tsla": {
    "close": 445.1700134277344,
    "change_percent": 1.2716745589485035,
    "pe": 307.0138,
    "rsi": 55.786822436583584,
    "k": 77.55397345620882,
    "d": 81.84432192682428,
    "j": 68.9732765149779,
    "ma20": 423.56849975585936,
    "ma120": 381.8394162495931,
    "ma240": 351.49591643015543,
    "golden_cross": false,
    "death_cross": false,
    "top_divergence": false,
    "bottom_divergence": false
  },
  "smh": {
    "close": 369.0,
    "change_percent": 0.12210343832219642,
    "pe": 41.6486,
    "rsi": 63.61088724580115,
    "k": 92.83797324793551,
    "d": 89.2591961395598,
    "j": 99.99552746468692,
    "ma20": 349.0044998168945,
    "ma120": 315.99916610717776,
    "ma240": 275.0484995524088,
    "golden_cross": false,
    "death_cross": false,
    "top_divergence": false,
    "bottom_divergence": false
  },
  "aapl": {
    "close": 277.17999267578125,
    "change_percent": -0.25550467279456174,
    "pe": 37.205368,
    "rsi": 56.44827823719434,
    "k": 37.31620220404983,
    "d": 56.926108082605666,
    "j": -1.903609553061841,
    "ma20": 275.6280014038086,
    "ma120": 240.90924949645995,
    "ma240": 229.59944394429525,
    "golden_cross": false,
    "death_cross": false,
    "top_divergence": false,
    "bottom_divergence": false
  },
  "amzn": {
    "close": 227.9199981689453,
    "change_percent": 0.45396393938368856,
    "pe": 32.19209,
    "rsi": 46.66242297792094,
    "k": 37.82021629638049,
    "d": 50.65970687741873,
    "j": 12.141235134303997,
    "ma20": 230.6985008239746,
    "ma120": 226.68341687520345,
    "ma240": 217.12133363087972,
    "golden_cross": false,
    "death_cross": false,
    "top_divergence": false,
    "bottom_divergence": false
  },
  "meta": {
    "close": 656.9600219726562,
    "change_percent": -1.4756997601157216,
    "pe": 29.069027,
    "rsi": 53.11516478916262,
    "k": 77.07759154810527,
    "d": 82.34740563006112,
    "j": 66.5379633841936,
    "ma20": 627.2985015869141,
    "ma120": 712.2691782633464,
    "ma240": 668.1015959421794,
    "golden_cross": false,
    "death_cross": true,
    "top_divergence": false,
    "bottom_divergence": false
  },
  "btc": {
    "close": 92569.6796875,
    "change_percent": -0.13165281853766084,
    "pe": null,
    "rsi": 49.551102831340216,
    "k": 72.3898995636475,
    "d": 69.26775204012134,
    "j": 78.63419461069984,
    "ma20": 89721.7078125,
    "ma120": 107458.18665364584,
    "ma240": 107061.11298828125,
    "golden_cross": false,
    "death_cross": false,
    "top_divergence": false,
    "bottom_divergence": false
  },
  "gld": {
    "close": 387.3999938964844,
    "change_percent": 0.5137202012788687,
    "pe": null,
    "rsi": 60.93552235834456,
    "k": 66.78959332679449,
    "d": 72.11044516730396,
    "j": 56.147889645775535,
    "ma20": 381.8154983520508,
    "ma120": 341.44433263142906,
    "ma240": 311.14945793151855,
    "golden_cross": false,
    "death_cross": false,
    "top_divergence": false,
    "bottom_divergence": false
  }
}