{
  "twii": {
    "close": 27468.529296875,
    "change_percent": -0.20577756708047118,
    "pe": null,
    "rsi": 47.136676438101155,
    "k": 26.100272548358348,
    "d": 44.89564890769036,
    "j": -11.490480170305673,
    "ma20": 27621.27578125,
    "ma120": 25602.485286458334,
    "ma240": 23752.879825846354,
    "golden_cross": false,
    "death_cross": false,
    "top_divergence": false,
    "bottom_divergence": false
  },
  "tsmc": {
    "close": 1430.0,
    "change_percent": 0.0,
    "pe": 23.585684,
    "rsi": 47.31848795826107,
    "k": 25.383479127718523,
    "d": 43.1688631410416,
    "j": -10.18728889892762,
    "ma20": 1439.650341796875,
    "ma120": 1290.3449289957682,
    "ma240": 1140.2875544230144,
    "golden_cross": false,
    "death_cross": false,
    "top_divergence": false,
    "bottom_divergence": false
  },
  "etf0050": {
    "close": 61.900001525878906,
    "change_percent": 0.0,
    "pe": 21.948605,
    "rsi": 47.26021569557729,
    "k": 26.651297679691094,
    "d": 45.88083344063165,
    "j": -11.807773842190016,
    "ma20": 62.13999996185303,
    "ma120": 56.82857163747152,
    "ma240": 51.21997416814168,
    "golden_cross": false,
    "death_cross": false,
    "top_divergence": false,
    "bottom_divergence": false
  },
  "etf00631l": {
    "close": 328.8999938964844,
    "change_percent": -0.5743633514501477,
    "pe": null,
    "rsi": 46.46767808207807,
    "k": 28.014026073912785,
    "d": 47.559351380554055,
    "j": -11.07662453936976,
    "ma20": 333.08999786376955,
    "ma120": 289.006665802002,
    "ma240": 249.12374954223634,
    "golden_cross": false,
    "death_cross": false,
    "top_divergence": false,
    "bottom_divergence": false
  },
  "etf00675l": {
    "close": 130.6999969482422,
    "change_percent": -0.3810975698400723,
    "pe": null,
    "rsi": 46.65904766074731,
    "k": 28.466857206626024,
    "d": 47.459083711226654,
    "j": -9.517595802575244,
    "ma20": 132.17250175476073,
    "ma120": 114.86833349863689,
    "ma240": 99.11999994913737,
    "golden_cross": false,
    "death_cross": false,
    "top_divergence": false,
    "bottom_divergence": false
  },
  "nasdaq": {
    "close": 22693.3203125,
    "change_percent": -1.8092349338311924,
    "pe": null,
    "rsi": 39.690878544817465,
    "k": 25.066920996335732,
    "d": 46.63825684160826,
    "j": -18.075750694209333,
    "ma20": 23152.40263671875,
    "ma120": 22190.237939453124,
    "ma240": 20397.788533528645,
    "golden_cross": false,
    "death_cross": false,
    "top_divergence": false,
    "bottom_divergence": false
  },
  "tqqq": {
    "close": 49.400001525878906,
    "change_percent": -5.599083131384496,
    "pe": 30.8816,
    "rsi": 37.48416438560867,
    "k": 23.162763298499307,
    "d": 44.19491113181909,
    "j": -18.901532368140252,
    "ma20": 53.13975009918213,
    "ma120": 49.26767218907674,
    "ma240": 41.867758838335675,
    "golden_cross": false,
    "death_cross": false,
    "top_divergence": false,
    "bottom_divergence": false
  },
  "qld": {
    "close": 67.27999877929688,
    "change_percent": -3.7482155785247504,
    "pe": 31.933617,
    "rsi": 37.9629017332091,
    "k": 23.31912708958377,
    "d": 44.43324266584405,
    "j": -18.90910406293679,
    "ma20": 70.52925033569336,
    "ma120": 66.44758475621542,
    "ma240": 58.49290935198466,
    "golden_cross": false,
    "death_cross": false,
    "top_divergence": false,
    "bottom_divergence": false
  },
  "nvda": {
    "close": 170.94000244140625,
    "change_percent": -3.814989158635597,
    "pe": 42.41687,
    "rsi": 37.15807657251206,
    "k": 21.353407387353716,
    "d": 36.124068119884505,
    "j": -8.187914077707859,
    "ma20": 180.27647705078124,
    "ma120": 179.6298583984375,
    "ma240": 152.7629850069682,
    "golden_cross": false,
    "death_cross": false,
    "top_divergence": false,
    "bottom_divergence": false
  },
  "msft": {
    "close": 476.1199951171875,
    "change_percent": -0.05668035075194992,
    "pe": 33.887543,
    "rsi": 40.79334889023488,
    "k": 27.993846162331316,
    "d": 36.43498929035364,
    "j": 11.111559906286658,
    "ma20": 481.7329986572266,
    "ma120": 505.9541381835937,
    "ma240": 462.150922648112,
    "golden_cross": false,
    "death_cross": false,
    "top_divergence": false,
    "bottom_divergence": false
  },
  "goog": {
    "close": 298.05999755859375,
    "change_percent": -3.1423693115729283,
    "pe": 29.423494,
    "rsi": 45.64307487331626,
    "k": 19.02636127513785,
    "d": 31.30458881651993,
    "j": -5.530093807626308,
    "ma20": 312.3725082397461,
    "ma120": 242.71045672098796,
    "ma240": 208.02771612803141,
    "golden_cross": false,
    "death_cross": false,
    "top_divergence": false,
    "bottom_divergence": false
  },
  "tsla": {
    "close": 467.260009765625,
    "change_percent": -4.617456293730253,
    "pe": 322.24826,
    "rsi": 58.501616845953016,
    "k": 74.73569660592037,
    "d": 78.98607206902454,
    "j": 66.23494567971201,
    "ma20": 435.834001159668,
    "ma120": 387.3906667073568,
    "ma240": 352.1687082290649,
    "golden_cross": false,
    "death_cross": true,
    "top_divergence": false,
    "bottom_divergence": false
  },
  "smh": {
    "close": 339.239990234375,
    "change_percent": -3.6085730860178784,
    "pe": 38.289623,
    "rsi": 40.40663863299638,
    "k": 22.759444131060768,
    "d": 45.036582928078836,
    "j": -21.794833462975376,
    "ma20": 352.6654998779297,
    "ma120": 320.32116572062176,
    "ma240": 277.8021246592204,
    "golden_cross": false,
    "death_cross": false,
    "top_divergence": false,
    "bottom_divergence": false
  },
  "aapl": {
    "close": 271.8399963378906,
    "change_percent": -1.008699304989098,
    "pe": 36.48859,
    "rsi": 45.18657298099773,
    "k": 15.839676602161894,
    "d": 25.245387197648935,
    "j": -2.971744588812186,
    "ma20": 276.9614990234375,
    "ma120": 244.67378794352214,
    "ma240": 230.19615389506023,
    "golden_cross": false,
    "death_cross": false,
    "top_divergence": false,
    "bottom_divergence": false
  },
  "amzn": {
    "close": 221.27000427246094,
    "change_percent": -0.5796159688549573,
    "pe": 31.252827,
    "rsi": 39.72650106324554,
    "k": 13.327839517646833,
    "d": 23.701297894350148,
    "j": -7.419077235759801,
    "ma20": 227.38000030517577,
    "ma120": 227.27741673787435,
    "ma240": 217.17908356984455,
    "golden_cross": false,
    "death_cross": false,
    "top_divergence": false,
    "bottom_divergence": false
  },
  "meta": {
    "close": 649.5,
    "change_percent": -1.1641214532227284,
    "pe": 28.738937,
    "rsi": 50.27200029512671,
    "k": 25.00214007060072,
    "d": 37.0978147488348,
    "j": 0.8107907141325654,
    "ma20": 639.1614013671875,
    "ma120": 708.7263046264649,
    "ma240": 668.9072266896566,
    "golden_cross": false,
    "death_cross": false,
    "top_divergence": false,
    "bottom_divergence": false
  },
  "btc": {
    "close": 86808.9296875,
    "change_percent": 0.7721649158233952,
    "pe": null,
    "rsi": 40.01394169157362,
    "k": 19.98502174617783,
    "d": 28.92877253693463,
    "j": 2.0975201646642248,
    "ma20": 89873.9,
    "ma120": 105545.84264322916,
    "ma240": 107143.0939453125,
    "golden_cross": false,
    "death_cross": false,
    "top_divergence": false,
    "bottom_divergence": false
  },
  "gld": {
    "close": 399.2900085449219,
    "change_percent": 0.858822847427378,
    "pe": null,
    "rsi": 72.24350255893513,
    "k": 79.95474940645242,
    "d": 75.51475885218923,
    "j": 88.83473051497879,
    "ma20": 386.7164993286133,
    "ma120": 345.82924931844076,
    "ma240": 314.9603745142619,
    "golden_cross": true,
    "death_cross": false,
    "top_divergence": false,
    "bottom_divergence": false
  }
}