{
  "twii": {
    "close": 30567.2890625,
    "change_percent": 0.9189094521080416,
    "pe": null,
    "rsi": 75.03287726888544,
    "k": 91.63468330887702,
    "d": 91.21582652908366,
    "j": 92.47239686846373,
    "ma20": 28892.24111328125,
    "ma120": 26426.227392578126,
    "ma240": 24140.552213541665,
    "golden_cross": true,
    "death_cross": false,
    "top_divergence": false,
    "bottom_divergence": false
  },
  "tsmc": {
    "close": 1690.0,
    "change_percent": 0.5952380952380952,
    "pe": 27.864798,
    "rsi": 74.14532407928425,
    "k": 90.81882634052701,
    "d": 90.5498193358087,
    "j": 91.35684034996359,
    "ma20": 1545.25,
    "ma120": 1352.008321126302,
    "ma240": 1171.842236328125,
    "golden_cross": true,
    "death_cross": false,
    "top_divergence": false,
    "bottom_divergence": false
  },
  "etf0050": {
    "close": 70.3499984741211,
    "change_percent": 0.7158196290945466,
    "pe": 24.944818,
    "rsi": 77.31167278158266,
    "k": 93.86038920409959,
    "d": 92.61115585748303,
    "j": 96.35885589733272,
    "ma20": 65.65749988555908,
    "ma120": 59.04125006993612,
    "ma240": 52.36077764829,
    "golden_cross": false,
    "death_cross": false,
    "top_divergence": false,
    "bottom_divergence": false
  },
  "etf00631l": {
    "close": 406.04998779296875,
    "change_percent": 1.6013997233144144,
    "pe": null,
    "rsi": 77.00763996797288,
    "k": 93.29497035494781,
    "d": 92.48523870857582,
    "j": 94.9144336476918,
    "ma20": 364.1324981689453,
    "ma120": 307.8662492116292,
    "ma240": 257.399166170756,
    "golden_cross": true,
    "death_cross": false,
    "top_divergence": false,
    "bottom_divergence": false
  },
  "etf00675l": {
    "close": 161.3000030517578,
    "change_percent": 1.7023939749913655,
    "pe": null,
    "rsi": 77.31660094777988,
    "k": 93.78380648635749,
    "d": 92.67004118605462,
    "j": 96.01133708696324,
    "ma20": 144.52500076293944,
    "ma120": 122.3200002670288,
    "ma240": 102.37750005722046,
    "golden_cross": true,
    "death_cross": false,
    "top_divergence": false,
    "bottom_divergence": false
  },
  "nasdaq": {
    "close": 23671.349609375,
    "change_percent": 0.8148633687052739,
    "pe": null,
    "rsi": 58.31239614532719,
    "k": 73.14766220813988,
    "d": 66.46709079811058,
    "j": 86.50880502819848,
    "ma20": 23360.5984375,
    "ma120": 22544.66531575521,
    "ma240": 20640.35419108073,
    "golden_cross": false,
    "death_cross": false,
    "top_divergence": false,
    "bottom_divergence": false
  },
  "tqqq": {
    "close": 55.7599983215332,
    "change_percent": 2.8972130182900626,
    "pe": 35.12664,
    "rsi": 56.48890178651834,
    "k": 71.932109049806,
    "d": 64.88278217890425,
    "j": 86.0307627916095,
    "ma20": 53.71421585083008,
    "ma120": 50.69422067006429,
    "ma240": 42.64979879856109,
    "golden_cross": false,
    "death_cross": false,
    "top_divergence": false,
    "bottom_divergence": false
  },
  "qld": {
    "close": 73.13999938964844,
    "change_percent": 1.937281379300958,
    "pe": 34.509167,
    "rsi": 56.987592777278465,
    "k": 72.65001217228,
    "d": 65.65919334820393,
    "j": 86.63164982043213,
    "ma20": 71.25391273498535,
    "ma120": 67.94281314214071,
    "ma240": 59.494525814056395,
    "golden_cross": false,
    "death_cross": false,
    "top_divergence": false,
    "bottom_divergence": false
  },
  "nvda": {
    "close": 184.86000061035156,
    "change_percent": -0.09727230993946373,
    "pe": 45.6358,
    "rsi": 49.70354283790023,
    "k": 30.51824901812203,
    "d": 47.11346932237751,
    "j": -2.672191590388934,
    "ma20": 183.6775001525879,
    "ma120": 182.39632237752278,
    "ma240": 155.74001970291138,
    "golden_cross": false,
    "death_cross": false,
    "top_divergence": false,
    "bottom_divergence": false
  },
  "msft": {
    "close": 479.2799987792969,
    "change_percent": 0.24471637564190254,
    "pe": 34.136753,
    "rsi": 45.48244339517662,
    "k": 48.27709968942515,
    "d": 50.02064805252104,
    "j": 44.79000296323338,
    "ma20": 481.50450286865237,
    "ma120": 503.7778579711914,
    "ma240": 465.72573267618816,
    "golden_cross": false,
    "death_cross": false,
    "top_divergence": false,
    "bottom_divergence": true
  },
  "goog": {
    "close": 329.1400146484375,
    "change_percent": 0.9600947176630318,
    "pe": 32.460056,
    "rsi": 68.52633098810965,
    "k": 75.01653275232675,
    "d": 69.6690142746218,
    "j": 85.71156970773666,
    "ma20": 313.84199981689454,
    "ma120": 259.5874181111654,
    "ma240": 215.5501117070516,
    "golden_cross": false,
    "death_cross": false,
    "top_divergence": false,
    "bottom_divergence": false
  },
  "tsla": {
    "close": 445.010009765625,
    "change_percent": 2.1133598509946645,
    "pe": 302.7279,
    "rsi": 47.56146725849917,
    "k": 24.03800521209145,
    "d": 19.28070832075843,
    "j": 33.55259899475749,
    "ma20": 461.82300262451173,
    "ma120": 406.94241689046225,
    "ma240": 355.70541693369546,
    "golden_cross": true,
    "death_cross": false,
    "top_divergence": false,
    "bottom_divergence": false
  },
  "smh": {
    "close": 389.2200012207031,
    "change_percent": 2.7019868957532993,
    "pe": 43.379868,
    "rsi": 66.12983830076251,
    "k": 83.52409409307862,
    "d": 81.35555113711966,
    "j": 87.86118000499653,
    "ma20": 364.85851135253904,
    "ma120": 329.8746966044108,
    "ma240": 284.1664383570353,
    "golden_cross": true,
    "death_cross": false,
    "top_divergence": false,
    "bottom_divergence": false
  },
  "aapl": {
    "close": 259.3699951171875,
    "change_percent": 0.1273882648936061,
    "pe": 34.721554,
    "rsi": 27.271241326607885,
    "k": 16.16783936860777,
    "d": 22.409706695382678,
    "j": 3.6841047150579485,
    "ma20": 270.5669967651367,
    "ma120": 252.05611356099448,
    "ma240": 232.50254287719727,
    "golden_cross": false,
    "death_cross": false,
    "top_divergence": false,
    "bottom_divergence": false
  },
  "amzn": {
    "close": 247.3800048828125,
    "change_percent": 0.4425724253495523,
    "pe": 34.934605,
    "rsi": 69.19749286554516,
    "k": 88.76945163100426,
    "d": 80.97126278888922,
    "j": 104.36582931523435,
    "ma20": 231.6779998779297,
    "ma120": 228.61366653442383,
    "ma240": 217.6714167912801,
    "golden_cross": false,
    "death_cross": false,
    "top_divergence": false,
    "bottom_divergence": false
  },
  "meta": {
    "close": 653.0599975585938,
    "change_percent": 1.0834907015528603,
    "pe": 28.89646,
    "rsi": 49.17353087269493,
    "k": 39.14415260172575,
    "d": 39.82953176484617,
    "j": 37.773394275484904,
    "ma20": 656.6451568603516,
    "ma120": 701.5559641520182,
    "ma240": 671.4291648864746,
    "golden_cross": false,
    "death_cross": false,
    "top_divergence": false,
    "bottom_divergence": false
  },
  "btc": {
    "close": 91758.6171875,
    "change_percent": 1.0251924257144491,
    "pe": null,
    "rsi": 56.316982616270685,
    "k": 43.734454390165595,
    "d": 51.25285686299575,
    "j": 28.697649444505302,
    "ma20": 89749.458984375,
    "ma120": 100794.79791666666,
    "ma240": 106194.02998046875,
    "golden_cross": false,
    "death_cross": false,
    "top_divergence": false,
    "bottom_divergence": false
  },
  "gld": {
    "close": 414.4700012207031,
    "change_percent": 0.7242001159325361,
    "pe": null,
    "rsi": 64.3938448674323,
    "k": 71.44491808172548,
    "d": 58.788968657931676,
    "j": 96.75681692931309,
    "ma20": 403.8500015258789,
    "ma120": 358.19649912516275,
    "ma240": 324.79470780690514,
    "golden_cross": false,
    "death_cross": false,
    "top_divergence": false,
    "bottom_divergence": false
  }
}