{
  "twii": {
    "close": 30288.9609375,
    "change_percent": -0.23579889662019007,
    "pe": null,
    "rsi": 72.87633596970213,
    "k": 90.1466285982109,
    "d": 91.00639813918698,
    "j": 88.42708951625872,
    "ma20": 28765.11416015625,
    "ma120": 26366.359407552085,
    "ma240": 24106.99921875,
    "golden_cross": false,
    "death_cross": true,
    "top_divergence": false,
    "bottom_divergence": false
  },
  "tsmc": {
    "close": 1680.0,
    "change_percent": -0.2967359050445104,
    "pe": 27.69535,
    "rsi": 73.27383600040763,
    "k": 90.07439335694437,
    "d": 90.41531583344957,
    "j": 89.39254840393397,
    "ma20": 1534.25,
    "ma120": 1347.2729777018228,
    "ma240": 1169.26923828125,
    "golden_cross": false,
    "death_cross": true,
    "top_divergence": false,
    "bottom_divergence": false
  },
  "etf0050": {
    "close": 69.8499984741211,
    "change_percent": -0.35663338864735183,
    "pe": 24.767527,
    "rsi": 75.96090851166444,
    "k": 92.51476029236781,
    "d": 91.98653918417476,
    "j": 93.57120250875394,
    "ma20": 65.30749988555908,
    "ma120": 58.88075008392334,
    "ma240": 52.26568830808004,
    "golden_cross": false,
    "death_cross": false,
    "top_divergence": false,
    "bottom_divergence": false
  },
  "etf00631l": {
    "close": 399.6499938964844,
    "change_percent": -0.2620459891586821,
    "pe": null,
    "rsi": 75.03127307115389,
    "k": 91.71110422775118,
    "d": 92.08037288538983,
    "j": 90.97256691247384,
    "ma20": 360.97999877929686,
    "ma120": 306.47291603088377,
    "ma240": 256.65979124704995,
    "golden_cross": false,
    "death_cross": true,
    "top_divergence": false,
    "bottom_divergence": false
  },
  "etf00675l": {
    "close": 158.60000610351562,
    "change_percent": -0.31426774407204217,
    "pe": null,
    "rsi": 75.22632264587938,
    "k": 91.87763263011425,
    "d": 92.11315853590318,
    "j": 91.40658081853638,
    "ma20": 143.26500091552734,
    "ma120": 121.76833356221518,
    "ma240": 102.08500003814697,
    "golden_cross": false,
    "death_cross": true,
    "top_divergence": false,
    "bottom_divergence": false
  },
  "nasdaq": {
    "close": 23480.01953125,
    "change_percent": -0.4420731467457426,
    "pe": null,
    "rsi": 53.83966546872716,
    "k": 64.02860941707874,
    "d": 63.12680509309594,
    "j": 65.83221806504434,
    "ma20": 23359.7384765625,
    "ma120": 22522.188899739584,
    "ma240": 20622.314526367187,
    "golden_cross": false,
    "death_cross": false,
    "top_divergence": false,
    "bottom_divergence": false
  },
  "tqqq": {
    "close": 54.189998626708984,
    "change_percent": -1.7763269435596265,
    "pe": 34.1376,
    "rsi": 51.282580944515345,
    "k": 62.59249208358652,
    "d": 61.358118743453375,
    "j": 65.0612387638528,
    "ma20": 53.75428771972656,
    "ma120": 50.59558871587117,
    "ma240": 42.580983996391296,
    "golden_cross": false,
    "death_cross": false,
    "top_divergence": false,
    "bottom_divergence": false
  },
  "qld": {
    "close": 71.75,
    "change_percent": -1.1571791986055833,
    "pe": 33.853333,
    "rsi": 51.84999072109062,
    "k": 63.29599195864285,
    "d": 62.163783936165906,
    "j": 65.56040800359675,
    "ma20": 71.27874221801758,
    "ma120": 67.84391384124756,
    "ma240": 59.41570293108622,
    "golden_cross": false,
    "death_cross": false,
    "top_divergence": false,
    "bottom_divergence": false
  },
  "nvda": {
    "close": 185.0399932861328,
    "change_percent": -2.152190424135594,
    "pe": 45.91563,
    "rsi": 49.9643378359165,
    "k": 39.80346971570557,
    "d": 55.41107947450526,
    "j": 8.58825019810618,
    "ma20": 183.62350006103514,
    "ma120": 182.28382937113443,
    "ma240": 155.4630516688029,
    "golden_cross": false,
    "death_cross": false,
    "top_divergence": false,
    "bottom_divergence": false
  },
  "msft": {
    "close": 478.1099853515625,
    "change_percent": -1.1086553158639079,
    "pe": 34.00498,
    "rsi": 44.26916063982277,
    "k": 48.20774639264201,
    "d": 50.89242223406899,
    "j": 42.83839470978805,
    "ma20": 481.4685028076172,
    "ma120": 504.0194531758626,
    "ma240": 465.5261400858561,
    "golden_cross": false,
    "death_cross": false,
    "top_divergence": false,
    "bottom_divergence": true
  },
  "goog": {
    "close": 326.010009765625,
    "change_percent": 1.1103238442968388,
    "pe": 32.150887,
    "rsi": 66.3009215488874,
    "k": 68.14168443347522,
    "d": 66.99525503576933,
    "j": 70.43454322888698,
    "ma20": 313.4349990844727,
    "ma120": 258.4350410461426,
    "ma240": 214.98293902079266,
    "golden_cross": true,
    "death_cross": false,
    "top_divergence": false,
    "bottom_divergence": false
  },
  "tsla": {
    "close": 435.79998779296875,
    "change_percent": 1.0175897854927154,
    "pe": 302.63885,
    "rsi": 43.48031470155638,
    "k": 13.138936301414176,
    "d": 16.90205987509192,
    "j": 5.6126891540586925,
    "ma20": 462.145002746582,
    "ma120": 405.9714167277018,
    "ma240": 355.5060002009074,
    "golden_cross": false,
    "death_cross": false,
    "top_divergence": false,
    "bottom_divergence": false
  },
  "smh": {
    "close": 378.9800109863281,
    "change_percent": -1.5687440132177848,
    "pe": 42.22882,
    "rsi": 61.04654569167205,
    "k": 77.98007783817238,
    "d": 80.27127965914019,
    "j": 73.39767419623675,
    "ma20": 364.0444900512695,
    "ma120": 329.044603729248,
    "ma240": 283.52418219248455,
    "golden_cross": false,
    "death_cross": true,
    "top_divergence": false,
    "bottom_divergence": false
  },
  "aapl": {
    "close": 259.0400085449219,
    "change_percent": -0.49551649593991814,
    "pe": 34.72386,
    "rsi": 26.27598414284669,
    "k": 15.963596744602782,
    "d": 25.530640358770132,
    "j": -3.1704904837319177,
    "ma20": 271.53749694824216,
    "ma120": 251.66164309183756,
    "ma240": 232.3752727508545,
    "golden_cross": false,
    "death_cross": false,
    "top_divergence": false,
    "bottom_divergence": false
  },
  "amzn": {
    "close": 246.2899932861328,
    "change_percent": 1.958103897724927,
    "pe": 34.835926,
    "rsi": 68.31176882069323,
    "k": 84.19043748890948,
    "d": 77.07216836783171,
    "j": 98.42697573106503,
    "ma20": 230.89799957275392,
    "ma120": 228.46299985249837,
    "ma240": 217.62158342997233,
    "golden_cross": false,
    "death_cross": false,
    "top_divergence": false,
    "bottom_divergence": false
  },
  "meta": {
    "close": 646.0599975585938,
    "change_percent": -0.40543323820534116,
    "pe": 28.574081,
    "rsi": 45.313893098890425,
    "k": 34.96276745674103,
    "d": 40.17222134640639,
    "j": 24.543859677410296,
    "ma20": 656.47216796875,
    "ma120": 702.0463678995768,
    "ma240": 671.4489409128824,
    "golden_cross": false,
    "death_cross": false,
    "top_divergence": false,
    "bottom_divergence": false
  },
  "btc": {
    "close": 90894.4609375,
    "change_percent": -0.14574124196496374,
    "pe": null,
    "rsi": 53.125208676192045,
    "k": 60.17878345096537,
    "d": 67.40946073024955,
    "j": 45.71742889239701,
    "ma20": 89346.17890625,
    "ma120": 101418.70104166666,
    "ma240": 106351.67018229167,
    "golden_cross": false,
    "death_cross": false,
    "top_divergence": false,
    "bottom_divergence": false
  },
  "gld": {
    "close": 411.489990234375,
    "change_percent": 0.5522515913727496,
    "pe": null,
    "rsi": 62.31690110326511,
    "k": 59.22150142501158,
    "d": 52.46099394603479,
    "j": 72.74251638296516,
    "ma20": 402.57900085449216,
    "ma120": 357.35199915568035,
    "ma240": 324.1218744913737,
    "golden_cross": false,
    "death_cross": false,
    "top_divergence": false,
    "bottom_divergence": false
  }
}