{
  "twii": {
    "close": 26434.939453125,
    "change_percent": -3.61484332761537,
    "pe": null,
    "rsi": 40.08329475465647,
    "k": 16.962454665849673,
    "d": 20.983986345073394,
    "j": 8.919391307402229,
    "ma20": 27701.2443359375,
    "ma120": 24711.1861328125,
    "ma240": 23379.19172363281,
    "golden_cross": false,
    "death_cross": true,
    "top_divergence": false,
    "bottom_divergence": false
  },
  "tsmc": {
    "close": 1385.0,
    "change_percent": -4.810996563573884,
    "pe": 22.828417,
    "rsi": 42.29925679027347,
    "k": 17.20352303441369,
    "d": 18.63829039028465,
    "j": 14.333988322671765,
    "ma20": 1462.75,
    "ma120": 1227.0101272583008,
    "ma240": 1111.743571472168,
    "golden_cross": false,
    "death_cross": true,
    "top_divergence": false,
    "bottom_divergence": false
  },
  "etf0050": {
    "close": 59.849998474121094,
    "change_percent": -3.311798063366372,
    "pe": 21.22171,
    "rsi": 41.135712419944845,
    "k": 20.092062542791055,
    "d": 22.169427396561034,
    "j": 15.937332835251098,
    "ma20": 62.80000038146973,
    "ma120": 54.33503325780233,
    "ma240": 50.05996805826823,
    "golden_cross": false,
    "death_cross": true,
    "top_divergence": false,
    "bottom_divergence": false
  },
  "etf00631l": {
    "close": 307.1499938964844,
    "change_percent": -6.85367887900398,
    "pe": null,
    "rsi": 40.6471850832895,
    "k": 21.920248416461078,
    "d": 25.512611736831815,
    "j": 14.735521775719604,
    "ma20": 337.61749877929685,
    "ma120": 268.40874938964845,
    "ma240": 241.58458302815754,
    "golden_cross": false,
    "death_cross": true,
    "top_divergence": false,
    "bottom_divergence": false
  },
  "etf00675l": {
    "close": 121.94999694824219,
    "change_percent": -6.7660595543057145,
    "pe": null,
    "rsi": 40.66723124795214,
    "k": 21.668942085806474,
    "d": 25.44049735413703,
    "j": 14.12583154914536,
    "ma20": 134.05500030517578,
    "ma120": 106.72624988555908,
    "ma240": 96.16895815531413,
    "golden_cross": false,
    "death_cross": true,
    "top_divergence": false,
    "bottom_divergence": false
  },
  "nasdaq": {
    "close": 22078.05078125,
    "change_percent": -2.154647765069265,
    "pe": null,
    "rsi": 35.98895122284403,
    "k": 19.100610741022166,
    "d": 29.717618831559687,
    "j": -2.1334054400528757,
    "ma20": 23231.60830078125,
    "ma120": 21652.303873697918,
    "ma240": 20135.20585123698,
    "golden_cross": false,
    "death_cross": false,
    "top_divergence": false,
    "bottom_divergence": false
  },
  "tqqq": {
    "close": 46.45000076293945,
    "change_percent": -7.146428093740359,
    "pe": 15.20739,
    "rsi": 34.410982550256,
    "k": 17.997138942077093,
    "d": 27.82227683853142,
    "j": -1.653136850831558,
    "ma20": 54.81525001525879,
    "ma120": 46.848101456960045,
    "ma240": 41.02429862817129,
    "golden_cross": false,
    "death_cross": false,
    "top_divergence": false,
    "bottom_divergence": false
  },
  "qld": {
    "close": 64.41000366210938,
    "change_percent": -4.7118832769814984,
    "pe": 15.885597,
    "rsi": 34.70791585910673,
    "k": 18.352817047383766,
    "d": 28.510877643263015,
    "j": -1.9633041443747317,
    "ma20": 71.7060001373291,
    "ma120": 64.04340302149454,
    "ma240": 57.421221542358396,
    "golden_cross": false,
    "death_cross": false,
    "top_divergence": false,
    "bottom_divergence": false
  },
  "nvda": {
    "close": 180.63999938964844,
    "change_percent": -3.152479491810018,
    "pe": 44.602467,
    "rsi": 42.750838105102275,
    "k": 22.56870554672106,
    "d": 31.053407401729316,
    "j": 5.599301836704541,
    "ma20": 193.3185012817383,
    "ma120": 174.47113316853842,
    "ma240": 149.4869725863139,
    "golden_cross": false,
    "death_cross": false,
    "top_divergence": false,
    "bottom_divergence": false
  },
  "msft": {
    "close": 478.42999267578125,
    "change_percent": -1.6001314074220716,
    "pe": 34.003555,
    "rsi": 30.816362515972262,
    "k": 25.29170708842549,
    "d": 34.24879299609944,
    "j": 7.377535273077598,
    "ma20": 510.1339996337891,
    "ma120": 505.2157651265462,
    "ma240": 458.7177604675293,
    "golden_cross": false,
    "death_cross": false,
    "top_divergence": false,
    "bottom_divergence": false
  },
  "goog": {
    "close": 289.9800109863281,
    "change_percent": -1.0273317684467875,
    "pe": 28.597633,
    "rsi": 62.970091397308536,
    "k": 56.3846555633352,
    "d": 57.81924568570428,
    "j": 53.51547531859704,
    "ma20": 281.45599975585935,
    "ma120": 221.65018208821616,
    "ma240": 198.86553688049315,
    "golden_cross": false,
    "death_cross": false,
    "top_divergence": false,
    "bottom_divergence": false
  },
  "tsla": {
    "close": 395.2300109863281,
    "change_percent": -2.168365419886955,
    "pe": 272.57242,
    "rsi": 39.356599151016134,
    "k": 24.369156980130892,
    "d": 27.015057767266562,
    "j": 19.07735540585955,
    "ma20": 434.3085021972656,
    "ma120": 370.53766606648765,
    "ma240": 351.26474984486896,
    "golden_cross": false,
    "death_cross": false,
    "top_divergence": false,
    "bottom_divergence": false
  },
  "smh": {
    "close": 325.1000061035156,
    "change_percent": -4.224604122893847,
    "pe": 36.236423,
    "rsi": 38.562494739418234,
    "k": 20.698596270816576,
    "d": 29.515854219811235,
    "j": 3.064080372827256,
    "ma20": 352.02100067138673,
    "ma120": 306.3958326975505,
    "ma240": 269.59715003967284,
    "golden_cross": false,
    "death_cross": false,
    "top_divergence": false,
    "bottom_divergence": false
  },
  "aapl": {
    "close": 266.25,
    "change_percent": -0.8601420835542569,
    "pe": 35.69035,
    "rsi": 51.76279913135892,
    "k": 25.234441042016687,
    "d": 37.34781150177495,
    "j": 1.007700122500168,
    "ma20": 269.4961868286133,
    "ma120": 232.95939903259278,
    "ma240": 228.05702120463053,
    "golden_cross": false,
    "death_cross": false,
    "top_divergence": false,
    "bottom_divergence": false
  },
  "amzn": {
    "close": 217.13999938964844,
    "change_percent": -2.4922551488220126,
    "pe": 30.669493,
    "rsi": 36.92654251756866,
    "k": 10.501352587168578,
    "d": 21.14339417216666,
    "j": -10.782730582827583,
    "ma20": 236.40000076293944,
    "ma120": 224.99875043233234,
    "ma240": 216.99454180399576,
    "golden_cross": false,
    "death_cross": false,
    "top_divergence": false,
    "bottom_divergence": false
  },
  "meta": {
    "close": 589.1500244140625,
    "change_percent": -0.19819469027646655,
    "pe": 26.045534,
    "rsi": 23.103806625387698,
    "k": 18.16719994156059,
    "d": 19.21094266153576,
    "j": 16.079714501610248,
    "ma20": 645.7555053710937,
    "ma120": 717.0804773966471,
    "ma240": 666.5619937896729,
    "golden_cross": false,
    "death_cross": true,
    "top_divergence": false,
    "bottom_divergence": false
  },
  "btc": {
    "close": 85158.3125,
    "change_percent": -1.7009738492145692,
    "pe": null,
    "rsi": 23.509295688703936,
    "k": 7.284177724566408,
    "d": 12.192304031322426,
    "j": -2.532074888945626,
    "ma20": 98856.13359375,
    "ma120": 111694.81171875,
    "ma240": 106480.62516276042,
    "golden_cross": false,
    "death_cross": false,
    "top_divergence": false,
    "bottom_divergence": false
  },
  "gld": {
    "close": 374.8500061035156,
    "change_percent": -0.029332556557751237,
    "pe": null,
    "rsi": 52.95227349855942,
    "k": 42.76849920358675,
    "d": 52.39495720457249,
    "j": 23.51558320161527,
    "ma20": 372.05149993896487,
    "ma120": 333.96666590372723,
    "ma240": 304.12595799764,
    "golden_cross": false,
    "death_cross": false,
    "top_divergence": false,
    "bottom_divergence": false
  }
}