{
  "twii": {
    "close": 27554.529296875,
    "change_percent": 0.5289772806627254,
    "pe": null,
    "rsi": 53.638297808546334,
    "k": 53.586264012072604,
    "d": 34.385560729709674,
    "j": 91.98767057679846,
    "ma20": 27494.0177734375,
    "ma120": 24897.022542317707,
    "ma240": 23454.419588216148,
    "golden_cross": false,
    "death_cross": false,
    "top_divergence": false,
    "bottom_divergence": false
  },
  "tsmc": {
    "close": 1435.0,
    "change_percent": -0.3472222222222222,
    "pe": 23.672056,
    "rsi": 50.893685543199496,
    "k": 50.15891935335588,
    "d": 33.622536691490176,
    "j": 83.23168467708727,
    "ma20": 1447.75,
    "ma120": 1242.1169626871745,
    "ma240": 1118.8097618103027,
    "golden_cross": false,
    "death_cross": false,
    "top_divergence": false,
    "bottom_divergence": false
  },
  "etf0050": {
    "close": 61.900001525878906,
    "change_percent": 0.8965005141602687,
    "pe": 21.948605,
    "rsi": 52.11652411852029,
    "k": 53.08534217889222,
    "d": 33.957107500385874,
    "j": 91.3418115359049,
    "ma20": 62.160000228881835,
    "ma120": 54.86753794352214,
    "ma240": 50.297631931304934,
    "golden_cross": false,
    "death_cross": false,
    "top_divergence": false,
    "bottom_divergence": false
  },
  "etf00631l": {
    "close": 331.75,
    "change_percent": 1.9201228878648235,
    "pe": null,
    "rsi": 52.758432405074885,
    "k": 56.32728731946566,
    "d": 37.432921008258376,
    "j": 94.11601994188024,
    "ma20": 331.85499877929686,
    "ma120": 272.62416610717776,
    "ma240": 243.04666633605956,
    "golden_cross": false,
    "death_cross": false,
    "top_divergence": false,
    "bottom_divergence": false
  },
  "etf00675l": {
    "close": 131.5500030517578,
    "change_percent": 1.9372335845643727,
    "pe": null,
    "rsi": 52.55315612581251,
    "k": 55.436269111282385,
    "d": 36.87062043397171,
    "j": 92.56756646590372,
    "ma20": 131.7450008392334,
    "ma120": 108.39249992370605,
    "ma240": 96.74041649500529,
    "golden_cross": false,
    "death_cross": false,
    "top_divergence": false,
    "bottom_divergence": false
  },
  "nasdaq": {
    "close": 23214.689453125,
    "change_percent": 0.8212584809258584,
    "pe": null,
    "rsi": 54.47027613583717,
    "k": 64.73860488414279,
    "d": 45.33107711738771,
    "j": 103.55366041765296,
    "ma20": 23069.46220703125,
    "ma120": 21766.449869791668,
    "ma240": 20185.48409830729,
    "golden_cross": false,
    "death_cross": false,
    "top_divergence": false,
    "bottom_divergence": false
  },
  "tqqq": {
    "close": 53.369998931884766,
    "change_percent": 2.6148830114237755,
    "pe": 17.472946,
    "rsi": 52.020895601483765,
    "k": 59.92577958598817,
    "d": 41.11720853912861,
    "j": 97.54292167970729,
    "ma20": 53.34500007629394,
    "ma120": 47.32922147115072,
    "ma240": 41.15734516779582,
    "golden_cross": false,
    "death_cross": false,
    "top_divergence": false,
    "bottom_divergence": false
  },
  "qld": {
    "close": 70.73999786376953,
    "change_percent": 1.7695233631678395,
    "pe": 17.44678,
    "rsi": 52.703594649051,
    "k": 61.11913881264318,
    "d": 42.23407338428119,
    "j": 98.88926966936717,
    "ma20": 70.49100036621094,
    "ma120": 64.53017292022705,
    "ma240": 57.61189163525899,
    "golden_cross": false,
    "death_cross": false,
    "top_divergence": false,
    "bottom_divergence": false
  },
  "nvda": {
    "close": 180.25999450683594,
    "change_percent": 1.3721668440651706,
    "pe": 44.618813,
    "rsi": 44.019511370612854,
    "k": 33.62822681685451,
    "d": 30.78318372767023,
    "j": 39.31831299522306,
    "ma20": 190.00300216674805,
    "ma120": 175.76055882771809,
    "ma240": 150.17031024297077,
    "golden_cross": false,
    "death_cross": false,
    "top_divergence": false,
    "bottom_divergence": false
  },
  "msft": {
    "close": 485.5,
    "change_percent": 1.7841065724342557,
    "pe": 34.481533,
    "rsi": 40.371878720522595,
    "k": 28.334206810998417,
    "d": 25.272319128514663,
    "j": 34.45798217596593,
    "ma20": 498.82676696777344,
    "ma120": 505.634504699707,
    "ma240": 459.30004539489744,
    "golden_cross": true,
    "death_cross": false,
    "top_divergence": false,
    "bottom_divergence": false
  },
  "goog": {
    "close": 320.2799987792969,
    "change_percent": -1.0381954384690444,
    "pe": 31.648222,
    "rsi": 73.89735126387733,
    "k": 82.12577255203169,
    "d": 74.15699053853945,
    "j": 98.06333657901618,
    "ma20": 290.8559997558594,
    "ma120": 226.4971548716227,
    "ma240": 201.0646530151367,
    "golden_cross": false,
    "death_cross": false,
    "top_divergence": false,
    "bottom_divergence": false
  },
  "tsla": {
    "close": 426.5799865722656,
    "change_percent": 1.711967758767637,
    "pe": 294.19308,
    "rsi": 51.26531323696485,
    "k": 64.15408928777872,
    "d": 44.590563064750725,
    "j": 103.28114173383469,
    "ma20": 426.64100036621096,
    "ma120": 373.8600824991862,
    "ma240": 351.47341645558674,
    "golden_cross": false,
    "death_cross": false,
    "top_divergence": false,
    "bottom_divergence": false
  },
  "smh": {
    "close": 347.7099914550781,
    "change_percent": 2.264633824974994,
    "pe": 38.756588,
    "rsi": 52.982919706359475,
    "k": 60.61824453255852,
    "d": 43.194308579277646,
    "j": 95.46611643912027,
    "ma20": 347.5295013427734,
    "ma120": 309.2991661071777,
    "ma240": 271.1679239908854,
    "golden_cross": false,
    "death_cross": false,
    "top_divergence": false,
    "bottom_divergence": false
  },
  "aapl": {
    "close": 277.54998779296875,
    "change_percent": 0.2094041122538262,
    "pe": 37.15529,
    "rsi": 66.95227128565257,
    "k": 68.04434068580201,
    "d": 55.09168876740208,
    "j": 93.94964452260187,
    "ma20": 271.1280151367188,
    "ma120": 235.40100860595703,
    "ma240": 228.5674778620402,
    "golden_cross": false,
    "death_cross": false,
    "top_divergence": false,
    "bottom_divergence": false
  },
  "amzn": {
    "close": 229.16000366210938,
    "change_percent": -0.2220553450175871,
    "pe": 32.367233,
    "rsi": 48.63429083891748,
    "k": 39.35210959105538,
    "d": 27.78686134666849,
    "j": 62.48260607982916,
    "ma20": 236.15350036621095,
    "ma120": 225.5935836791992,
    "ma240": 216.98362522125245,
    "golden_cross": false,
    "death_cross": false,
    "top_divergence": false,
    "bottom_divergence": false
  },
  "meta": {
    "close": 633.6099853515625,
    "change_percent": -0.41023316961868517,
    "pe": 28.011051,
    "rsi": 46.22777104834805,
    "k": 68.56715648608272,
    "d": 46.77285572687033,
    "j": 112.1557580045075,
    "ma20": 619.9975036621094,
    "ma120": 714.9467193603516,
    "ma240": 666.5436318715414,
    "golden_cross": false,
    "death_cross": false,
    "top_divergence": false,
    "bottom_divergence": true
  },
  "btc": {
    "close": 91350.0,
    "change_percent": 0.9187448231112626,
    "pe": null,
    "rsi": 41.259194684272664,
    "k": 61.397464038270925,
    "d": 43.223854019557535,
    "j": 97.7446840756977,
    "ma20": 93932.3015625,
    "ma120": 110196.1201171875,
    "ma240": 106583.483984375,
    "golden_cross": false,
    "death_cross": false,
    "top_divergence": false,
    "bottom_divergence": false
  },
  "gld": {
    "close": 383.1199951171875,
    "change_percent": 0.7998338908444131,
    "pe": null,
    "rsi": 59.97114160706762,
    "k": 65.09642317006339,
    "d": 53.60832510415557,
    "j": 88.07261930187903,
    "ma20": 374.33949890136716,
    "ma120": 336.32791595458986,
    "ma240": 306.33349959055585,
    "golden_cross": false,
    "death_cross": false,
    "top_divergence": false,
    "bottom_divergence": false
  }
}