{
  "twii": {
    "close": 28371.98046875,
    "change_percent": 0.2172686080355787,
    "pe": null,
    "rsi": 59.95930154820767,
    "k": 65.17817682364307,
    "d": 50.87594098055119,
    "j": 93.78264850982683,
    "ma20": 27884.65341796875,
    "ma120": 25789.385205078124,
    "ma240": 23834.527709960938,
    "golden_cross": false,
    "death_cross": false,
    "top_divergence": false,
    "bottom_divergence": false
  },
  "tsmc": {
    "close": 1495.0,
    "change_percent": 0.33557046979865773,
    "pe": 24.690338,
    "rsi": 59.53389680793014,
    "k": 61.942125143601615,
    "d": 46.16388710095562,
    "j": 93.49860122889359,
    "ma20": 1453.8330627441405,
    "ma120": 1303.6902079264323,
    "ma240": 1146.9948827107748,
    "golden_cross": false,
    "death_cross": false,
    "top_divergence": false,
    "bottom_divergence": false
  },
  "etf0050": {
    "close": 63.849998474121094,
    "change_percent": 0.2354752109656316,
    "pe": 22.640038,
    "rsi": 59.4020168826176,
    "k": 54.85210536153655,
    "d": 45.72201483919193,
    "j": 73.11228640622579,
    "ma20": 62.65500011444092,
    "ma120": 57.20706434249878,
    "ma240": 51.40422353744507,
    "golden_cross": false,
    "death_cross": false,
    "top_divergence": false,
    "bottom_divergence": false
  },
  "etf00631l": {
    "close": 348.8999938964844,
    "change_percent": 0.2298155067342501,
    "pe": null,
    "rsi": 58.18798259888829,
    "k": 58.92763309657262,
    "d": 48.85565484048955,
    "j": 79.07158960873878,
    "ma20": 338.2449981689453,
    "ma120": 292.21041577657064,
    "ma240": 250.36187451680502,
    "golden_cross": false,
    "death_cross": false,
    "top_divergence": false,
    "bottom_divergence": false
  },
  "etf00675l": {
    "close": 138.5,
    "change_percent": 0.3259666340416337,
    "pe": null,
    "rsi": 58.42376182529429,
    "k": 58.84525112048128,
    "d": 48.80797775907102,
    "j": 78.91979784330178,
    "ma20": 134.21250228881837,
    "ma120": 116.13458353678385,
    "ma240": 99.6045833269755,
    "golden_cross": false,
    "death_cross": false,
    "top_divergence": false,
    "bottom_divergence": false
  },
  "nasdaq": {
    "close": 23613.310546875,
    "change_percent": 0.21844942273747392,
    "pe": null,
    "rsi": 57.92973218242112,
    "k": 76.30365619751333,
    "d": 58.94662455148301,
    "j": 111.01771948957398,
    "ma20": 23357.6525390625,
    "ma120": 22314.726171875,
    "ma240": 20478.209814453126,
    "golden_cross": false,
    "death_cross": false,
    "top_divergence": false,
    "bottom_divergence": false
  },
  "tqqq": {
    "close": 55.36000061035156,
    "change_percent": 0.7938326972725926,
    "pe": 34.607395,
    "rsi": 55.52144043917233,
    "k": 70.85413748050848,
    "d": 53.64386809063075,
    "j": 105.27467626026396,
    "ma20": 54.18948345184326,
    "ma120": 49.71378316879272,
    "ma240": 42.08611261844635,
    "golden_cross": false,
    "death_cross": false,
    "top_divergence": false,
    "bottom_divergence": false
  },
  "qld": {
    "close": 72.7300033569336,
    "change_percent": 0.543297872508729,
    "pe": 34.520393,
    "rsi": 56.0733223190653,
    "k": 72.08026068284349,
    "d": 54.819934308764196,
    "j": 106.60091343100207,
    "ma20": 71.57989540100098,
    "ma120": 66.95326579411825,
    "ma240": 58.81650168100993,
    "golden_cross": false,
    "death_cross": false,
    "top_divergence": false,
    "bottom_divergence": false
  },
  "nvda": {
    "close": 188.61000061035156,
    "change_percent": -0.3171111898024422,
    "pe": 46.685646,
    "rsi": 56.89212191526677,
    "k": 78.30279263265638,
    "d": 59.42488331514118,
    "j": 116.05861126768677,
    "ma20": 180.79050064086914,
    "ma120": 180.71825879414877,
    "ma240": 153.62454373041788,
    "golden_cross": false,
    "death_cross": false,
    "top_divergence": false,
    "bottom_divergence": false
  },
  "msft": {
    "close": 488.0199890136719,
    "change_percent": 0.24031691393416238,
    "pe": 34.73452,
    "rsi": 50.58156884498754,
    "k": 75.29562520212718,
    "d": 60.90117449236468,
    "j": 104.08452662165219,
    "ma20": 483.8300018310547,
    "ma120": 505.6313486735026,
    "ma240": 463.51805750528973,
    "golden_cross": false,
    "death_cross": false,
    "top_divergence": false,
    "bottom_divergence": false
  },
  "goog": {
    "close": 315.6700134277344,
    "change_percent": -0.003161191167767219,
    "pe": 31.161896,
    "rsi": 58.99063079001581,
    "k": 65.79428425983531,
    "d": 47.228857472848254,
    "j": 102.92513783380942,
    "ma20": 313.9377136230469,
    "ma120": 248.2458568572998,
    "ma240": 210.45465927124025,
    "golden_cross": false,
    "death_cross": false,
    "top_divergence": false,
    "bottom_divergence": false
  },
  "tsla": {
    "close": 485.3999938964844,
    "change_percent": -0.032952397832168405,
    "pe": 332.46573,
    "rsi": 62.28142587082432,
    "k": 77.75956465270733,
    "d": 78.30594757739885,
    "j": 76.66679880332427,
    "ma20": 458.55800170898436,
    "ma120": 395.85966669718425,
    "ma240": 354.24541670481364,
    "golden_cross": false,
    "death_cross": false,
    "top_divergence": false,
    "bottom_divergence": false
  },
  "smh": {
    "close": 364.1700134277344,
    "change_percent": 0.27811701603702244,
    "pe": 41.103447,
    "rsi": 57.32384843967774,
    "k": 66.7365687192295,
    "d": 50.952660808071116,
    "j": 98.30438454154626,
    "ma20": 357.7569274902344,
    "ma120": 322.605202738444,
    "ma240": 279.1349541982015,
    "golden_cross": false,
    "death_cross": false,
    "top_divergence": false,
    "bottom_divergence": false
  },
  "aapl": {
    "close": 273.80999755859375,
    "change_percent": 0.5323881205088086,
    "pe": 36.75302,
    "rsi": 50.01209609047584,
    "k": 40.67044991874971,
    "d": 34.21936690797652,
    "j": 53.57261594029609,
    "ma20": 277.15199890136716,
    "ma120": 247.30940310160318,
    "ma240": 230.8558556874593,
    "golden_cross": false,
    "death_cross": false,
    "top_divergence": false,
    "bottom_divergence": false
  },
  "amzn": {
    "close": 232.3800048828125,
    "change_percent": 0.10338825441332572,
    "pe": 32.77574,
    "rsi": 55.113301606708475,
    "k": 73.58363596510188,
    "d": 53.552459087153494,
    "j": 113.64598972099864,
    "ma20": 228.9095001220703,
    "ma120": 227.61416664123536,
    "ma240": 217.31275018056235,
    "golden_cross": false,
    "death_cross": false,
    "top_divergence": false,
    "bottom_divergence": false
  },
  "meta": {
    "close": 667.5499877929688,
    "change_percent": 0.39251441362824147,
    "pe": 29.498453,
    "rsi": 56.926602888865396,
    "k": 35.13670485488193,
    "d": 32.957166959524066,
    "j": 39.49578064559765,
    "ma20": 653.9955780029297,
    "ma120": 706.345822652181,
    "ma240": 669.938849512736,
    "golden_cross": false,
    "death_cross": false,
    "top_divergence": false,
    "bottom_divergence": false
  },
  "btc": {
    "close": 87738.0625,
    "change_percent": 0.14393190284823945,
    "pe": null,
    "rsi": 43.8444818905267,
    "k": 52.37895446981853,
    "d": 48.247088136912595,
    "j": 60.64268713563041,
    "ma20": 88923.9859375,
    "ma120": 104076.691015625,
    "ma240": 106955.37740885417,
    "golden_cross": false,
    "death_cross": false,
    "top_divergence": false,
    "bottom_divergence": false
  },
  "gld": {
    "close": 411.92999267578125,
    "change_percent": -0.4134082564786771,
    "pe": null,
    "rsi": 77.57254313280029,
    "k": 91.24332935563353,
    "d": 86.64785858010003,
    "j": 100.43427090670053,
    "ma20": 394.06800079345703,
    "ma120": 349.95633290608725,
    "ma240": 318.31904118855795,
    "golden_cross": false,
    "death_cross": false,
    "top_divergence": false,
    "bottom_divergence": false
  }
}