{
  "twii": {
    "close": 33605.7109375,
    "change_percent": 1.6108084869157686,
    "pe": null,
    "rsi": 71.98040667175904,
    "k": 76.71315920961084,
    "d": 63.67631877119635,
    "j": 102.78684008643981,
    "ma20": 32056.77421875,
    "ma120": 27932.574934895834,
    "ma240": 24931.18438313802,
    "golden_cross": false,
    "death_cross": false,
    "top_divergence": false,
    "bottom_divergence": false
  },
  "tsmc": {
    "close": 1915.0,
    "change_percent": 1.8617021276595744,
    "pe": 28.936234,
    "rsi": 74.48968291837706,
    "k": 77.99544960934925,
    "d": 64.68110260067056,
    "j": 104.62414362670665,
    "ma20": 1783.75,
    "ma120": 1466.7670440673828,
    "ma240": 1235.6484853108725,
    "golden_cross": false,
    "death_cross": false,
    "top_divergence": false,
    "bottom_divergence": false
  },
  "etf0050": {
    "close": 77.19999694824219,
    "change_percent": 2.2516515870757448,
    "pe": 26.511936,
    "rsi": 75.59846764435702,
    "k": 79.38851751432932,
    "d": 66.67599099728696,
    "j": 104.81357054841405,
    "ma20": 72.62468681335449,
    "ma120": 62.124363803863524,
    "ma240": 53.85169428189595,
    "golden_cross": false,
    "death_cross": false,
    "top_divergence": false,
    "bottom_divergence": false
  },
  "etf00631l": {
    "close": 486.1000061035156,
    "change_percent": 3.5687652673228625,
    "pe": null,
    "rsi": 70.44756999857158,
    "k": 77.2615529974486,
    "d": 64.3864314132075,
    "j": 103.0117961659308,
    "ma20": 443.0925033569336,
    "ma120": 343.292916615804,
    "ma240": 275.5156249364217,
    "golden_cross": false,
    "death_cross": false,
    "top_divergence": false,
    "bottom_divergence": false
  },
  "etf00675l": {
    "close": 192.3000030517578,
    "change_percent": 3.3315404325099927,
    "pe": null,
    "rsi": 70.40205499933093,
    "k": 77.54725728376644,
    "d": 64.85719606255492,
    "j": 102.92737972618949,
    "ma20": 175.75750045776368,
    "ma120": 136.3200003306071,
    "ma240": 109.51875009536744,
    "golden_cross": false,
    "death_cross": false,
    "top_divergence": false,
    "bottom_divergence": false
  },
  "nasdaq": {
    "close": 23102.470703125,
    "change_percent": -0.5860887013236205,
    "pe": null,
    "rsi": 45.956355526162646,
    "k": 40.76387631779331,
    "d": 40.253245232571985,
    "j": 41.78513848823596,
    "ma20": 23371.5548828125,
    "ma120": 22919.79705403646,
    "ma240": 20967.367732747396,
    "golden_cross": true,
    "death_cross": false,
    "top_divergence": false,
    "bottom_divergence": false
  },
  "tqqq": {
    "close": 51.02000045776367,
    "change_percent": -1.391575565028974,
    "pe": 31.243877,
    "rsi": 44.41659806148894,
    "k": 35.265170391122055,
    "d": 36.60087403836213,
    "j": 32.59376309664191,
    "ma20": 53.33900032043457,
    "ma120": 52.20717655817668,
    "ma240": 43.66369244257609,
    "golden_cross": false,
    "death_cross": false,
    "top_divergence": false,
    "bottom_divergence": false
  },
  "qld": {
    "close": 69.18000030517578,
    "change_percent": -0.9308341813473054,
    "pe": 31.91036,
    "rsi": 44.92979494853349,
    "k": 36.605441324704174,
    "d": 37.65398718806038,
    "j": 34.50834959799177,
    "ma20": 71.11700096130372,
    "ma120": 69.528085009257,
    "ma240": 60.762742614746095,
    "golden_cross": false,
    "death_cross": false,
    "top_divergence": false,
    "bottom_divergence": false
  },
  "nvda": {
    "close": 188.5399932861328,
    "change_percent": -0.789307542092749,
    "pe": 46.784115,
    "rsi": 53.73999679974661,
    "k": 60.056780406702146,
    "d": 51.36879624170586,
    "j": 77.4327487366947,
    "ma20": 185.1145004272461,
    "ma120": 183.6579783121745,
    "ma240": 160.56875429153442,
    "golden_cross": false,
    "death_cross": false,
    "top_divergence": false,
    "bottom_divergence": true
  },
  "msft": {
    "close": 413.2699890136719,
    "change_percent": -0.07979136483889546,
    "pe": 25.845528,
    "rsi": 35.99914234280035,
    "k": 23.936529555561286,
    "d": 19.969436719755826,
    "j": 31.870715227172198,
    "ma20": 441.4510009765625,
    "ma120": 490.7817097981771,
    "ma240": 468.5673033396403,
    "golden_cross": true,
    "death_cross": false,
    "top_divergence": false,
    "bottom_divergence": false
  },
  "goog": {
    "close": 318.6300048828125,
    "change_percent": -1.7786649575317413,
    "pe": 29.502777,
    "rsi": 41.016898254999056,
    "k": 41.114629291481094,
    "d": 51.9825268396533,
    "j": 19.378834195136676,
    "ma20": 332.22549896240236,
    "ma120": 283.1787812550863,
    "ma240": 228.03468697865804,
    "golden_cross": false,
    "death_cross": false,
    "top_divergence": false,
    "bottom_divergence": false
  },
  "tsla": {
    "close": 425.2099914550781,
    "change_percent": 1.8906316477488205,
    "pe": 401.1415,
    "rsi": 47.97625558718698,
    "k": 49.161917137612726,
    "d": 37.19916996645796,
    "j": 73.08741147992225,
    "ma20": 427.8369995117188,
    "ma120": 425.303000386556,
    "ma240": 361.8100419998169,
    "golden_cross": false,
    "death_cross": false,
    "top_divergence": false,
    "bottom_divergence": false
  },
  "smh": {
    "close": 404.760009765625,
    "change_percent": -0.4647692510086411,
    "pe": 42.92778,
    "rsi": 56.740874856557646,
    "k": 55.59977621351692,
    "d": 50.23543407994124,
    "j": 66.32846048066827,
    "ma20": 399.8695007324219,
    "ma120": 348.85680084228517,
    "ma240": 297.56350326538086,
    "golden_cross": false,
    "death_cross": false,
    "top_divergence": false,
    "bottom_divergence": false
  },
  "aapl": {
    "close": 273.67999267578125,
    "change_percent": -0.3422920610733849,
    "pe": 34.59924,
    "rsi": 61.59955414877432,
    "k": 82.07008821123641,
    "d": 83.16467320163682,
    "j": 79.88091823043561,
    "ma20": 261.3650863647461,
    "ma120": 259.4371597290039,
    "ma240": 234.39975255330404,
    "golden_cross": false,
    "death_cross": true,
    "top_divergence": false,
    "bottom_divergence": false
  },
  "amzn": {
    "close": 206.9600067138672,
    "change_percent": -0.843232319156082,
    "pe": 28.90503,
    "rsi": 26.962219918911636,
    "k": 21.305985376708293,
    "d": 31.193545785115806,
    "j": 1.530864559893267,
    "ma20": 233.13799972534179,
    "ma120": 229.98516667683919,
    "ma240": 218.0530001958211,
    "golden_cross": false,
    "death_cross": false,
    "top_divergence": false,
    "bottom_divergence": false
  },
  "meta": {
    "close": 670.719970703125,
    "change_percent": -0.9598063083183093,
    "pe": 28.565586,
    "rsi": 51.37966194528336,
    "k": 30.529759889495896,
    "d": 40.690030753996716,
    "j": 10.20921816049426,
    "ma20": 661.335498046875,
    "ma120": 686.0964248657226,
    "ma240": 668.2172602335612,
    "golden_cross": false,
    "death_cross": false,
    "top_divergence": false,
    "bottom_divergence": false
  },
  "btc": {
    "close": 67159.2421875,
    "change_percent": -2.376253275320429,
    "pe": null,
    "rsi": 30.38132650863708,
    "k": 39.405141962478716,
    "d": 34.819808082863254,
    "j": 48.57580972170963,
    "ma20": 78112.3548828125,
    "ma120": 92522.63043619791,
    "ma240": 103237.65327148438,
    "golden_cross": false,
    "death_cross": false,
    "top_divergence": false,
    "bottom_divergence": false
  },
  "gld": {
    "close": 462.3999938964844,
    "change_percent": -0.991372052098197,
    "pe": null,
    "rsi": 57.362267677484645,
    "k": 42.447921198383675,
    "d": 42.827455245707505,
    "j": 41.68885310373601,
    "ma20": 451.0590026855469,
    "ma120": 382.87233378092446,
    "ma240": 340.9211664835612,
    "golden_cross": false,
    "death_cross": false,
    "top_divergence": false,
    "bottom_divergence": false
  }
}