{
  "twii": {
    "close": 35095.08984375,
    "change_percent": -0.9018863549952907,
    "pe": null,
    "rsi": 75.49622014347939,
    "k": 90.89686176289086,
    "d": 86.07287805251264,
    "j": 100.54482918364732,
    "ma20": 32933.36435546875,
    "ma120": 28386.426676432293,
    "ma240": 25180.000919596354,
    "golden_cross": false,
    "death_cross": false,
    "top_divergence": false,
    "bottom_divergence": false
  },
  "tsmc": {
    "close": 1975.0,
    "change_percent": -1.0025062656641603,
    "pe": 29.820322,
    "rsi": 71.28309719008102,
    "k": 86.79324183975723,
    "d": 83.96077861138788,
    "j": 92.45816829649593,
    "ma20": 1841.0,
    "ma120": 1501.1590861002603,
    "ma240": 1255.4742383321127,
    "golden_cross": false,
    "death_cross": false,
    "top_divergence": false,
    "bottom_divergence": false
  },
  "etf0050": {
    "close": 80.3499984741211,
    "change_percent": -0.9858324543625422,
    "pe": 27.593708,
    "rsi": 77.1354018895221,
    "k": 89.45314472735217,
    "d": 85.92681065074133,
    "j": 96.50581288057381,
    "ma20": 74.85999984741211,
    "ma120": 63.30879023869832,
    "ma240": 54.54555228551229,
    "golden_cross": false,
    "death_cross": false,
    "top_divergence": false,
    "bottom_divergence": false
  },
  "etf00631l": {
    "close": 526.25,
    "change_percent": -2.1567307079079825,
    "pe": null,
    "rsi": 73.37764810046504,
    "k": 89.55258554310426,
    "d": 84.93059555575218,
    "j": 98.7965655178084,
    "ma20": 466.37250366210935,
    "ma120": 354.41208318074547,
    "ma240": 281.46729164123536,
    "golden_cross": false,
    "death_cross": false,
    "top_divergence": false,
    "bottom_divergence": false
  },
  "etf00675l": {
    "close": 208.39999389648438,
    "change_percent": -2.067673445570043,
    "pe": null,
    "rsi": 73.61997471397518,
    "k": 89.47438796673643,
    "d": 84.87100087758051,
    "j": 98.68116214504823,
    "ma20": 184.87749938964845,
    "ma120": 140.69750022888184,
    "ma240": 111.85541671117147,
    "golden_cross": false,
    "death_cross": false,
    "top_divergence": false,
    "bottom_divergence": false
  },
  "nasdaq": {
    "close": 22668.2109375,
    "change_percent": -0.9186398424208307,
    "pe": null,
    "rsi": 43.64535815455388,
    "k": 58.348901543196035,
    "d": 55.37874364269648,
    "j": 64.28921734419515,
    "ma20": 22921.36826171875,
    "ma120": 23049.806754557292,
    "ma240": 21204.223966471352,
    "golden_cross": false,
    "death_cross": false,
    "top_divergence": false,
    "bottom_divergence": false
  },
  "tqqq": {
    "close": 49.52000045776367,
    "change_percent": -1.0589386361157556,
    "pe": 30.3253,
    "rsi": 45.58393765032564,
    "k": 60.77056750206016,
    "d": 55.418877026424404,
    "j": 71.47394845333169,
    "ma20": 50.32950000762939,
    "ma120": 52.681017525990804,
    "ma240": 44.5049608707428,
    "golden_cross": false,
    "death_cross": false,
    "top_divergence": false,
    "bottom_divergence": false
  },
  "qld": {
    "close": 67.98999786376953,
    "change_percent": -0.6575168930217128,
    "pe": 31.361452,
    "rsi": 46.22438280728562,
    "k": 62.36811541775859,
    "d": 56.85373819762202,
    "j": 73.39686985803172,
    "ma20": 68.57000007629395,
    "ma120": 70.0909787495931,
    "ma240": 61.74130373001098,
    "golden_cross": false,
    "death_cross": false,
    "top_divergence": false,
    "bottom_divergence": false
  },
  "nvda": {
    "close": 177.19000244140625,
    "change_percent": -4.164636796831149,
    "pe": 36.087578,
    "rsi": 40.34630613095849,
    "k": 45.11914658602964,
    "d": 63.547602467070256,
    "j": 8.262234823948418,
    "ma20": 185.98250045776368,
    "ma120": 184.88102798461915,
    "ma240": 164.1872797012329,
    "golden_cross": false,
    "death_cross": false,
    "top_divergence": false,
    "bottom_divergence": false
  },
  "msft": {
    "close": 392.739990234375,
    "change_percent": -2.2353905603506528,
    "pe": 24.576971,
    "rsi": 36.6448097030254,
    "k": 48.216411695365636,
    "d": 38.278156699912685,
    "j": 68.09292168627152,
    "ma20": 402.84348754882814,
    "ma120": 479.07714157104493,
    "ma240": 468.04221000671384,
    "golden_cross": false,
    "death_cross": false,
    "top_divergence": false,
    "bottom_divergence": true
  },
  "goog": {
    "close": 311.42999267578125,
    "change_percent": 1.3934555964013202,
    "pe": 28.809433,
    "rsi": 44.60326391481889,
    "k": 55.954851908543255,
    "d": 48.75699636018453,
    "j": 70.35056300526071,
    "ma20": 318.05449829101565,
    "ma120": 292.68260345458987,
    "ma240": 234.99030418395995,
    "golden_cross": false,
    "death_cross": false,
    "top_divergence": false,
    "bottom_divergence": false
  },
  "tsla": {
    "close": 402.510009765625,
    "change_percent": -1.4856275407819142,
    "pe": 369.27524,
    "rsi": 41.23743355756357,
    "k": 39.75240404090094,
    "d": 40.90925511085843,
    "j": 37.43870190098596,
    "ma20": 413.8499984741211,
    "ma120": 432.6480003356934,
    "ma240": 369.3835418065389,
    "golden_cross": false,
    "death_cross": true,
    "top_divergence": false,
    "bottom_divergence": true
  },
  "smh": {
    "close": 406.3699951171875,
    "change_percent": -1.3689023360490356,
    "pe": 43.09853,
    "rsi": 51.024439945115944,
    "k": 57.11095487867802,
    "d": 69.26011810818025,
    "j": 32.81262841967356,
    "ma20": 406.78699951171876,
    "ma120": 361.00461756388347,
    "ma240": 307.06071815490725,
    "golden_cross": false,
    "death_cross": false,
    "top_divergence": false,
    "bottom_divergence": false
  },
  "aapl": {
    "close": 264.17999267578125,
    "change_percent": -3.213049693728529,
    "pe": 33.440506,
    "rsi": 47.73741911696065,
    "k": 60.44693049052266,
    "d": 57.1089349030989,
    "j": 67.12292166537017,
    "ma20": 268.617333984375,
    "ma120": 262.96528345743815,
    "ma240": 236.30104910532634,
    "golden_cross": false,
    "death_cross": false,
    "top_divergence": false,
    "bottom_divergence": false
  },
  "amzn": {
    "close": 210.0,
    "change_percent": 1.0003856528339246,
    "pe": 29.329609,
    "rsi": 42.649197262143595,
    "k": 78.8755053806745,
    "d": 66.37673968700173,
    "j": 103.87303676802003,
    "ma20": 213.4165008544922,
    "ma120": 227.69733327229818,
    "ma240": 218.2436668395996,
    "golden_cross": false,
    "death_cross": false,
    "top_divergence": false,
    "bottom_divergence": false
  },
  "meta": {
    "close": 648.1799926757812,
    "change_percent": -1.34396994849343,
    "pe": 27.629156,
    "rsi": 47.22157641331603,
    "k": 52.64645207472877,
    "d": 41.653855934543124,
    "j": 74.63164435510008,
    "ma20": 661.9929962158203,
    "ma120": 676.3508361816406,
    "ma240": 669.2456092834473,
    "golden_cross": false,
    "death_cross": false,
    "top_divergence": false,
    "bottom_divergence": true
  },
  "btc": {
    "close": 65981.0,
    "change_percent": 0.36949414681387804,
    "pe": null,
    "rsi": 39.94397265047145,
    "k": 48.3015030292288,
    "d": 47.86496369026448,
    "j": 49.17458170715743,
    "ma20": 67136.18515625,
    "ma120": 85727.58141276041,
    "ma240": 100148.02319335938,
    "golden_cross": false,
    "death_cross": false,
    "top_divergence": false,
    "bottom_divergence": false
  },
  "gld": {
    "close": 483.75,
    "change_percent": 1.3131416749195406,
    "pe": null,
    "rsi": 61.16371641580596,
    "k": 88.74279413490285,
    "d": 81.48785175542764,
    "j": 103.25267889385327,
    "ma20": 460.69750213623047,
    "ma120": 397.8841677347819,
    "ma240": 350.8406667073568,
    "golden_cross": false,
    "death_cross": false,
    "top_divergence": true,
    "bottom_divergence": false
  }
}