{
  "twii": {
    "close": 27536.66015625,
    "change_percent": -1.18520118590907,
    "pe": null,
    "rsi": 48.120165616294955,
    "k": 44.47937056737925,
    "d": 64.28336284689664,
    "j": 4.871386008344473,
    "ma20": 27571.91474609375,
    "ma120": 25519.807958984376,
    "ma240": 23716.342659505208,
    "golden_cross": false,
    "death_cross": false,
    "top_divergence": false,
    "bottom_divergence": false
  },
  "tsmc": {
    "close": 1435.0,
    "change_percent": -1.0344827586206897,
    "pe": 23.67596,
    "rsi": 48.178202044049364,
    "k": 43.085050259588904,
    "d": 62.80472337576583,
    "j": 3.645704027235041,
    "ma20": 1438.6769226074218,
    "ma120": 1284.2562316894532,
    "ma240": 1137.0417444864909,
    "golden_cross": false,
    "death_cross": false,
    "top_divergence": false,
    "bottom_divergence": false
  },
  "etf0050": {
    "close": 62.25,
    "change_percent": -0.875794974111994,
    "pe": 22.072706,
    "rsi": 49.41886132574304,
    "k": 47.49561563709917,
    "d": 66.22104904645704,
    "j": 10.044748818383425,
    "ma20": 62.04749984741211,
    "ma120": 56.59569304784139,
    "ma240": 51.10720101992289,
    "golden_cross": false,
    "death_cross": false,
    "top_divergence": false,
    "bottom_divergence": false
  },
  "etf00631l": {
    "close": 332.54998779296875,
    "change_percent": -2.061552128303435,
    "pe": null,
    "rsi": 48.58771744729259,
    "k": 48.76583599789714,
    "d": 67.43313924698185,
    "j": 11.43122949972772,
    "ma20": 332.13499908447267,
    "ma120": 287.04999923706055,
    "ma240": 248.39979127248128,
    "golden_cross": false,
    "death_cross": false,
    "top_divergence": false,
    "bottom_divergence": false
  },
  "etf00675l": {
    "close": 132.0500030517578,
    "change_percent": -2.0037083103838125,
    "pe": null,
    "rsi": 48.66514421553132,
    "k": 48.65413596182874,
    "d": 67.02383510305113,
    "j": 11.91473767938399,
    "ma20": 131.7900020599365,
    "ma120": 114.09375025431315,
    "ma240": 98.83583329518636,
    "golden_cross": false,
    "death_cross": false,
    "top_divergence": false,
    "bottom_divergence": false
  },
  "nasdaq": {
    "close": 23057.41015625,
    "change_percent": -0.5939157423247886,
    "pe": null,
    "rsi": 46.313253956561276,
    "k": 44.125303541310195,
    "d": 67.36831023394234,
    "j": -2.3607098439540835,
    "ma20": 23119.2095703125,
    "ma120": 22145.542854817708,
    "ma240": 20367.733520507812,
    "golden_cross": false,
    "death_cross": false,
    "top_divergence": false,
    "bottom_divergence": false
  },
  "tqqq": {
    "close": 52.02000045776367,
    "change_percent": -1.5145763757718045,
    "pe": 32.519447,
    "rsi": 43.83378676666745,
    "k": 41.55760449252259,
    "d": 64.79156374278853,
    "j": -4.910314008009266,
    "ma20": 53.063500022888185,
    "ma120": 49.09448563257853,
    "ma240": 41.77035682201385,
    "golden_cross": false,
    "death_cross": false,
    "top_divergence": false,
    "bottom_divergence": false
  },
  "qld": {
    "close": 69.62999725341797,
    "change_percent": -1.0093817478494738,
    "pe": 33.049015,
    "rsi": 44.49230972483359,
    "k": 41.75066118265742,
    "d": 65.0698393116595,
    "j": -4.887695075346755,
    "ma20": 70.4370002746582,
    "ma120": 66.26954466501871,
    "ma240": 58.37057822545369,
    "golden_cross": false,
    "death_cross": false,
    "top_divergence": false,
    "bottom_divergence": false
  },
  "nvda": {
    "close": 176.2899932861328,
    "change_percent": 0.7256250615185852,
    "pe": 43.63614,
    "rsi": 41.609056011816996,
    "k": 33.789672732947835,
    "d": 50.13938248812338,
    "j": 1.0902532225967434,
    "ma20": 181.2404525756836,
    "ma120": 179.33048261006672,
    "ma240": 152.4457574526469,
    "golden_cross": false,
    "death_cross": false,
    "top_divergence": false,
    "bottom_divergence": false
  },
  "msft": {
    "close": 474.82000732421875,
    "change_percent": -0.7752892116569713,
    "pe": 33.795017,
    "rsi": 39.679043029338715,
    "k": 31.776990036155432,
    "d": 46.10372978664196,
    "j": 3.123510535182362,
    "ma20": 484.0779724121094,
    "ma120": 506.26577911376955,
    "ma240": 461.65683059692384,
    "golden_cross": false,
    "death_cross": false,
    "top_divergence": false,
    "bottom_divergence": false
  },
  "goog": {
    "close": 309.32000732421875,
    "change_percent": -0.38644265487214446,
    "pe": 30.595451,
    "rsi": 55.17957554384019,
    "k": 31.206992020236278,
    "d": 42.47852357010625,
    "j": 8.663928920496346,
    "ma20": 310.5924072265625,
    "ma120": 240.5968350728353,
    "ma240": 207.0852259318034,
    "golden_cross": false,
    "death_cross": false,
    "top_divergence": false,
    "bottom_divergence": false
  },
  "tsla": {
    "close": 475.30999755859375,
    "change_percent": 3.562403348422566,
    "pe": 323.34012,
    "rsi": 65.19462960442605,
    "k": 82.29109060958575,
    "d": 80.1295316577596,
    "j": 86.61420851323805,
    "ma20": 431.3710006713867,
    "ma120": 385.95399983723956,
    "ma240": 351.77562478383385,
    "golden_cross": false,
    "death_cross": false,
    "top_divergence": false,
    "bottom_divergence": false
  },
  "smh": {
    "close": 352.8999938964844,
    "change_percent": -0.34451633274743354,
    "pe": 39.831413,
    "rsi": 48.93697994162629,
    "k": 42.197415292121,
    "d": 67.97917837464098,
    "j": -9.366110872918966,
    "ma20": 351.78600006103517,
    "ma120": 319.1914993286133,
    "ma240": 276.95120798746746,
    "golden_cross": false,
    "death_cross": false,
    "top_divergence": false,
    "bottom_divergence": false
  },
  "aapl": {
    "close": 274.1099853515625,
    "change_percent": -1.498495560596003,
    "pe": 36.743965,
    "rsi": 49.23581034057716,
    "k": 23.164116086699355,
    "d": 33.56887389529128,
    "j": 2.3546004695155034,
    "ma20": 276.3839996337891,
    "ma120": 243.4636652628581,
    "ma240": 229.96946487426757,
    "golden_cross": false,
    "death_cross": false,
    "top_divergence": false,
    "bottom_divergence": false
  },
  "amzn": {
    "close": 222.5399932861328,
    "change_percent": -1.613691637948923,
    "pe": 31.432203,
    "rsi": 41.06531405247906,
    "k": 22.370289552211645,
    "d": 33.948582155365145,
    "j": -0.7862956540953547,
    "ma20": 227.95950012207032,
    "ma120": 227.2490000406901,
    "ma240": 217.16150023142498,
    "golden_cross": false,
    "death_cross": false,
    "top_divergence": false,
    "bottom_divergence": false
  },
  "meta": {
    "close": 647.510009765625,
    "change_percent": 0.5911081279098025,
    "pe": 28.650885,
    "rsi": 49.70998737398831,
    "k": 31.247551706138342,
    "d": 49.9106849737736,
    "j": -6.078714829132167,
    "ma20": 633.7650177001954,
    "ma120": 709.9837809244792,
    "ma240": 668.3837946573893,
    "golden_cross": false,
    "death_cross": false,
    "top_divergence": false,
    "bottom_divergence": false
  },
  "btc": {
    "close": 86146.2265625,
    "change_percent": -0.3165417495198763,
    "pe": null,
    "rsi": 36.66199132830886,
    "k": 22.060063343225917,
    "d": 37.18454605425354,
    "j": -8.18890207882933,
    "ma20": 90251.609765625,
    "ma120": 105982.97161458334,
    "ma240": 107169.38707682291,
    "golden_cross": false,
    "death_cross": false,
    "top_divergence": false,
    "bottom_divergence": false
  },
  "gld": {
    "close": 395.79998779296875,
    "change_percent": 0.09103412637567954,
    "pe": null,
    "rsi": 69.06333662854594,
    "k": 73.67110228778063,
    "d": 73.29719781383946,
    "j": 74.41891123566296,
    "ma20": 384.2574981689453,
    "ma120": 344.26941579182943,
    "ma240": 313.6785827636719,
    "golden_cross": false,
    "death_cross": false,
    "top_divergence": false,
    "bottom_divergence": false
  }
}