{
  "twii": {
    "close": 33605.7109375,
    "change_percent": 1.6108084869157686,
    "pe": null,
    "rsi": 71.98040667175904,
    "k": 76.71315920961084,
    "d": 63.67631877119635,
    "j": 102.78684008643981,
    "ma20": 32056.77421875,
    "ma120": 27932.574934895834,
    "ma240": 24931.18438313802,
    "golden_cross": false,
    "death_cross": false,
    "top_divergence": false,
    "bottom_divergence": false
  },
  "tsmc": {
    "close": 1915.0,
    "change_percent": 1.8617021276595744,
    "pe": 28.901297,
    "rsi": 74.48968293688395,
    "k": 77.99544960934925,
    "d": 64.68110260067056,
    "j": 104.62414362670665,
    "ma20": 1783.75,
    "ma120": 1466.7670450846354,
    "ma240": 1235.6484845479329,
    "golden_cross": false,
    "death_cross": false,
    "top_divergence": false,
    "bottom_divergence": false
  },
  "etf0050": {
    "close": 77.19999694824219,
    "change_percent": 2.2516515870757448,
    "pe": 26.511936,
    "rsi": 75.59846764435702,
    "k": 79.38851751432932,
    "d": 66.67599099728696,
    "j": 104.81357054841405,
    "ma20": 72.62468681335449,
    "ma120": 62.124363803863524,
    "ma240": 53.85169428189595,
    "golden_cross": false,
    "death_cross": false,
    "top_divergence": false,
    "bottom_divergence": false
  },
  "etf00631l": {
    "close": 486.1000061035156,
    "change_percent": 3.5687652673228625,
    "pe": null,
    "rsi": 70.44756999857158,
    "k": 77.2615529974486,
    "d": 64.3864314132075,
    "j": 103.0117961659308,
    "ma20": 443.0925033569336,
    "ma120": 343.292916615804,
    "ma240": 275.5156249364217,
    "golden_cross": false,
    "death_cross": false,
    "top_divergence": false,
    "bottom_divergence": false
  },
  "etf00675l": {
    "close": 192.3000030517578,
    "change_percent": 3.3315404325099927,
    "pe": null,
    "rsi": 70.40205499933093,
    "k": 77.54725728376644,
    "d": 64.85719606255492,
    "j": 102.92737972618949,
    "ma20": 175.75750045776368,
    "ma120": 136.3200003306071,
    "ma240": 109.51875009536744,
    "golden_cross": false,
    "death_cross": false,
    "top_divergence": false,
    "bottom_divergence": false
  },
  "nasdaq": {
    "close": 22597.150390625,
    "change_percent": -2.03464291759388,
    "pe": null,
    "rsi": 38.31641757268152,
    "k": 32.73413158363916,
    "d": 38.4849100713119,
    "j": 21.232574608293675,
    "ma20": 23295.65498046875,
    "ma120": 22948.050813802085,
    "ma240": 21001.834073893227,
    "golden_cross": false,
    "death_cross": true,
    "top_divergence": false,
    "bottom_divergence": false
  },
  "tqqq": {
    "close": 48.2599983215332,
    "change_percent": -6.1089554691253705,
    "pe": 29.553694,
    "rsi": 38.633888378753895,
    "k": 31.35667273761154,
    "d": 35.638939930025366,
    "j": 22.79213835278388,
    "ma20": 52.85050029754639,
    "ma120": 52.31367012659709,
    "ma240": 43.77612111568451,
    "golden_cross": false,
    "death_cross": true,
    "top_divergence": false,
    "bottom_divergence": false
  },
  "qld": {
    "close": 66.69000244140625,
    "change_percent": -4.070762857182052,
    "pe": 30.761808,
    "rsi": 39.02005329491029,
    "k": 32.778641935505924,
    "d": 36.90229988302984,
    "j": 24.531326040458083,
    "ma20": 70.70250091552734,
    "ma120": 69.6470469792684,
    "ma240": 60.89899363517761,
    "golden_cross": false,
    "death_cross": true,
    "top_divergence": false,
    "bottom_divergence": false
  },
  "nvda": {
    "close": 186.94000244140625,
    "change_percent": -1.636411765541825,
    "pe": 46.272278,
    "rsi": 51.64333826999685,
    "k": 68.14335191790545,
    "d": 60.447821163092996,
    "j": 83.53441342753035,
    "ma20": 185.5165008544922,
    "ma120": 183.88005561828612,
    "ma240": 161.11870005925496,
    "golden_cross": false,
    "death_cross": false,
    "top_divergence": false,
    "bottom_divergence": false
  },
  "msft": {
    "close": 401.8399963378906,
    "change_percent": -0.6256643197682545,
    "pe": 25.130707,
    "rsi": 32.54726921568852,
    "k": 24.561691734318917,
    "d": 22.496572644037336,
    "j": 28.69192991488208,
    "ma20": 435.2589996337891,
    "ma120": 489.10641962687174,
    "ma240": 468.65438652038574,
    "golden_cross": false,
    "death_cross": false,
    "top_divergence": false,
    "bottom_divergence": false
  },
  "goog": {
    "close": 309.3699951171875,
    "change_percent": -0.6295543441406257,
    "pe": 28.645369,
    "rsi": 34.481536678319436,
    "k": 22.429206989433073,
    "d": 37.426447606849216,
    "j": -7.565274245399209,
    "ma20": 329.6234985351563,
    "ma120": 285.0163564046224,
    "ma240": 229.19967784881592,
    "golden_cross": false,
    "death_cross": false,
    "top_divergence": false,
    "bottom_divergence": false
  },
  "tsla": {
    "close": 417.07000732421875,
    "change_percent": -2.6151684630639815,
    "pe": 386.1759,
    "rsi": 44.73859587594997,
    "k": 59.31292256651771,
    "d": 49.35180203449382,
    "j": 79.23516363056548,
    "ma20": 425.7839981079102,
    "ma120": 426.9807505289713,
    "ma240": 362.93675022125245,
    "golden_cross": false,
    "death_cross": false,
    "top_divergence": false,
    "bottom_divergence": false
  },
  "smh": {
    "close": 406.1099853515625,
    "change_percent": -2.0902679621125273,
    "pe": 43.070953,
    "rsi": 55.84694480849339,
    "k": 68.45552864807843,
    "d": 60.23219931673929,
    "j": 84.9021873107567,
    "ma20": 401.91999969482424,
    "ma120": 350.9089510599772,
    "ma240": 299.06667715708414,
    "golden_cross": false,
    "death_cross": false,
    "top_divergence": false,
    "bottom_divergence": false
  },
  "aapl": {
    "close": 261.7300109863281,
    "change_percent": -4.998181130189428,
    "pe": 33.130383,
    "rsi": 44.97027752889986,
    "k": 58.95985629623085,
    "d": 74.85291832758,
    "j": 27.173732233532576,
    "ma20": 262.20044097900393,
    "ma120": 260.16364161173504,
    "ma240": 234.65045776367188,
    "golden_cross": false,
    "death_cross": false,
    "top_divergence": false,
    "bottom_divergence": false
  },
  "amzn": {
    "close": 199.60000610351562,
    "change_percent": -2.195215448521887,
    "pe": 27.838215,
    "rsi": 23.46078874529897,
    "k": 12.68273608903542,
    "d": 21.854377580477056,
    "j": -5.660546893847851,
    "ma20": 229.3595001220703,
    "ma120": 229.6345001220703,
    "ma240": 217.9807502110799,
    "golden_cross": false,
    "death_cross": false,
    "top_divergence": false,
    "bottom_divergence": false
  },
  "meta": {
    "close": 649.8099975585938,
    "change_percent": -2.823431607154446,
    "pe": 27.698637,
    "rsi": 45.352182870252236,
    "k": 21.31102737573293,
    "d": 31.62970751089524,
    "j": 0.6736671054083061,
    "ma20": 664.9299957275391,
    "ma120": 684.7122065226237,
    "ma240": 668.2015538533528,
    "golden_cross": false,
    "death_cross": false,
    "top_divergence": false,
    "bottom_divergence": false
  },
  "btc": {
    "close": 66064.703125,
    "change_percent": -0.23729424628108456,
    "pe": null,
    "rsi": 29.284897052690123,
    "k": 40.77743233452391,
    "d": 37.53113975064047,
    "j": 47.270017502290784,
    "ma20": 75787.5880859375,
    "ma120": 91798.88102213542,
    "ma240": 102915.29838867187,
    "golden_cross": false,
    "death_cross": false,
    "top_divergence": false,
    "bottom_divergence": false
  },
  "gld": {
    "close": 451.3900146484375,
    "change_percent": -3.4728289598193602,
    "pe": null,
    "rsi": 52.407283947895586,
    "k": 60.82271361176541,
    "d": 52.62578436291659,
    "j": 77.21657210946304,
    "ma20": 454.6315032958984,
    "ma120": 385.40041732788086,
    "ma240": 342.549583307902,
    "golden_cross": false,
    "death_cross": false,
    "top_divergence": false,
    "bottom_divergence": false
  }
}