{
  "twii": {
    "close": 32195.359375,
    "change_percent": 1.8066327752278466,
    "pe": null,
    "rsi": 64.41049383443891,
    "k": 55.33284072917054,
    "d": 68.93769124545284,
    "j": 28.12313969660596,
    "ma20": 31473.9728515625,
    "ma120": 27524.072265625,
    "ma240": 24707.77451985677,
    "golden_cross": false,
    "death_cross": false,
    "top_divergence": false,
    "bottom_divergence": false
  },
  "tsmc": {
    "close": 1800.0,
    "change_percent": 1.9830028328611897,
    "pe": 27.194439,
    "rsi": 66.49962246618031,
    "k": 56.647072703095816,
    "d": 66.38895395119735,
    "j": 37.16331020689273,
    "ma20": 1744.25,
    "ma120": 1434.3355336507161,
    "ma240": 1216.8156450907388,
    "golden_cross": false,
    "death_cross": false,
    "top_divergence": false,
    "bottom_divergence": false
  },
  "etf0050": {
    "close": 72.94999694824219,
    "change_percent": 2.0279677597792833,
    "pe": 25.052406,
    "rsi": 66.22021934733782,
    "k": 57.94056963261788,
    "d": 71.03562684043862,
    "j": 31.750455216976377,
    "ma20": 71.23879852294922,
    "ma120": 61.050693066914874,
    "ma240": 53.20685027440389,
    "golden_cross": false,
    "death_cross": false,
    "top_divergence": false,
    "bottom_divergence": false
  },
  "etf00631l": {
    "close": 444.3500061035156,
    "change_percent": 4.014511565175958,
    "pe": null,
    "rsi": 62.87174702807133,
    "k": 55.34158201666301,
    "d": 70.31754308313913,
    "j": 25.389659883710777,
    "ma20": 428.64500427246094,
    "ma120": 333.6170832316081,
    "ma240": 270.34604161580404,
    "golden_cross": false,
    "death_cross": false,
    "top_divergence": false,
    "bottom_divergence": false
  },
  "etf00675l": {
    "close": 176.35000610351562,
    "change_percent": 4.041301535997419,
    "pe": null,
    "rsi": 63.101302319957966,
    "k": 55.90924035386263,
    "d": 70.70079622655925,
    "j": 26.32612860846939,
    "ma20": 170.05999984741212,
    "ma120": 132.50125020345052,
    "ma240": 107.48333336512248,
    "golden_cross": false,
    "death_cross": false,
    "top_divergence": false,
    "bottom_divergence": false
  },
  "nasdaq": {
    "close": 23592.109375,
    "change_percent": 0.5553237590460298,
    "pe": null,
    "rsi": 52.47619885117343,
    "k": 65.55346222736391,
    "d": 67.02319090985404,
    "j": 62.61400486238364,
    "ma20": 23538.5462890625,
    "ma120": 22849.802880859374,
    "ma240": 20879.278100585936,
    "golden_cross": false,
    "death_cross": false,
    "top_divergence": true,
    "bottom_divergence": false
  },
  "tqqq": {
    "close": 55.099998474121094,
    "change_percent": 2.037034211335359,
    "pe": 34.710865,
    "rsi": 52.01042824361263,
    "k": 64.21165079599255,
    "d": 66.5032250290027,
    "j": 59.628502329972235,
    "ma20": 54.6564998626709,
    "ma120": 52.007054551442465,
    "ma240": 43.4328541914622,
    "golden_cross": false,
    "death_cross": false,
    "top_divergence": true,
    "bottom_divergence": false
  },
  "qld": {
    "close": 72.7300033569336,
    "change_percent": 1.4224017368336555,
    "pe": 34.315723,
    "rsi": 52.588578052588666,
    "k": 65.29468459421443,
    "d": 67.52557663866028,
    "j": 60.832900505322726,
    "ma20": 72.22350006103515,
    "ma120": 69.28331902821859,
    "ma240": 60.451370525360105,
    "golden_cross": false,
    "death_cross": false,
    "top_divergence": true,
    "bottom_divergence": false
  },
  "nvda": {
    "close": 185.61000061035156,
    "change_percent": -2.8880888041861437,
    "pe": 45.829628,
    "rsi": 48.8125915856316,
    "k": 69.2435201063318,
    "d": 71.43023191370042,
    "j": 64.87009649159455,
    "ma20": 186.56000061035155,
    "ma120": 183.6108819325765,
    "ma240": 159.3660075187683,
    "golden_cross": false,
    "death_cross": true,
    "top_divergence": false,
    "bottom_divergence": false
  },
  "msft": {
    "close": 423.3699951171875,
    "change_percent": -1.6082208023224254,
    "pe": 26.526941,
    "rsi": 30.645511511141947,
    "k": 29.892476421823066,
    "d": 44.178286807124934,
    "j": 1.3208556512193326,
    "ma20": 462.5669998168945,
    "ma120": 496.29273223876953,
    "ma240": 468.483217493693,
    "golden_cross": false,
    "death_cross": false,
    "top_divergence": false,
    "bottom_divergence": false
  },
  "goog": {
    "close": 344.8999938964844,
    "change_percent": 1.8816634094931097,
    "pe": 34.013805,
    "rsi": 70.45173146831704,
    "k": 85.41495418001011,
    "d": 75.9244697427045,
    "j": 104.39592305462133,
    "ma20": 330.75950012207034,
    "ma120": 276.9230448404948,
    "ma240": 224.33838837941488,
    "golden_cross": false,
    "death_cross": false,
    "top_divergence": false,
    "bottom_divergence": false
  },
  "tsla": {
    "close": 421.80999755859375,
    "change_percent": -1.9980962408733896,
    "pe": 383.46362,
    "rsi": 42.47431565832575,
    "k": 30.692409021964487,
    "d": 38.32260083195456,
    "j": 15.432025401984333,
    "ma20": 436.1865005493164,
    "ma120": 421.40308380126953,
    "ma240": 359.7186669031779,
    "golden_cross": false,
    "death_cross": false,
    "top_divergence": false,
    "bottom_divergence": false
  },
  "smh": {
    "close": 407.9700012207031,
    "change_percent": 1.11783320803623,
    "pe": 45.459106,
    "rsi": 61.51759036412151,
    "k": 65.56563647170195,
    "d": 73.13890015782401,
    "j": 50.41910909945781,
    "ma20": 396.63250122070315,
    "ma120": 343.91769943237307,
    "ma240": 293.86419569651287,
    "golden_cross": false,
    "death_cross": false,
    "top_divergence": false,
    "bottom_divergence": false
  },
  "aapl": {
    "close": 270.010009765625,
    "change_percent": 4.058115590203091,
    "pe": 34.135273,
    "rsi": 62.457024892464,
    "k": 80.8676674599608,
    "d": 64.97264133803083,
    "j": 112.65771970382076,
    "ma20": 257.59949798583983,
    "ma120": 257.5019353230794,
    "ma240": 233.85627053578693,
    "golden_cross": false,
    "death_cross": false,
    "top_divergence": false,
    "bottom_divergence": false
  },
  "amzn": {
    "close": 242.9600067138672,
    "change_percent": 1.5294624385432034,
    "pe": 34.36492,
    "rsi": 57.093690565182065,
    "k": 69.56747667752745,
    "d": 64.87340175130663,
    "j": 78.9556265299691,
    "ma20": 239.90749816894532,
    "ma120": 230.37883313496908,
    "ma240": 217.99320856730142,
    "golden_cross": false,
    "death_cross": false,
    "top_divergence": false,
    "bottom_divergence": false
  },
  "meta": {
    "close": 706.4099731445312,
    "change_percent": -1.408238221279658,
    "pe": 30.034437,
    "rsi": 62.23739945378281,
    "k": 80.79325194050816,
    "d": 77.41723220014782,
    "j": 87.54529142122882,
    "ma20": 654.779995727539,
    "ma120": 691.1719050089519,
    "ma240": 668.3354317982992,
    "golden_cross": false,
    "death_cross": false,
    "top_divergence": false,
    "bottom_divergence": false
  },
  "btc": {
    "close": 78761.7109375,
    "change_percent": 0.09270105067809671,
    "pe": null,
    "rsi": 29.490468229206755,
    "k": 23.403644633329968,
    "d": 23.685240994428888,
    "j": 22.84045191113212,
    "ma20": 87649.598046875,
    "ma120": 95733.66282552083,
    "ma240": 104530.609375,
    "golden_cross": false,
    "death_cross": false,
    "top_divergence": false,
    "bottom_divergence": false
  },
  "gld": {
    "close": 427.1300048828125,
    "change_percent": -4.004945911975223,
    "pe": null,
    "rsi": 47.040717442342626,
    "k": 46.77589805500836,
    "d": 71.80028511043902,
    "j": -3.2728760558529473,
    "ma20": 438.27550354003904,
    "ma120": 375.45025024414065,
    "ma240": 336.28537470499674,
    "golden_cross": false,
    "death_cross": false,
    "top_divergence": false,
    "bottom_divergence": false
  }
}