{
  "twii": {
    "close": 32803.8203125,
    "change_percent": 1.5035014375913132,
    "pe": null,
    "rsi": 80.14242507816496,
    "k": 94.18414363277734,
    "d": 91.3671149886038,
    "j": 99.81820092112437,
    "ma20": 31002.73994140625,
    "ma120": 27250.642936197917,
    "ma240": 24561.639900716145,
    "golden_cross": false,
    "death_cross": false,
    "top_divergence": false,
    "bottom_divergence": false
  },
  "tsmc": {
    "close": 1820.0,
    "change_percent": 2.247191011235955,
    "pe": 27.484142,
    "rsi": 74.8193868421524,
    "k": 90.05032709052307,
    "d": 85.79870705309249,
    "j": 98.55356716538424,
    "ma20": 1712.5,
    "ma120": 1413.343989054362,
    "ma240": 1204.9194839477539,
    "golden_cross": false,
    "death_cross": false,
    "top_divergence": false,
    "bottom_divergence": false
  },
  "etf0050": {
    "close": 74.19999694824219,
    "change_percent": 1.574255781576867,
    "pe": 25.48168,
    "rsi": 83.56178719398183,
    "k": 95.38771199917315,
    "d": 92.8626941891702,
    "j": 100.43774761917908,
    "ma20": 70.1317024230957,
    "ma120": 60.34273182551066,
    "ma240": 52.79535934130351,
    "golden_cross": false,
    "death_cross": false,
    "top_divergence": false,
    "bottom_divergence": false
  },
  "etf00631l": {
    "close": 463.95001220703125,
    "change_percent": 2.8485936443474325,
    "pe": null,
    "rsi": 83.7954266289588,
    "k": 95.70992435224443,
    "d": 93.2698752777112,
    "j": 100.59002250131087,
    "ma20": 416.81500244140625,
    "ma120": 327.1879163106283,
    "ma240": 266.9970831553141,
    "golden_cross": false,
    "death_cross": false,
    "top_divergence": false,
    "bottom_divergence": false
  },
  "etf00675l": {
    "close": 183.89999389648438,
    "change_percent": 2.6227661988184483,
    "pe": null,
    "rsi": 84.19491222849673,
    "k": 95.93911845418066,
    "d": 93.37496131482364,
    "j": 101.06743273289473,
    "ma20": 165.3625,
    "ma120": 129.9587501525879,
    "ma240": 106.16125001907349,
    "golden_cross": false,
    "death_cross": false,
    "top_divergence": false,
    "bottom_divergence": false
  },
  "nasdaq": {
    "close": 23817.099609375,
    "change_percent": 0.9141008826954485,
    "pe": null,
    "rsi": 59.128715536710196,
    "k": 71.26103948521637,
    "d": 58.599692973039126,
    "j": 96.58373250957086,
    "ma20": 23477.27392578125,
    "ma120": 22771.894889322917,
    "ma240": 20817.057771809898,
    "golden_cross": false,
    "death_cross": false,
    "top_divergence": false,
    "bottom_divergence": false
  },
  "tqqq": {
    "close": 56.540000915527344,
    "change_percent": 2.650688155296127,
    "pe": 35.61801,
    "rsi": 58.22527425025922,
    "k": 71.56364139021588,
    "d": 58.61096488185352,
    "j": 97.4689944069406,
    "ma20": 54.22949981689453,
    "ma120": 51.660298887888594,
    "ma240": 43.23888722260793,
    "golden_cross": false,
    "death_cross": false,
    "top_divergence": false,
    "bottom_divergence": false
  },
  "qld": {
    "close": 73.95999908447266,
    "change_percent": 1.7891485780934537,
    "pe": 34.896065,
    "rsi": 58.75651473168285,
    "k": 72.91021339965579,
    "d": 59.94554432999362,
    "j": 98.83955153898012,
    "ma20": 71.81150016784667,
    "ma120": 68.93073841730754,
    "ma240": 60.209809414545695,
    "golden_cross": false,
    "death_cross": false,
    "top_divergence": false,
    "bottom_divergence": false
  },
  "nvda": {
    "close": 188.52000427246094,
    "change_percent": 1.099374182623327,
    "pe": 46.779156,
    "rsi": 54.9171338933058,
    "k": 67.2206489423782,
    "d": 53.38247283178055,
    "j": 94.89700116357352,
    "ma20": 186.0770004272461,
    "ma120": 183.31170463562012,
    "ma240": 158.4650115966797,
    "golden_cross": false,
    "death_cross": false,
    "top_divergence": false,
    "bottom_divergence": false
  },
  "msft": {
    "close": 480.5799865722656,
    "change_percent": 2.190181980884658,
    "pe": 34.132103,
    "rsi": 55.47183320638515,
    "k": 65.79821995388767,
    "d": 44.26061943883003,
    "j": 108.87342098400295,
    "ma20": 470.6845001220703,
    "ma120": 498.905010732015,
    "ma240": 467.8868335723877,
    "golden_cross": false,
    "death_cross": false,
    "top_divergence": false,
    "bottom_divergence": false
  },
  "goog": {
    "close": 335.0,
    "change_percent": 0.4226756430313317,
    "pe": 33.102768,
    "rsi": 63.000799630167215,
    "k": 63.64964764343013,
    "d": 58.43681599612208,
    "j": 74.07531093804624,
    "ma20": 325.74400024414064,
    "ma120": 272.2423594156901,
    "ma240": 221.77471059163412,
    "golden_cross": true,
    "death_cross": false,
    "top_divergence": false,
    "bottom_divergence": false
  },
  "tsla": {
    "close": 430.8999938964844,
    "change_percent": -0.9880556502607107,
    "pe": 293.12924,
    "rsi": 44.12896850989132,
    "k": 51.99411922373815,
    "d": 51.960310564821,
    "j": 52.06173654157246,
    "ma20": 441.2675018310547,
    "ma120": 418.1582504272461,
    "ma240": 358.4776669184367,
    "golden_cross": false,
    "death_cross": false,
    "top_divergence": true,
    "bottom_divergence": false
  },
  "smh": {
    "close": 407.25,
    "change_percent": 2.1137336444929478,
    "pe": 45.37888,
    "rsi": 67.23911898836732,
    "k": 76.42043674770915,
    "d": 74.46495541782764,
    "j": 80.33139940747216,
    "ma20": 387.4010009765625,
    "ma120": 339.88000971476237,
    "ma240": 291.19969329833987,
    "golden_cross": true,
    "death_cross": false,
    "top_divergence": false,
    "bottom_divergence": false
  },
  "aapl": {
    "close": 258.2699890136719,
    "change_percent": 1.1197624644906519,
    "pe": 34.620644,
    "rsi": 45.605670003228354,
    "k": 50.998836653031475,
    "d": 33.73030682118325,
    "j": 85.53589631672793,
    "ma20": 259.87449645996094,
    "ma120": 256.2018333435059,
    "ma240": 233.52278302510578,
    "golden_cross": false,
    "death_cross": false,
    "top_divergence": false,
    "bottom_divergence": false
  },
  "amzn": {
    "close": 244.67999267578125,
    "change_percent": 2.625616372331352,
    "pe": 34.6082,
    "rsi": 60.50318730011928,
    "k": 63.62072585648096,
    "d": 51.00625394398981,
    "j": 88.84966968146325,
    "ma20": 237.65349884033202,
    "ma120": 229.73241653442383,
    "ma240": 217.77500012715657,
    "golden_cross": false,
    "death_cross": false,
    "top_divergence": false,
    "bottom_divergence": false
  },
  "meta": {
    "close": 672.969970703125,
    "change_percent": 0.09072303005116401,
    "pe": 29.764261,
    "rsi": 60.58683287803519,
    "k": 77.04988211392887,
    "d": 55.93421886985889,
    "j": 119.28120860206884,
    "ma20": 645.0394989013672,
    "ma120": 693.1258275349935,
    "ma240": 668.6183115641276,
    "golden_cross": false,
    "death_cross": false,
    "top_divergence": false,
    "bottom_divergence": false
  },
  "btc": {
    "close": 89143.3203125,
    "change_percent": 0.045733809762256966,
    "pe": null,
    "rsi": 45.417066926091515,
    "k": 33.37982444738435,
    "d": 28.134221992987936,
    "j": 43.87102935617718,
    "ma20": 91319.287109375,
    "ma120": 97821.2513671875,
    "ma240": 105137.95309244792,
    "golden_cross": false,
    "death_cross": false,
    "top_divergence": false,
    "bottom_divergence": false
  },
  "gld": {
    "close": 476.1000061035156,
    "change_percent": 2.4531942321975873,
    "pe": null,
    "rsi": 85.10013462548125,
    "k": 94.76576465797635,
    "d": 91.34728772107258,
    "j": 101.60271853178392,
    "ma20": 424.7525039672852,
    "ma120": 370.305916595459,
    "ma240": 333.00383313496906,
    "golden_cross": false,
    "death_cross": false,
    "top_divergence": false,
    "bottom_divergence": false
  }
}