{
  "twii": {
    "close": 35414.48828125,
    "change_percent": 0.004004083061669718,
    "pe": null,
    "rsi": 80.35998484120277,
    "k": 91.82936239670647,
    "d": 83.66088619732353,
    "j": 108.16631479547235,
    "ma20": 32740.9283203125,
    "ma120": 28296.510091145832,
    "ma240": 25129.070963541668,
    "golden_cross": false,
    "death_cross": false,
    "top_divergence": false,
    "bottom_divergence": false
  },
  "tsmc": {
    "close": 1995.0,
    "change_percent": -0.9925558312655087,
    "pe": 30.095037,
    "rsi": 75.0539751951687,
    "k": 88.96179258419725,
    "d": 82.54454699720321,
    "j": 101.79628375818533,
    "ma20": 1829.25,
    "ma120": 1494.4210052490234,
    "ma240": 1251.3447606404623,
    "golden_cross": false,
    "death_cross": false,
    "top_divergence": false,
    "bottom_divergence": false
  },
  "etf0050": {
    "close": 81.1500015258789,
    "change_percent": 0.0616560452510593,
    "pe": 27.868443,
    "rsi": 82.43518916622439,
    "k": 90.77064698937698,
    "d": 84.16364361243592,
    "j": 103.98465374325912,
    "ma20": 74.3849998474121,
    "ma120": 63.07267217636108,
    "ma240": 54.40379215876261,
    "golden_cross": false,
    "death_cross": false,
    "top_divergence": false,
    "bottom_divergence": false
  },
  "etf00631l": {
    "close": 537.8499755859375,
    "change_percent": 0.7398297417592254,
    "pe": null,
    "rsi": 79.27526990766123,
    "k": 90.59878246856994,
    "d": 82.61960056207613,
    "j": 106.55714628155755,
    "ma20": 461.2500030517578,
    "ma120": 352.1845832824707,
    "ma240": 280.24375,
    "golden_cross": false,
    "death_cross": false,
    "top_divergence": false,
    "bottom_divergence": false
  },
  "etf00675l": {
    "close": 212.8000030517578,
    "change_percent": 0.7814393573140945,
    "pe": null,
    "rsi": 79.36654806511126,
    "k": 90.39193184785377,
    "d": 82.56930733300257,
    "j": 106.03718087755618,
    "ma20": 182.86749954223632,
    "ma120": 139.81916694641114,
    "ma240": 111.37416674296061,
    "golden_cross": false,
    "death_cross": false,
    "top_divergence": false,
    "bottom_divergence": false
  },
  "nasdaq": {
    "close": 23152.080078125,
    "change_percent": 1.2613909684129887,
    "pe": null,
    "rsi": 52.0707677033578,
    "k": 63.436917050863165,
    "d": 48.34627057800934,
    "j": 93.61820999657081,
    "ma20": 23021.16708984375,
    "ma120": 23031.98582356771,
    "ma240": 21160.51774902344,
    "golden_cross": false,
    "death_cross": false,
    "top_divergence": false,
    "bottom_divergence": false
  },
  "tqqq": {
    "close": 51.869998931884766,
    "change_percent": 4.198473691922038,
    "pe": 31.764404,
    "rsi": 51.80460669151545,
    "k": 62.00450672612483,
    "d": 47.52579974823911,
    "j": 90.96192068189629,
    "ma20": 51.0060001373291,
    "ma120": 52.613261477152506,
    "ma240": 44.33736790815989,
    "golden_cross": false,
    "death_cross": false,
    "top_divergence": false,
    "bottom_divergence": false
  },
  "qld": {
    "close": 70.08000183105469,
    "change_percent": 2.8621820875515893,
    "pe": 32.3255,
    "rsi": 52.39566172443087,
    "k": 63.57387242047439,
    "d": 48.84241420111698,
    "j": 93.03678885918919,
    "ma20": 69.14249992370605,
    "ma120": 70.00691067377726,
    "ma240": 61.55155288378398,
    "golden_cross": false,
    "death_cross": false,
    "top_divergence": false,
    "bottom_divergence": false
  },
  "nvda": {
    "close": 195.55999755859375,
    "change_percent": 1.4052327556699633,
    "pe": 48.286415,
    "rsi": 61.00212325664456,
    "k": 83.18500220677443,
    "d": 76.25632397609155,
    "j": 97.0423586681402,
    "ma20": 187.0800003051758,
    "ma120": 184.68571192423502,
    "ma240": 163.66697511672973,
    "golden_cross": false,
    "death_cross": false,
    "top_divergence": false,
    "bottom_divergence": false
  },
  "msft": {
    "close": 400.6000061035156,
    "change_percent": 2.982006710415328,
    "pe": 25.068836,
    "rsi": 39.85453590410577,
    "k": 37.58892463598744,
    "d": 24.497510537550244,
    "j": 63.77175283286183,
    "ma20": 408.77278900146484,
    "ma120": 480.780113474528,
    "ma240": 467.9048775990804,
    "golden_cross": true,
    "death_cross": false,
    "top_divergence": false,
    "bottom_divergence": false
  },
  "goog": {
    "close": 313.0299987792969,
    "change_percent": 0.6786264185122691,
    "pe": 28.984259,
    "rsi": 44.752286726852816,
    "k": 54.86093380857257,
    "d": 41.87604430404251,
    "j": 80.8307128176327,
    "ma20": 320.8724990844727,
    "ma120": 291.4203324635824,
    "ma240": 233.79388065338134,
    "golden_cross": false,
    "death_cross": false,
    "top_divergence": false,
    "bottom_divergence": false
  },
  "tsla": {
    "close": 417.3999938964844,
    "change_percent": 1.9590573349979916,
    "pe": 382.93576,
    "rsi": 48.114801938666446,
    "k": 41.07174119756195,
    "d": 40.46855363391598,
    "j": 42.27811632485388,
    "ma20": 415.69649810791014,
    "ma120": 431.6336669921875,
    "ma240": 368.0484167734782,
    "golden_cross": true,
    "death_cross": false,
    "top_divergence": false,
    "bottom_divergence": false
  },
  "smh": {
    "close": 426.1600036621094,
    "change_percent": 1.6700066654362367,
    "pe": 45.197407,
    "rsi": 64.88419496153342,
    "k": 83.5211635117561,
    "d": 77.29511969976745,
    "j": 95.97325113573339,
    "ma20": 407.5754989624023,
    "ma120": 359.0292101542155,
    "ma240": 305.5038688659668,
    "golden_cross": false,
    "death_cross": false,
    "top_divergence": false,
    "bottom_divergence": false
  },
  "aapl": {
    "close": 274.2300109863281,
    "change_percent": 0.7679856784716407,
    "pe": 34.712658,
    "rsi": 58.74121116582629,
    "k": 62.15096359161873,
    "d": 48.325440322197835,
    "j": 89.80201013046053,
    "ma20": 267.4727752685547,
    "ma120": 262.4771821339925,
    "ma240": 235.81856371561688,
    "golden_cross": false,
    "death_cross": false,
    "top_divergence": false,
    "bottom_divergence": false
  },
  "amzn": {
    "close": 210.63999938964844,
    "change_percent": 0.9973158109911862,
    "pe": 29.418995,
    "rsi": 42.372655469271045,
    "k": 71.88936785734026,
    "d": 53.48470014491099,
    "j": 108.6987032821988,
    "ma20": 216.75750045776368,
    "ma120": 228.11474990844727,
    "ma240": 218.13500016530355,
    "golden_cross": false,
    "death_cross": false,
    "top_divergence": false,
    "bottom_divergence": false
  },
  "meta": {
    "close": 653.6900024414062,
    "change_percent": 2.250901755546032,
    "pe": 27.852152,
    "rsi": 49.20230926482993,
    "k": 34.782614533220645,
    "d": 28.977347205530148,
    "j": 46.39314918860163,
    "ma20": 667.0854949951172,
    "ma120": 677.9647969563802,
    "ma240": 668.786538441976,
    "golden_cross": true,
    "death_cross": false,
    "top_divergence": false,
    "bottom_divergence": false
  },
  "btc": {
    "close": 67887.4140625,
    "change_percent": -0.10699058823096631,
    "pe": null,
    "rsi": 42.27742018185667,
    "k": 52.383613921605956,
    "d": 42.383070072203864,
    "j": 72.38470162041014,
    "ma20": 67851.101171875,
    "ma120": 87180.93336588542,
    "ma240": 100858.89692382813,
    "golden_cross": false,
    "death_cross": false,
    "top_divergence": false,
    "bottom_divergence": false
  },
  "gld": {
    "close": 473.4200134277344,
    "change_percent": -0.2507262722141561,
    "pe": null,
    "rsi": 57.69084434705154,
    "k": 79.98820524721988,
    "d": 75.14389453249109,
    "j": 89.67682667667748,
    "ma20": 462.159001159668,
    "ma120": 395.35508422851564,
    "ma240": 349.1287499745687,
    "golden_cross": false,
    "death_cross": false,
    "top_divergence": false,
    "bottom_divergence": false
  }
}