{
  "twii": {
    "close": 28371.98046875,
    "change_percent": 0.2172686080355787,
    "pe": null,
    "rsi": 59.95930154820767,
    "k": 65.17817682364307,
    "d": 50.87594098055119,
    "j": 93.78264850982683,
    "ma20": 27884.65341796875,
    "ma120": 25789.385205078124,
    "ma240": 23834.527709960938,
    "golden_cross": false,
    "death_cross": false,
    "top_divergence": false,
    "bottom_divergence": false
  },
  "tsmc": {
    "close": 1495.0,
    "change_percent": 0.33557046979865773,
    "pe": 24.653694,
    "rsi": 59.53389693528954,
    "k": 61.942125143601615,
    "d": 46.16388710095562,
    "j": 93.49860122889359,
    "ma20": 1453.8330627441405,
    "ma120": 1303.690203857422,
    "ma240": 1146.994879659017,
    "golden_cross": false,
    "death_cross": false,
    "top_divergence": false,
    "bottom_divergence": false
  },
  "etf0050": {
    "close": 63.849998474121094,
    "change_percent": 0.2354752109656316,
    "pe": 22.640038,
    "rsi": 59.4020168826176,
    "k": 54.85210536153655,
    "d": 45.72201483919193,
    "j": 73.11228640622579,
    "ma20": 62.65500011444092,
    "ma120": 57.20706434249878,
    "ma240": 51.40422353744507,
    "golden_cross": false,
    "death_cross": false,
    "top_divergence": false,
    "bottom_divergence": false
  },
  "etf00631l": {
    "close": 348.8999938964844,
    "change_percent": 0.2298155067342501,
    "pe": null,
    "rsi": 58.18798259888829,
    "k": 58.92763309657262,
    "d": 48.85565484048955,
    "j": 79.07158960873878,
    "ma20": 338.2449981689453,
    "ma120": 292.21041577657064,
    "ma240": 250.36187451680502,
    "golden_cross": false,
    "death_cross": false,
    "top_divergence": false,
    "bottom_divergence": false
  },
  "etf00675l": {
    "close": 138.5,
    "change_percent": 0.3259666340416337,
    "pe": null,
    "rsi": 58.42376182529429,
    "k": 58.84525112048128,
    "d": 48.80797775907102,
    "j": 78.91979784330178,
    "ma20": 134.21250228881837,
    "ma120": 116.13458353678385,
    "ma240": 99.6045833269755,
    "golden_cross": false,
    "death_cross": false,
    "top_divergence": false,
    "bottom_divergence": false
  },
  "nasdaq": {
    "close": 23561.83984375,
    "change_percent": 0.5677183418099412,
    "pe": null,
    "rsi": 57.042224861295146,
    "k": 64.90777906725509,
    "d": 50.26810872846786,
    "j": 94.18711974482956,
    "ma20": 23328.26650390625,
    "ma120": 22288.05291341146,
    "ma240": 20459.66114908854,
    "golden_cross": false,
    "death_cross": false,
    "top_divergence": false,
    "bottom_divergence": false
  },
  "tqqq": {
    "close": 55.0099983215332,
    "change_percent": 1.4009185650381624,
    "pe": 34.388596,
    "rsi": 54.35971246752831,
    "k": 57.0120599205075,
    "d": 45.038722302344496,
    "j": 80.95873515683348,
    "ma20": 54.10249977111816,
    "ma120": 49.67474012374878,
    "ma240": 42.07997805277507,
    "golden_cross": false,
    "death_cross": false,
    "top_divergence": false,
    "bottom_divergence": false
  },
  "qld": {
    "close": 72.36000061035156,
    "change_percent": 0.962749349846124,
    "pe": 34.344776,
    "rsi": 54.917080105880665,
    "k": 58.74973578855146,
    "d": 46.18977374647122,
    "j": 83.86965987271196,
    "ma20": 71.44049987792968,
    "ma120": 66.85854848225911,
    "ma240": 58.753010527292886,
    "golden_cross": false,
    "death_cross": false,
    "top_divergence": false,
    "bottom_divergence": false
  },
  "nvda": {
    "close": 189.2100067138672,
    "change_percent": 3.0050651636425982,
    "pe": 46.718517,
    "rsi": 57.617678809356946,
    "k": 69.34693621231094,
    "d": 49.98592865638359,
    "j": 108.06895132416562,
    "ma20": 180.25050582885743,
    "ma120": 180.46502774556478,
    "ma240": 153.4048055013021,
    "golden_cross": false,
    "death_cross": false,
    "top_divergence": false,
    "bottom_divergence": false
  },
  "msft": {
    "close": 486.8500061035156,
    "change_percent": 0.39800227302205765,
    "pe": 34.60199,
    "rsi": 49.58290360804567,
    "k": 67.16356864403804,
    "d": 53.703949137483434,
    "j": 94.08280765714724,
    "ma20": 483.2785018920898,
    "ma120": 505.6976392110189,
    "ma240": 463.21748402913414,
    "golden_cross": false,
    "death_cross": false,
    "top_divergence": false,
    "bottom_divergence": false
  },
  "goog": {
    "close": 315.67999267578125,
    "change_percent": 1.3972332544670911,
    "pe": 31.162882,
    "rsi": 59.00060324711075,
    "k": 50.362448090450414,
    "d": 37.94614407935473,
    "j": 75.19505611264178,
    "ma20": 314.32566223144534,
    "ma120": 247.0926534016927,
    "ma240": 209.94112046559653,
    "golden_cross": false,
    "death_cross": false,
    "top_divergence": false,
    "bottom_divergence": false
  },
  "tsla": {
    "close": 485.55999755859375,
    "change_percent": -0.6486226252684641,
    "pe": 332.57532,
    "rsi": 62.36090137383723,
    "k": 78.38707177401758,
    "d": 78.57913903974463,
    "j": 78.00293724256349,
    "ma20": 455.25800170898435,
    "ma120": 394.26416676839193,
    "ma240": 353.8676666895548,
    "golden_cross": false,
    "death_cross": true,
    "top_divergence": false,
    "bottom_divergence": false
  },
  "smh": {
    "close": 363.1600036621094,
    "change_percent": 0.9619102968188585,
    "pe": 40.98945,
    "rsi": 56.74076830670318,
    "k": 53.93001268869602,
    "d": 43.06070685249193,
    "j": 75.66862436110418,
    "ma20": 356.4961929321289,
    "ma120": 321.89455439249673,
    "ma240": 278.64430103302004,
    "golden_cross": false,
    "death_cross": false,
    "top_divergence": false,
    "bottom_divergence": false
  },
  "aapl": {
    "close": 272.3599853515625,
    "change_percent": 0.5129660569795853,
    "pe": 36.50938,
    "rsi": 47.028977573556645,
    "k": 35.02084583459766,
    "d": 30.993825402589923,
    "j": 43.074886698613135,
    "ma20": 277.3099990844727,
    "ma120": 246.7735605875651,
    "ma240": 230.69741236368816,
    "golden_cross": false,
    "death_cross": false,
    "top_divergence": false,
    "bottom_divergence": false
  },
  "amzn": {
    "close": 232.13999938964844,
    "change_percent": 1.6241329216049711,
    "pe": 32.788136,
    "rsi": 54.81138195897135,
    "k": 62.758365622676095,
    "d": 43.53687064817931,
    "j": 101.20135557166968,
    "ma20": 228.77399978637695,
    "ma120": 227.53991661071777,
    "ma240": 217.2567501703898,
    "golden_cross": false,
    "death_cross": false,
    "top_divergence": false,
    "bottom_divergence": true
  },
  "meta": {
    "close": 664.9400024414062,
    "change_percent": 0.5200306033871882,
    "pe": 29.409111,
    "rsi": 55.87649233336257,
    "k": 32.34008543520503,
    "d": 31.86739801184514,
    "j": 33.28546028192483,
    "ma20": 652.4031524658203,
    "ma120": 706.7602432250976,
    "ma240": 669.7154089609782,
    "golden_cross": true,
    "death_cross": false,
    "top_divergence": false,
    "bottom_divergence": false
  },
  "btc": {
    "close": 86946.8515625,
    "change_percent": -0.5344091764477086,
    "pe": null,
    "rsi": 41.58126879211865,
    "k": 47.696418732016596,
    "d": 44.962795166630244,
    "j": 53.163665862789315,
    "ma20": 88973.215234375,
    "ma120": 104266.8484375,
    "ma240": 106979.88414713541,
    "golden_cross": false,
    "death_cross": false,
    "top_divergence": false,
    "bottom_divergence": false
  },
  "gld": {
    "close": 413.6400146484375,
    "change_percent": 1.3252341857567544,
    "pe": null,
    "rsi": 81.13309432347558,
    "k": 90.97001060658363,
    "d": 84.35012319233329,
    "j": 104.20978543508431,
    "ma20": 392.4755004882812,
    "ma120": 349.084999593099,
    "ma240": 317.6368745803833,
    "golden_cross": false,
    "death_cross": false,
    "top_divergence": false,
    "bottom_divergence": false
  }
}