{
  "twii": {
    "close": 34114.19140625,
    "change_percent": 4.095952619427937,
    "pe": null,
    "rsi": 57.65981731943406,
    "k": 42.78181557360497,
    "d": 43.82043643028591,
    "j": 40.7045738602431,
    "ma20": 33329.74541015625,
    "ma120": 28920.28818359375,
    "ma240": 25502.466170247397,
    "golden_cross": false,
    "death_cross": false,
    "top_divergence": false,
    "bottom_divergence": false
  },
  "tsmc": {
    "close": 1940.0,
    "change_percent": 4.864864864864865,
    "pe": 29.29186,
    "rsi": 59.52494757106707,
    "k": 43.235430669700484,
    "d": 41.15533362742987,
    "j": 47.39562475424171,
    "ma20": 1877.25,
    "ma120": 1543.6130452473958,
    "ma240": 1281.9314954121908,
    "golden_cross": true,
    "death_cross": false,
    "top_divergence": false,
    "bottom_divergence": false
  },
  "etf0050": {
    "close": 78.19999694824219,
    "change_percent": 6.249998056370239,
    "pe": 26.855356,
    "rsi": 58.187708346446435,
    "k": 43.42734298527709,
    "d": 47.3896653287478,
    "j": 35.50269829833566,
    "ma20": 76.01499938964844,
    "ma120": 64.56561943689982,
    "ma240": 55.336193879445396,
    "golden_cross": false,
    "death_cross": false,
    "top_divergence": false,
    "bottom_divergence": false
  },
  "etf00631l": {
    "close": 485.6000061035156,
    "change_percent": 12.877729503602026,
    "pe": null,
    "rsi": 54.51297160022172,
    "k": 37.77039096658643,
    "d": 43.3374148860328,
    "j": 26.636343127693692,
    "ma20": 473.20750122070314,
    "ma120": 365.1287498474121,
    "ma240": 287.7235417048136,
    "golden_cross": false,
    "death_cross": false,
    "top_divergence": false,
    "bottom_divergence": false
  },
  "etf00675l": {
    "close": 192.9499969482422,
    "change_percent": 12.836255525287829,
    "pe": null,
    "rsi": 54.809183796388595,
    "k": 38.350435190455705,
    "d": 43.605110612256134,
    "j": 27.841084346854856,
    "ma20": 187.63750152587892,
    "ma120": 144.9441670735677,
    "ma240": 114.32583344777426,
    "golden_cross": false,
    "death_cross": false,
    "top_divergence": false,
    "bottom_divergence": false
  },
  "nasdaq": {
    "close": 22697.099609375,
    "change_percent": 0.005068704612934267,
    "pe": null,
    "rsi": 46.7569376810883,
    "k": 53.42103730151042,
    "d": 51.983626836543564,
    "j": 56.29585823144413,
    "ma20": 22750.29716796875,
    "ma120": 23084.570231119793,
    "ma240": 21344.236669921876,
    "golden_cross": true,
    "death_cross": false,
    "top_divergence": false,
    "bottom_divergence": false
  },
  "tqqq": {
    "close": 49.400001525878906,
    "change_percent": 0.020251339044488992,
    "pe": 33.151577,
    "rsi": 47.35843664623729,
    "k": 56.882554236551826,
    "d": 55.350883070453044,
    "j": 59.945896568749404,
    "ma20": 49.47150001525879,
    "ma120": 52.75826829274495,
    "ma240": 45.02487797737122,
    "golden_cross": true,
    "death_cross": false,
    "top_divergence": false,
    "bottom_divergence": false
  },
  "qld": {
    "close": 67.91000366210938,
    "change_percent": -0.04415481044874403,
    "pe": 33.227657,
    "rsi": 47.84479738006743,
    "k": 58.11528016932421,
    "d": 56.527586574260255,
    "j": 61.29066735945213,
    "ma20": 67.8810001373291,
    "ma120": 70.23924624125162,
    "ma240": 62.33942775726318,
    "golden_cross": true,
    "death_cross": false,
    "top_divergence": false,
    "bottom_divergence": false
  },
  "nvda": {
    "close": 184.77000427246094,
    "change_percent": 1.1606955635476581,
    "pe": 37.708164,
    "rsi": 50.04588545181835,
    "k": 37.79068236255358,
    "d": 36.207298006357284,
    "j": 40.95745107494618,
    "ma20": 185.7599998474121,
    "ma120": 185.29958839416503,
    "ma240": 166.03515790303547,
    "golden_cross": true,
    "death_cross": false,
    "top_divergence": false,
    "bottom_divergence": false
  },
  "msft": {
    "close": 405.760009765625,
    "change_percent": -0.8915253325116002,
    "pe": 25.37586,
    "rsi": 45.50251770660994,
    "k": 77.8196630210862,
    "d": 75.38721176591754,
    "j": 82.68456553142352,
    "ma20": 400.9232604980469,
    "ma120": 473.45070571899413,
    "ma240": 468.61230748494467,
    "golden_cross": false,
    "death_cross": false,
    "top_divergence": false,
    "bottom_divergence": false
  },
  "goog": {
    "close": 306.92999267578125,
    "change_percent": 0.3006381754834983,
    "pe": 28.419443,
    "rsi": 45.26754817469517,
    "k": 48.469004806662284,
    "d": 40.19342461704052,
    "j": 65.02016518590582,
    "ma20": 307.3205871582031,
    "ma120": 296.0412103017171,
    "ma240": 238.82047468821207,
    "golden_cross": false,
    "death_cross": false,
    "top_divergence": false,
    "bottom_divergence": false
  },
  "tsla": {
    "close": 399.239990234375,
    "change_percent": 0.14046291985591491,
    "pe": 369.66202,
    "rsi": 42.64514083594938,
    "k": 45.61553748858906,
    "d": 43.82564377642042,
    "j": 49.19532491292634,
    "ma20": 408.65299835205076,
    "ma120": 434.01733347574867,
    "ma240": 373.76358331044514,
    "golden_cross": false,
    "death_cross": false,
    "top_divergence": false,
    "bottom_divergence": false
  },
  "smh": {
    "close": 397.3299865722656,
    "change_percent": 0.750562033553937,
    "pe": 40.75087,
    "rsi": 48.26161320763726,
    "k": 33.594154483403955,
    "d": 32.77326581272317,
    "j": 35.23593182476553,
    "ma20": 405.9700012207031,
    "ma120": 366.44577840169273,
    "ma240": 311.957443745931,
    "golden_cross": true,
    "death_cross": false,
    "top_divergence": false,
    "bottom_divergence": false
  },
  "aapl": {
    "close": 260.8299865722656,
    "change_percent": 0.36554627966914943,
    "pe": 33.016453,
    "rsi": 45.489523962811724,
    "k": 28.039516011631797,
    "d": 31.357613310305876,
    "j": 21.40332141428363,
    "ma20": 264.9604995727539,
    "ma120": 264.58691685994467,
    "ma240": 237.6229685465495,
    "golden_cross": false,
    "death_cross": false,
    "top_divergence": false,
    "bottom_divergence": false
  },
  "amzn": {
    "close": 214.3300018310547,
    "change_percent": 0.393459326562021,
    "pe": 29.850975,
    "rsi": 48.83929656239973,
    "k": 69.32442471165899,
    "d": 73.05993105141916,
    "j": 61.853412032138664,
    "ma20": 208.33200073242188,
    "ma120": 226.58000017801922,
    "ma240": 218.70066687266032,
    "golden_cross": false,
    "death_cross": false,
    "top_divergence": false,
    "bottom_divergence": false
  },
  "meta": {
    "close": 654.0700073242188,
    "change_percent": 1.0318343694888146,
    "pe": 27.856474,
    "rsi": 49.6077093381138,
    "k": 56.58934877970029,
    "d": 59.03896718806685,
    "j": 51.690111962967165,
    "ma20": 651.5314971923829,
    "ma120": 670.2759282430013,
    "ma240": 670.8872957865398,
    "golden_cross": false,
    "death_cross": false,
    "top_divergence": true,
    "bottom_divergence": false
  },
  "btc": {
    "close": 69555.390625,
    "change_percent": -0.531313605744211,
    "pe": null,
    "rsi": 50.25751598382616,
    "k": 46.28053355836174,
    "d": 48.72949854955269,
    "j": 41.38260357597983,
    "ma20": 67813.9890625,
    "ma120": 83154.28447265625,
    "ma240": 98465.48058268228,
    "golden_cross": false,
    "death_cross": false,
    "top_divergence": false,
    "bottom_divergence": false
  },
  "gld": {
    "close": 477.8599853515625,
    "change_percent": 1.127967872100134,
    "pe": null,
    "rsi": 56.32381098287149,
    "k": 65.59245759979906,
    "d": 67.10518654628291,
    "j": 62.56699970683138,
    "ma20": 469.4605010986328,
    "ma120": 405.94375076293943,
    "ma240": 356.53737513224286,
    "golden_cross": false,
    "death_cross": false,
    "top_divergence": false,
    "bottom_divergence": false
  }
}