{
  "twii": {
    "close": 27342.529296875,
    "change_percent": -1.0278224625688188,
    "pe": null,
    "rsi": 50.760197755211536,
    "k": 65.85711563486439,
    "d": 51.679855893897724,
    "j": 94.21163511679771,
    "ma20": 27414.0712890625,
    "ma120": 24988.160709635416,
    "ma240": 23489.61017252604,
    "golden_cross": false,
    "death_cross": false,
    "top_divergence": false,
    "bottom_divergence": false
  },
  "tsmc": {
    "close": 1410.0,
    "change_percent": -2.083333333333333,
    "pe": 23.259651,
    "rsi": 46.75058429764524,
    "k": 53.011807294301946,
    "d": 45.70939110483745,
    "j": 67.61663967323094,
    "ma20": 1439.75,
    "ma120": 1249.33683980306,
    "ma240": 1121.9773292541504,
    "golden_cross": false,
    "death_cross": false,
    "top_divergence": false,
    "bottom_divergence": false
  },
  "etf0050": {
    "close": 61.5,
    "change_percent": -1.3632694385291653,
    "pe": 21.80677,
    "rsi": 49.806345491194996,
    "k": 68.6028641058585,
    "d": 53.106014783050355,
    "j": 99.5965627514748,
    "ma20": 61.90750007629394,
    "ma120": 55.1293199857076,
    "ma240": 50.41377623875936,
    "golden_cross": false,
    "death_cross": false,
    "top_divergence": false,
    "bottom_divergence": false
  },
  "etf00631l": {
    "close": 327.45001220703125,
    "change_percent": -2.7183582087251805,
    "pe": null,
    "rsi": 50.29513193208048,
    "k": 69.91934506503101,
    "d": 55.46707316928894,
    "j": 98.82388885651517,
    "ma20": 329.79499969482424,
    "ma120": 274.7754161834717,
    "ma240": 243.7704163869222,
    "golden_cross": false,
    "death_cross": false,
    "top_divergence": false,
    "bottom_divergence": false
  },
  "etf00675l": {
    "close": 130.0,
    "change_percent": -2.694615223839344,
    "pe": null,
    "rsi": 50.28881716193544,
    "k": 69.58031003999422,
    "d": 54.97945387170646,
    "j": 98.78202237656971,
    "ma20": 130.90000114440917,
    "ma120": 109.2441666285197,
    "ma240": 97.02354151407877,
    "golden_cross": false,
    "death_cross": false,
    "top_divergence": false,
    "bottom_divergence": false
  },
  "nasdaq": {
    "close": 23365.689453125,
    "change_percent": 0.6504502259437868,
    "pe": null,
    "rsi": 56.50373196490008,
    "k": 76.49014069221104,
    "d": 55.71743164232882,
    "j": 118.03555879197549,
    "ma20": 23058.6896484375,
    "ma120": 21797.90361328125,
    "ma240": 20199.912638346355,
    "golden_cross": false,
    "death_cross": false,
    "top_divergence": false,
    "bottom_divergence": false
  },
  "tqqq": {
    "close": 54.540000915527344,
    "change_percent": 2.1922465937011393,
    "pe": 17.855995,
    "rsi": 54.52160414406377,
    "k": 73.03483241412479,
    "d": 51.75641649746067,
    "j": 115.59166424745304,
    "ma20": 53.194750213623045,
    "ma120": 47.47430079778035,
    "ma240": 41.20407858689626,
    "golden_cross": false,
    "death_cross": false,
    "top_divergence": false,
    "bottom_divergence": false
  },
  "qld": {
    "close": 71.80999755859375,
    "change_percent": 1.5125808978462436,
    "pe": 17.710676,
    "rsi": 55.23315213095471,
    "k": 74.00125367354175,
    "d": 52.82313348070137,
    "j": 116.35749405922252,
    "ma20": 70.38025016784668,
    "ma120": 64.67401777903238,
    "ma240": 57.67167145411174,
    "golden_cross": false,
    "death_cross": false,
    "top_divergence": false,
    "bottom_divergence": false
  },
  "nvda": {
    "close": 177.0,
    "change_percent": -1.80849584277132,
    "pe": 43.811882,
    "rsi": 41.48287417900731,
    "k": 31.80759898415476,
    "d": 31.124655479831738,
    "j": 33.173485992800806,
    "ma20": 188.70850219726563,
    "ma120": 176.04712498982747,
    "ma240": 150.33568483988444,
    "golden_cross": false,
    "death_cross": false,
    "top_divergence": false,
    "bottom_divergence": false
  },
  "msft": {
    "close": 492.010009765625,
    "change_percent": 1.3408876963182286,
    "pe": 34.96873,
    "rsi": 45.33848970860099,
    "k": 38.42558351894506,
    "d": 29.65674059199146,
    "j": 55.96326937285226,
    "ma20": 497.18837585449216,
    "ma120": 505.8088180541992,
    "ma240": 459.4906372070312,
    "golden_cross": false,
    "death_cross": false,
    "top_divergence": false,
    "bottom_divergence": true
  },
  "goog": {
    "close": 320.1199951171875,
    "change_percent": -0.04995743184688614,
    "pe": 31.63241,
    "rsi": 73.73474116403757,
    "k": 82.34481112809804,
    "d": 76.88626406839231,
    "j": 93.2619052475095,
    "ma20": 292.76699981689455,
    "ma120": 227.6858933766683,
    "ma240": 201.59429906209309,
    "golden_cross": false,
    "death_cross": false,
    "top_divergence": false,
    "bottom_divergence": false
  },
  "tsla": {
    "close": 430.1700134277344,
    "change_percent": 0.8415835173881451,
    "pe": 294.637,
    "rsi": 52.486210055992665,
    "k": 74.23168002052614,
    "d": 54.47093538334253,
    "j": 113.75316929489337,
    "ma20": 426.1445007324219,
    "ma120": 374.8733327229818,
    "ma240": 351.523708152771,
    "golden_cross": false,
    "death_cross": false,
    "top_divergence": false,
    "bottom_divergence": false
  },
  "smh": {
    "close": 352.2799987792969,
    "change_percent": 1.314315790896439,
    "pe": 39.265972,
    "rsi": 55.485024342922095,
    "k": 73.48784852814104,
    "d": 53.29215522889878,
    "j": 113.87923512662556,
    "ma20": 346.9570007324219,
    "ma120": 310.0934995015462,
    "ma240": 271.62619031270344,
    "golden_cross": false,
    "death_cross": false,
    "top_divergence": false,
    "bottom_divergence": false
  },
  "aapl": {
    "close": 278.8500061035156,
    "change_percent": 0.4683906927485042,
    "pe": 37.32932,
    "rsi": 68.40758922505519,
    "k": 75.30977509348281,
    "d": 61.83105087609566,
    "j": 102.26722352825712,
    "ma20": 271.51365814208987,
    "ma120": 236.0495356241862,
    "ma240": 228.70083834330242,
    "golden_cross": false,
    "death_cross": false,
    "top_divergence": false,
    "bottom_divergence": false
  },
  "amzn": {
    "close": 233.22000122070312,
    "change_percent": 1.771686809963624,
    "pe": 32.89422,
    "rsi": 52.31594801348387,
    "k": 57.19937424741016,
    "d": 37.591032313582375,
    "j": 96.41605811506574,
    "ma20": 236.6715003967285,
    "ma120": 225.72891705830892,
    "ma240": 217.00133355458578,
    "golden_cross": false,
    "death_cross": false,
    "top_divergence": false,
    "bottom_divergence": false
  },
  "meta": {
    "close": 647.9500122070312,
    "change_percent": 2.2632261465248367,
    "pe": 28.657673,
    "rsi": 51.69585397277318,
    "k": 78.99488296467038,
    "d": 57.51353147280368,
    "j": 121.95758594840379,
    "ma20": 619.0715057373047,
    "ma120": 714.5708145141601,
    "ma240": 666.623370997111,
    "golden_cross": false,
    "death_cross": false,
    "top_divergence": false,
    "bottom_divergence": false
  },
  "btc": {
    "close": 86145.453125,
    "change_percent": -4.700361402715464,
    "pe": null,
    "rsi": 32.80457668613884,
    "k": 54.75912267081634,
    "d": 60.640501916528194,
    "j": 42.99636417939263,
    "ma20": 91044.81875,
    "ma120": 109382.980859375,
    "ma240": 106688.93824869792,
    "golden_cross": false,
    "death_cross": true,
    "top_divergence": false,
    "bottom_divergence": false
  },
  "gld": {
    "close": 387.8800048828125,
    "change_percent": 1.242433134863928,
    "pe": null,
    "rsi": 63.67283409981018,
    "k": 76.52561844206706,
    "d": 61.24742288345939,
    "j": 107.08200955928237,
    "ma20": 375.2269989013672,
    "ma120": 337.00508270263674,
    "ma240": 306.91933294932045,
    "golden_cross": false,
    "death_cross": false,
    "top_divergence": false,
    "bottom_divergence": false
  }
}