{
  "twii": {
    "close": 31246.369140625,
    "change_percent": -1.617195376823791,
    "pe": null,
    "rsi": 69.71866443130989,
    "k": 85.19376930387217,
    "d": 89.69903875943695,
    "j": 76.18323039274264,
    "ma20": 30095.8720703125,
    "ma120": 26888.845442708334,
    "ma240": 24377.051529947916,
    "golden_cross": false,
    "death_cross": true,
    "top_divergence": false,
    "bottom_divergence": false
  },
  "tsmc": {
    "close": 1740.0,
    "change_percent": -1.971830985915493,
    "pe": 26.280018,
    "rsi": 69.32593802912291,
    "k": 82.12324277223104,
    "d": 86.12019373070277,
    "j": 74.12934085528758,
    "ma20": 1645.5,
    "ma120": 1386.7454386393229,
    "ma240": 1190.651943206787,
    "golden_cross": false,
    "death_cross": true,
    "top_divergence": false,
    "bottom_divergence": false
  },
  "etf0050": {
    "close": 71.8499984741211,
    "change_percent": -1.033057872952083,
    "pe": 24.674646,
    "rsi": 74.60474394817871,
    "k": 87.56526151321594,
    "d": 90.901924389061,
    "j": 80.89193576152584,
    "ma20": 68.80499935150146,
    "ma120": 60.25458332697551,
    "ma240": 53.02508126894633,
    "golden_cross": false,
    "death_cross": true,
    "top_divergence": false,
    "bottom_divergence": false
  },
  "etf00631l": {
    "close": 423.79998779296875,
    "change_percent": -2.350233227426555,
    "pe": null,
    "rsi": 73.42813773717253,
    "k": 88.76580186751681,
    "d": 92.02537080292298,
    "j": 82.24666399670448,
    "ma20": 393.86999969482423,
    "ma120": 318.6674991607666,
    "ma240": 262.733957862854,
    "golden_cross": false,
    "death_cross": true,
    "top_divergence": false,
    "bottom_divergence": false
  },
  "etf00675l": {
    "close": 168.1999969482422,
    "change_percent": -2.180866569674188,
    "pe": null,
    "rsi": 74.0314941948569,
    "k": 88.67295001967128,
    "d": 92.02305454869864,
    "j": 81.97274096161658,
    "ma20": 156.28000106811524,
    "ma120": 126.58625030517578,
    "ma240": 104.47916679382324,
    "golden_cross": false,
    "death_cross": true,
    "top_divergence": false,
    "bottom_divergence": false
  },
  "nasdaq": {
    "close": 22954.3203125,
    "change_percent": -2.3859706242919363,
    "pe": null,
    "rsi": 38.81385796238351,
    "k": 38.05945869185137,
    "d": 55.68185111540549,
    "j": 2.814673844743112,
    "ma20": 23473.48193359375,
    "ma120": 22665.993570963543,
    "ma240": 20736.99656575521,
    "golden_cross": false,
    "death_cross": false,
    "top_divergence": false,
    "bottom_divergence": false
  },
  "tqqq": {
    "close": 50.72999954223633,
    "change_percent": -6.298485197367958,
    "pe": 31.957935,
    "rsi": 38.590013369821506,
    "k": 37.60168437043509,
    "d": 54.70123074461039,
    "j": 3.402591622084472,
    "ma20": 54.25777530670166,
    "ma120": 51.19183162053426,
    "ma240": 42.97930476665497,
    "golden_cross": false,
    "death_cross": false,
    "top_divergence": false,
    "bottom_divergence": false
  },
  "qld": {
    "close": 68.7300033569336,
    "change_percent": -4.209054554796385,
    "pe": 32.42843,
    "rsi": 38.97743160001208,
    "k": 38.09476252369419,
    "d": 55.391742067832176,
    "j": 3.5008034354182342,
    "ma20": 71.79158172607421,
    "ma120": 68.45359010696411,
    "ma240": 59.891875394185384,
    "golden_cross": false,
    "death_cross": false,
    "top_divergence": false,
    "bottom_divergence": false
  },
  "nvda": {
    "close": 178.07000732421875,
    "change_percent": -4.381672442960617,
    "pe": 44.076736,
    "rsi": 40.44426293530287,
    "k": 25.950284323883928,
    "d": 31.034276049621894,
    "j": 15.782300872408001,
    "ma20": 186.18750076293946,
    "ma120": 182.96337458292643,
    "ma240": 157.2930214246114,
    "golden_cross": false,
    "death_cross": true,
    "top_divergence": false,
    "bottom_divergence": false
  },
  "msft": {
    "close": 454.5199890136719,
    "change_percent": -1.1612222215438472,
    "pe": 32.37322,
    "rsi": 30.84333277416081,
    "k": 15.144707619019565,
    "d": 22.790646860903895,
    "j": -0.1471708647490928,
    "ma20": 476.7525009155273,
    "ma120": 501.5128725687663,
    "ma240": 466.78415184021,
    "golden_cross": false,
    "death_cross": false,
    "top_divergence": false,
    "bottom_divergence": false
  },
  "goog": {
    "close": 322.1600036621094,
    "change_percent": -2.47623441498567,
    "pe": 31.833992,
    "rsi": 52.921930286810515,
    "k": 58.6224720059835,
    "d": 70.87273517184371,
    "j": 34.12194567426306,
    "ma20": 321.24449920654297,
    "ma120": 266.5221909840902,
    "ma240": 218.81262480417888,
    "golden_cross": false,
    "death_cross": false,
    "top_divergence": false,
    "bottom_divergence": false
  },
  "tsla": {
    "close": 419.25,
    "change_percent": -4.171428571428572,
    "pe": 285.20407,
    "rsi": 37.1592818907016,
    "k": 31.358493934881768,
    "d": 37.99358987825446,
    "j": 18.088302048136384,
    "ma20": 452.273503112793,
    "ma120": 412.75791727701824,
    "ma240": 356.800083732605,
    "golden_cross": false,
    "death_cross": true,
    "top_divergence": false,
    "bottom_divergence": false
  },
  "smh": {
    "close": 390.3900146484375,
    "change_percent": -2.4975647828731447,
    "pe": 43.50021,
    "rsi": 60.626035429301226,
    "k": 70.2812905918208,
    "d": 78.01944000179508,
    "j": 54.80499177187227,
    "ma20": 377.2562515258789,
    "ma120": 335.13737436930336,
    "ma240": 287.9714584350586,
    "golden_cross": false,
    "death_cross": false,
    "top_divergence": false,
    "bottom_divergence": false
  },
  "aapl": {
    "close": 246.6999969482422,
    "change_percent": -3.4555636806781442,
    "pe": 33.114094,
    "rsi": 17.910430068432788,
    "k": 14.617978120442213,
    "d": 16.65117678383856,
    "j": 10.551580793649514,
    "ma20": 265.19899673461913,
    "ma120": 254.2467997233073,
    "ma240": 233.06936588287354,
    "golden_cross": false,
    "death_cross": false,
    "top_divergence": false,
    "bottom_divergence": false
  },
  "amzn": {
    "close": 231.0,
    "change_percent": -3.3957825706746387,
    "pe": 32.673267,
    "rsi": 44.723669491839296,
    "k": 41.06563590783518,
    "d": 59.79653981377018,
    "j": 3.6038280959651843,
    "ma20": 235.89899978637695,
    "ma120": 229.03691660563152,
    "ma240": 217.70058345794678,
    "golden_cross": false,
    "death_cross": false,
    "top_divergence": false,
    "bottom_divergence": false
  },
  "meta": {
    "close": 604.1199951171875,
    "change_percent": -2.60056507582628,
    "pe": 26.742805,
    "rsi": 31.700930020643742,
    "k": 12.263458228982302,
    "d": 18.317281326276035,
    "j": 0.1558120343948346,
    "ma20": 647.6079986572265,
    "ma120": 697.1942799886068,
    "ma240": 669.8378255208333,
    "golden_cross": false,
    "death_cross": false,
    "top_divergence": false,
    "bottom_divergence": false
  },
  "btc": {
    "close": 89367.1484375,
    "change_percent": 1.196049539464442,
    "pe": null,
    "rsi": 43.19145898422972,
    "k": 29.197763162507048,
    "d": 44.52308277215466,
    "j": -1.4528760567881704,
    "ma20": 92356.087890625,
    "ma120": 99164.41536458333,
    "ma240": 105643.94016927083,
    "golden_cross": false,
    "death_cross": false,
    "top_divergence": false,
    "bottom_divergence": false
  },
  "gld": {
    "close": 437.2300109863281,
    "change_percent": 3.783617488689286,
    "pe": null,
    "rsi": 73.54337613420246,
    "k": 86.1863168029004,
    "d": 81.45960734392088,
    "j": 95.63973572085945,
    "ma20": 412.5210021972656,
    "ma120": 363.9801661173503,
    "ma240": 328.9747913360596,
    "golden_cross": false,
    "death_cross": false,
    "top_divergence": false,
    "bottom_divergence": false
  }
}