{
  "twii": {
    "close": 28810.890625,
    "change_percent": 0.8925301842964645,
    "pe": null,
    "rsi": 65.26512187585371,
    "k": 83.21090750716922,
    "d": 67.20352905902524,
    "j": 115.22566440345719,
    "ma20": 27993.9484375,
    "ma120": 25892.640950520832,
    "ma240": 23882.44333496094,
    "golden_cross": false,
    "death_cross": false,
    "top_divergence": false,
    "bottom_divergence": false
  },
  "tsmc": {
    "close": 1530.0,
    "change_percent": 1.3245033112582782,
    "pe": 25.268373,
    "rsi": 65.002342994863,
    "k": 83.08538895271182,
    "d": 64.79643134667704,
    "j": 119.66330416478141,
    "ma20": 1462.5606384277344,
    "ma120": 1311.0307291666666,
    "ma240": 1150.785710144043,
    "golden_cross": false,
    "death_cross": false,
    "top_divergence": false,
    "bottom_divergence": false
  },
  "etf0050": {
    "close": 65.25,
    "change_percent": 1.3198733757475534,
    "pe": 23.136452,
    "rsi": 66.27855960173832,
    "k": 78.30380529655062,
    "d": 61.70471449523058,
    "j": 111.5019868991907,
    "ma20": 62.97500019073486,
    "ma120": 57.475039132436116,
    "ma240": 51.54290205637614,
    "golden_cross": false,
    "death_cross": false,
    "top_divergence": false,
    "bottom_divergence": false
  },
  "etf00631l": {
    "close": 361.1499938964844,
    "change_percent": 1.80408566497093,
    "pe": null,
    "rsi": 64.13150666697123,
    "k": 79.86903926070832,
    "d": 64.26062928053207,
    "j": 111.08585922106082,
    "ma20": 341.17749786376953,
    "ma120": 294.4833324432373,
    "ma240": 251.3341661453247,
    "golden_cross": false,
    "death_cross": false,
    "top_divergence": false,
    "bottom_divergence": false
  },
  "etf00675l": {
    "close": 143.4499969482422,
    "change_percent": 1.882097897050643,
    "pe": null,
    "rsi": 64.54830908231845,
    "k": 79.88348052128826,
    "d": 64.2555485310317,
    "j": 111.13934450180136,
    "ma20": 135.39500198364257,
    "ma120": 117.0333335240682,
    "ma240": 99.987291653951,
    "golden_cross": false,
    "death_cross": false,
    "top_divergence": false,
    "bottom_divergence": false
  },
  "nasdaq": {
    "close": 23593.099609375,
    "change_percent": -0.08559129165679281,
    "pe": null,
    "rsi": 57.428008232658065,
    "k": 81.73448109210864,
    "d": 66.54257673169155,
    "j": 112.1182898129428,
    "ma20": 23376.573046875,
    "ma120": 22341.181494140626,
    "ma240": 20496.98064778646,
    "golden_cross": false,
    "death_cross": false,
    "top_divergence": false,
    "bottom_divergence": false
  },
  "tqqq": {
    "close": 55.310001373291016,
    "change_percent": -0.09031653993731659,
    "pe": 34.576138,
    "rsi": 55.347455336778836,
    "k": 78.29806100536507,
    "d": 61.86193239554218,
    "j": 111.17031822501085,
    "ma20": 54.290655517578124,
    "ma120": 49.82961228688558,
    "ma240": 42.15947821140289,
    "golden_cross": false,
    "death_cross": false,
    "top_divergence": false,
    "bottom_divergence": false
  },
  "qld": {
    "close": 72.68000030517578,
    "change_percent": -0.06875161480801106,
    "pe": 34.49666,
    "rsi": 55.876962156422394,
    "k": 79.26455187462298,
    "d": 62.96814016405045,
    "j": 111.85737529576804,
    "ma20": 71.67801971435547,
    "ma120": 67.06844425201416,
    "ma240": 58.899832773208615,
    "golden_cross": false,
    "death_cross": false,
    "top_divergence": false,
    "bottom_divergence": false
  },
  "nvda": {
    "close": 190.52999877929688,
    "change_percent": 1.0179726222003609,
    "pe": 47.160892,
    "rsi": 58.685010098647105,
    "k": 82.31803215896889,
    "d": 67.05593292975041,
    "j": 112.84223061740585,
    "ma20": 181.30450286865235,
    "ma120": 180.9728251139323,
    "ma240": 153.86344582239786,
    "golden_cross": false,
    "death_cross": false,
    "top_divergence": false,
    "bottom_divergence": false
  },
  "msft": {
    "close": 487.7099914550781,
    "change_percent": -0.0635214879661549,
    "pe": 34.712456,
    "rsi": 50.297286536937705,
    "k": 80.16500632208677,
    "d": 67.3224517689387,
    "j": 105.8501154283829,
    "ma20": 483.9405014038086,
    "ma120": 505.5716094970703,
    "ma240": 463.8246209462484,
    "golden_cross": false,
    "death_cross": false,
    "top_divergence": false,
    "bottom_divergence": false
  },
  "goog": {
    "close": 314.9599914550781,
    "change_percent": -0.22492537854527436,
    "pe": 31.061142,
    "rsi": 58.236410566344844,
    "k": 74.40531678725918,
    "d": 56.28767724431856,
    "j": 110.64059587314043,
    "ma20": 313.6821548461914,
    "ma120": 249.41310958862306,
    "ma240": 210.96889038085936,
    "golden_cross": false,
    "death_cross": false,
    "top_divergence": false,
    "bottom_divergence": false
  },
  "tsla": {
    "close": 475.19000244140625,
    "change_percent": -2.103418125970453,
    "pe": 323.25848,
    "rsi": 57.266103564932166,
    "k": 61.29427125245198,
    "d": 72.63538880241656,
    "j": 38.61203615252282,
    "ma20": 460.9885025024414,
    "ma120": 397.337833404541,
    "ma240": 354.5449167251587,
    "golden_cross": false,
    "death_cross": false,
    "top_divergence": false,
    "bottom_divergence": false
  },
  "smh": {
    "close": 365.8599853515625,
    "change_percent": 0.46406125202933046,
    "pe": 41.294193,
    "rsi": 58.335780408553475,
    "k": 76.18728093727614,
    "d": 59.36420085113946,
    "j": 109.83344110954951,
    "ma20": 358.7183563232422,
    "ma120": 323.2990303039551,
    "ma240": 279.64319941202797,
    "golden_cross": false,
    "death_cross": false,
    "top_divergence": false,
    "bottom_divergence": false
  },
  "aapl": {
    "close": 273.3999938964844,
    "change_percent": -0.14974020881821037,
    "pe": 36.648792,
    "rsi": 49.16890991947888,
    "k": 43.401488422194696,
    "d": 37.28007407938258,
    "j": 55.644317107818935,
    "ma20": 276.94449920654296,
    "ma120": 247.8413299560547,
    "ma240": 231.02275307973227,
    "golden_cross": false,
    "death_cross": false,
    "top_divergence": false,
    "bottom_divergence": false
  },
  "amzn": {
    "close": 232.52000427246094,
    "change_percent": 0.060245884631527635,
    "pe": 32.88826,
    "rsi": 55.30090940393186,
    "k": 81.08353169700368,
    "d": 62.72948329043689,
    "j": 117.79162851013726,
    "ma20": 229.0775001525879,
    "ma120": 227.7238333384196,
    "ma240": 217.37133350372315,
    "golden_cross": false,
    "death_cross": false,
    "top_divergence": false,
    "bottom_divergence": false
  },
  "meta": {
    "close": 663.2899780273438,
    "change_percent": -0.6381559199348202,
    "pe": 29.323164,
    "rsi": 54.64079775398268,
    "k": 46.92405168650285,
    "d": 37.612795201850325,
    "j": 65.5465646558079,
    "ma20": 655.5053955078125,
    "ma120": 705.8765975952149,
    "ma240": 670.1758164723714,
    "golden_cross": false,
    "death_cross": false,
    "top_divergence": false,
    "bottom_divergence": false
  },
  "btc": {
    "close": 89415.9765625,
    "change_percent": 1.7989703270136308,
    "pe": null,
    "rsi": 50.92077562272647,
    "k": 54.085608432975825,
    "d": 49.35445374421298,
    "j": 63.54791781050152,
    "ma20": 88366.093359375,
    "ma120": 103358.78815104166,
    "ma240": 106823.50475260416,
    "golden_cross": true,
    "death_cross": false,
    "top_divergence": false,
    "bottom_divergence": false
  },
  "gld": {
    "close": 416.739990234375,
    "change_percent": 1.1676735474757154,
    "pe": null,
    "rsi": 80.20415104320516,
    "k": 91.82420804434348,
    "d": 88.37330840151452,
    "j": 98.72600733000138,
    "ma20": 395.7490005493164,
    "ma120": 350.89449946085614,
    "ma240": 319.03154112497964,
    "golden_cross": false,
    "death_cross": false,
    "top_divergence": false,
    "bottom_divergence": false
  }
}