{
  "twii": {
    "close": 30288.9609375,
    "change_percent": -0.23579889662019007,
    "pe": null,
    "rsi": 72.87633596970213,
    "k": 90.1466285982109,
    "d": 91.00639813918698,
    "j": 88.42708951625872,
    "ma20": 28765.11416015625,
    "ma120": 26366.359407552085,
    "ma240": 24106.99921875,
    "golden_cross": false,
    "death_cross": true,
    "top_divergence": false,
    "bottom_divergence": false
  },
  "tsmc": {
    "close": 1680.0,
    "change_percent": -0.2967359050445104,
    "pe": 27.699917,
    "rsi": 73.27383600065896,
    "k": 90.07439335694437,
    "d": 90.41531583344957,
    "j": 89.39254840393397,
    "ma20": 1534.25,
    "ma120": 1347.2729777018228,
    "ma240": 1169.269235229492,
    "golden_cross": false,
    "death_cross": true,
    "top_divergence": false,
    "bottom_divergence": false
  },
  "etf0050": {
    "close": 69.8499984741211,
    "change_percent": -0.35663338864735183,
    "pe": 24.767527,
    "rsi": 75.96090851166444,
    "k": 92.51476029236781,
    "d": 91.98653918417476,
    "j": 93.57120250875394,
    "ma20": 65.30749988555908,
    "ma120": 58.88075008392334,
    "ma240": 52.26568830808004,
    "golden_cross": false,
    "death_cross": false,
    "top_divergence": false,
    "bottom_divergence": false
  },
  "etf00631l": {
    "close": 399.6499938964844,
    "change_percent": -0.2620459891586821,
    "pe": null,
    "rsi": 75.03127307115389,
    "k": 91.71110422775118,
    "d": 92.08037288538983,
    "j": 90.97256691247384,
    "ma20": 360.97999877929686,
    "ma120": 306.47291603088377,
    "ma240": 256.65979124704995,
    "golden_cross": false,
    "death_cross": true,
    "top_divergence": false,
    "bottom_divergence": false
  },
  "etf00675l": {
    "close": 158.60000610351562,
    "change_percent": -0.31426774407204217,
    "pe": null,
    "rsi": 75.22632264587938,
    "k": 91.87763263011425,
    "d": 92.11315853590318,
    "j": 91.40658081853638,
    "ma20": 143.26500091552734,
    "ma120": 121.76833356221518,
    "ma240": 102.08500003814697,
    "golden_cross": false,
    "death_cross": true,
    "top_divergence": false,
    "bottom_divergence": false
  },
  "nasdaq": {
    "close": 23671.349609375,
    "change_percent": 0.8148633687052739,
    "pe": null,
    "rsi": 58.31239614532719,
    "k": 73.14766220813988,
    "d": 66.46709079811058,
    "j": 86.50880502819848,
    "ma20": 23360.5984375,
    "ma120": 22544.66531575521,
    "ma240": 20640.35419108073,
    "golden_cross": false,
    "death_cross": false,
    "top_divergence": false,
    "bottom_divergence": false
  },
  "tqqq": {
    "close": 55.7599983215332,
    "change_percent": 2.8972130182900626,
    "pe": 35.12664,
    "rsi": 56.48890178647553,
    "k": 71.932109049806,
    "d": 64.88278217890425,
    "j": 86.0307627916095,
    "ma20": 53.71421585083008,
    "ma120": 50.69422067006429,
    "ma240": 42.649798742930095,
    "golden_cross": false,
    "death_cross": false,
    "top_divergence": false,
    "bottom_divergence": false
  },
  "qld": {
    "close": 73.13999938964844,
    "change_percent": 1.937281379300958,
    "pe": 34.509167,
    "rsi": 56.987592777278486,
    "k": 72.65001217228,
    "d": 65.65919334820393,
    "j": 86.63164982043213,
    "ma20": 71.25391273498535,
    "ma120": 67.94281314214071,
    "ma240": 59.494525814056395,
    "golden_cross": false,
    "death_cross": false,
    "top_divergence": false,
    "bottom_divergence": false
  },
  "nvda": {
    "close": 184.86000061035156,
    "change_percent": -0.09727230993946373,
    "pe": 45.644444,
    "rsi": 49.70354283632954,
    "k": 30.51824901812203,
    "d": 47.11346932237751,
    "j": -2.672191590388934,
    "ma20": 183.6775001525879,
    "ma120": 182.39632263183594,
    "ma240": 155.74001970291138,
    "golden_cross": false,
    "death_cross": false,
    "top_divergence": false,
    "bottom_divergence": false
  },
  "msft": {
    "close": 479.2799987792969,
    "change_percent": 0.24471637564190254,
    "pe": 34.136753,
    "rsi": 45.482443412077274,
    "k": 48.27709968942515,
    "d": 50.02064805252104,
    "j": 44.79000296323338,
    "ma20": 481.50450286865237,
    "ma120": 503.7778564453125,
    "ma240": 465.725732421875,
    "golden_cross": false,
    "death_cross": false,
    "top_divergence": false,
    "bottom_divergence": true
  },
  "goog": {
    "close": 329.1400146484375,
    "change_percent": 0.9600947176630318,
    "pe": 32.459568,
    "rsi": 68.5263309745152,
    "k": 75.01653275232675,
    "d": 69.6690142746218,
    "j": 85.71156970773666,
    "ma20": 313.84199981689454,
    "ma120": 259.58741925557456,
    "ma240": 215.55011215209962,
    "golden_cross": false,
    "death_cross": false,
    "top_divergence": false,
    "bottom_divergence": false
  },
  "tsla": {
    "close": 445.010009765625,
    "change_percent": 2.1133598509946645,
    "pe": 302.7279,
    "rsi": 47.56146725849917,
    "k": 24.03800521209145,
    "d": 19.28070832075843,
    "j": 33.55259899475749,
    "ma20": 461.82300262451173,
    "ma120": 406.94241689046225,
    "ma240": 355.70541693369546,
    "golden_cross": true,
    "death_cross": false,
    "top_divergence": false,
    "bottom_divergence": false
  },
  "smh": {
    "close": 389.2200012207031,
    "change_percent": 2.7019868957532993,
    "pe": 43.36984,
    "rsi": 66.12983830076251,
    "k": 83.52409409307862,
    "d": 81.35555113711966,
    "j": 87.86118000499653,
    "ma20": 364.85851135253904,
    "ma120": 329.8746966044108,
    "ma240": 284.1664383570353,
    "golden_cross": true,
    "death_cross": false,
    "top_divergence": false,
    "bottom_divergence": false
  },
  "aapl": {
    "close": 259.3699951171875,
    "change_percent": 0.1273882648936061,
    "pe": 34.721554,
    "rsi": 27.271241312170236,
    "k": 16.16783936860777,
    "d": 22.409706695382678,
    "j": 3.6841047150579485,
    "ma20": 270.5669967651367,
    "ma120": 252.05611317952474,
    "ma240": 232.5025426864624,
    "golden_cross": false,
    "death_cross": false,
    "top_divergence": false,
    "bottom_divergence": false
  },
  "amzn": {
    "close": 247.3800048828125,
    "change_percent": 0.4425724253495523,
    "pe": 34.940678,
    "rsi": 69.19749286554516,
    "k": 88.76945163100426,
    "d": 80.97126278888922,
    "j": 104.36582931523435,
    "ma20": 231.6779998779297,
    "ma120": 228.61366653442383,
    "ma240": 217.6714167912801,
    "golden_cross": false,
    "death_cross": false,
    "top_divergence": false,
    "bottom_divergence": false
  },
  "meta": {
    "close": 653.0599975585938,
    "change_percent": 1.0834907015528603,
    "pe": 28.89646,
    "rsi": 49.17353085962805,
    "k": 39.14415260172575,
    "d": 39.82953176484617,
    "j": 37.773394275484904,
    "ma20": 656.6451568603516,
    "ma120": 701.5559666951498,
    "ma240": 671.4291673024495,
    "golden_cross": false,
    "death_cross": false,
    "top_divergence": false,
    "bottom_divergence": false
  },
  "btc": {
    "close": 90599.6015625,
    "change_percent": 0.2356024132781641,
    "pe": null,
    "rsi": 52.03096358865239,
    "k": 41.39261980112751,
    "d": 54.554083898027486,
    "j": 15.069691607327556,
    "ma20": 89520.83515625,
    "ma120": 100989.9744140625,
    "ma240": 106240.71585286458,
    "golden_cross": false,
    "death_cross": false,
    "top_divergence": false,
    "bottom_divergence": false
  },
  "gld": {
    "close": 414.4700012207031,
    "change_percent": 0.7242001159325361,
    "pe": null,
    "rsi": 64.3938448674323,
    "k": 71.44491808172548,
    "d": 58.788968657931676,
    "j": 96.75681692931309,
    "ma20": 403.8500015258789,
    "ma120": 358.19649912516275,
    "ma240": 324.79470780690514,
    "golden_cross": false,
    "death_cross": false,
    "top_divergence": false,
    "bottom_divergence": false
  }
}