{
  "twii": {
    "close": 28198.01953125,
    "change_percent": 0.6182732450780114,
    "pe": null,
    "rsi": 58.00721268166815,
    "k": 75.30588010260476,
    "d": 81.65073088461193,
    "j": 62.61617853859042,
    "ma20": 27511.90625,
    "ma120": 25429.939371744793,
    "ma240": 23674.83807779948,
    "golden_cross": false,
    "death_cross": false,
    "top_divergence": false,
    "bottom_divergence": false
  },
  "tsmc": {
    "close": 1480.0,
    "change_percent": 0.6802721088435374,
    "pe": 24.390244,
    "rsi": 56.32293896259576,
    "k": 74.8193959127928,
    "d": 79.46082998386755,
    "j": 65.53652777064329,
    "ma20": 1436.4535034179687,
    "ma120": 1277.3387563069662,
    "ma240": 1133.8557406107584,
    "golden_cross": false,
    "death_cross": false,
    "top_divergence": false,
    "bottom_divergence": false
  },
  "etf0050": {
    "close": 63.45000076293945,
    "change_percent": 0.15785681330238863,
    "pe": 22.498205,
    "rsi": 57.44983813094375,
    "k": 76.13302400681167,
    "d": 82.66464571069643,
    "j": 63.06978059904213,
    "ma20": 61.9125,
    "ma120": 56.34528128306071,
    "ma240": 50.98100633621216,
    "golden_cross": false,
    "death_cross": false,
    "top_divergence": false,
    "bottom_divergence": false
  },
  "etf00631l": {
    "close": 347.8500061035156,
    "change_percent": 1.4139959485468294,
    "pe": null,
    "rsi": 58.12847751883514,
    "k": 79.42651018350911,
    "d": 83.67879191840395,
    "j": 70.92194671371945,
    "ma20": 330.7699996948242,
    "ma120": 284.9745827992757,
    "ma240": 247.54916636149088,
    "golden_cross": false,
    "death_cross": false,
    "top_divergence": false,
    "bottom_divergence": false
  },
  "etf00675l": {
    "close": 138.0,
    "change_percent": 1.3960277819820728,
    "pe": null,
    "rsi": 58.24046711782165,
    "k": 78.59605903014722,
    "d": 83.10411820690568,
    "j": 69.57994067663029,
    "ma20": 131.26500205993653,
    "ma120": 113.27333354949951,
    "ma240": 98.50312496821086,
    "golden_cross": false,
    "death_cross": false,
    "top_divergence": false,
    "bottom_divergence": false
  },
  "nasdaq": {
    "close": 23195.169921875,
    "change_percent": -1.6898017691308715,
    "pe": null,
    "rsi": 49.16325593213787,
    "k": 62.90743263232954,
    "d": 78.98987302428846,
    "j": 30.742551848411694,
    "ma20": 23111.3685546875,
    "ma120": 22119.84402669271,
    "ma240": 20352.85593261719,
    "golden_cross": false,
    "death_cross": false,
    "top_divergence": false,
    "bottom_divergence": false
  },
  "tqqq": {
    "close": 52.81999969482422,
    "change_percent": -5.863484013080516,
    "pe": 33.019554,
    "rsi": 46.02913097846195,
    "k": 59.543117197520864,
    "d": 76.4085433679215,
    "j": 25.812264856719594,
    "ma20": 53.08099994659424,
    "ma120": 48.98767334620158,
    "ma240": 41.72176866531372,
    "golden_cross": false,
    "death_cross": false,
    "top_divergence": false,
    "bottom_divergence": false
  },
  "qld": {
    "close": 70.33999633789062,
    "change_percent": -3.880847165129476,
    "pe": 33.386005,
    "rsi": 46.71785402456136,
    "k": 59.671699949626564,
    "d": 76.7061908786544,
    "j": 25.602718091570893,
    "ma20": 70.44025039672852,
    "ma120": 66.16136112213135,
    "ma240": 58.309509468078616,
    "golden_cross": false,
    "death_cross": false,
    "top_divergence": false,
    "bottom_divergence": false
  },
  "nvda": {
    "close": 175.02000427246094,
    "change_percent": -3.266450363434634,
    "pe": 43.321785,
    "rsi": 39.86958905522058,
    "k": 44.44386052129404,
    "d": 58.314237365711165,
    "j": 16.70310683245981,
    "ma20": 181.93392333984374,
    "ma120": 179.14717191060384,
    "ma240": 152.28393414815267,
    "golden_cross": false,
    "death_cross": false,
    "top_divergence": false,
    "bottom_divergence": false
  },
  "msft": {
    "close": 478.5299987792969,
    "change_percent": -1.0217805507959836,
    "pe": 34.010662,
    "rsi": 41.65071188971091,
    "k": 41.85148492154802,
    "d": 53.26709966188523,
    "j": 19.020255440873598,
    "ma20": 485.7983169555664,
    "ma120": 506.3968119303385,
    "ma240": 461.4355773925781,
    "golden_cross": false,
    "death_cross": false,
    "top_divergence": false,
    "bottom_divergence": false
  },
  "goog": {
    "close": 310.5199890136719,
    "change_percent": -1.0137147177605683,
    "pe": 30.683794,
    "rsi": 56.27093410146664,
    "k": 36.798604898056524,
    "d": 48.11428934504123,
    "j": 14.167236004087115,
    "ma20": 308.9663772583008,
    "ma120": 239.44604454040527,
    "ma240": 206.5961540857951,
    "golden_cross": false,
    "death_cross": false,
    "top_divergence": false,
    "bottom_divergence": false
  },
  "tsla": {
    "close": 458.9599914550781,
    "change_percent": 2.7008830833098645,
    "pe": 312.21768,
    "rsi": 60.17978336654664,
    "k": 79.81246594605884,
    "d": 79.04875218184652,
    "j": 81.33989347448346,
    "ma20": 427.8230010986328,
    "ma120": 384.72266642252606,
    "ma240": 351.53437480926516,
    "golden_cross": true,
    "death_cross": false,
    "top_divergence": false,
    "bottom_divergence": false
  },
  "smh": {
    "close": 354.1199951171875,
    "change_percent": -4.521561344040528,
    "pe": 39.969112,
    "rsi": 49.74986908179491,
    "k": 61.76502355085617,
    "d": 80.86538550493219,
    "j": 23.56429964270413,
    "ma20": 351.39000091552737,
    "ma120": 318.5439994812012,
    "ma240": 276.50020802815754,
    "golden_cross": false,
    "death_cross": false,
    "top_divergence": false,
    "bottom_divergence": false
  },
  "aapl": {
    "close": 278.2799987792969,
    "change_percent": 0.08991835452923648,
    "pe": 37.302948,
    "rsi": 57.653589515135764,
    "k": 30.72212751434815,
    "d": 38.771252799587245,
    "j": 14.62387694386996,
    "ma20": 276.2990005493164,
    "ma120": 242.8555533091227,
    "ma240": 229.87344188690184,
    "golden_cross": false,
    "death_cross": false,
    "top_divergence": false,
    "bottom_divergence": false
  },
  "amzn": {
    "close": 226.19000244140625,
    "change_percent": -1.7760970816273658,
    "pe": 31.94774,
    "rsi": 44.833883759276965,
    "k": 29.22212896943075,
    "d": 39.7377284569419,
    "j": 8.19092999440845,
    "ma20": 228.56700057983397,
    "ma120": 227.1610834757487,
    "ma240": 217.1563336054484,
    "golden_cross": false,
    "death_cross": false,
    "top_divergence": false,
    "bottom_divergence": false
  },
  "meta": {
    "close": 644.22998046875,
    "change_percent": -1.2992050402838002,
    "pe": 28.493143,
    "rsi": 48.130585757418324,
    "k": 39.73165643688086,
    "d": 59.24223158358313,
    "j": 0.7105061434763371,
    "ma20": 632.3529998779297,
    "ma120": 711.0641927083333,
    "ma240": 668.6865128835042,
    "golden_cross": false,
    "death_cross": false,
    "top_divergence": false,
    "bottom_divergence": false
  },
  "btc": {
    "close": 90157.75,
    "change_percent": -0.15610514927235863,
    "pe": null,
    "rsi": 44.41378413643191,
    "k": 45.81319617997727,
    "d": 55.83005979810478,
    "j": 25.77946894372225,
    "ma20": 90615.45078125,
    "ma120": 106508.98776041667,
    "ma240": 107167.94658203125,
    "golden_cross": false,
    "death_cross": false,
    "top_divergence": false,
    "bottom_divergence": false
  },
  "gld": {
    "close": 395.44000244140625,
    "change_percent": 0.5594579039939506,
    "pe": null,
    "rsi": 68.74425390727475,
    "k": 74.53141073411228,
    "d": 73.11480907410055,
    "j": 77.36461405413576,
    "ma20": 383.26549835205077,
    "ma120": 343.53041585286456,
    "ma240": 313.0320411682129,
    "golden_cross": false,
    "death_cross": false,
    "top_divergence": false,
    "bottom_divergence": false
  }
}