{
  "twii": {
    "close": 31961.509765625,
    "change_percent": 0.6786024824792283,
    "pe": null,
    "rsi": 74.99267250363222,
    "k": 89.37132150904569,
    "d": 88.93029470379508,
    "j": 90.25337511954689,
    "ma20": 30447.12900390625,
    "ma120": 27028.04002278646,
    "ma240": 24448.840738932293,
    "golden_cross": true,
    "death_cross": false,
    "top_divergence": false,
    "bottom_divergence": false
  },
  "tsmc": {
    "close": 1770.0,
    "change_percent": 0.5681818181818182,
    "pe": 26.737162,
    "rsi": 72.23345621143378,
    "k": 84.27699678765823,
    "d": 84.4603061831956,
    "j": 83.91037799658352,
    "ma20": 1672.75,
    "ma120": 1397.217943318685,
    "ma240": 1196.3204536437988,
    "golden_cross": false,
    "death_cross": false,
    "top_divergence": true,
    "bottom_divergence": false
  },
  "etf0050": {
    "close": 72.25,
    "change_percent": 0.6267366700775797,
    "pe": 24.812016,
    "rsi": 78.77324786103253,
    "k": 92.07285431559674,
    "d": 90.84935566133164,
    "j": 94.51985162412697,
    "ma20": 68.76114273071289,
    "ma120": 59.773695913950604,
    "ma240": 52.48496208190918,
    "golden_cross": true,
    "death_cross": false,
    "top_divergence": false,
    "bottom_divergence": false
  },
  "etf00631l": {
    "close": 441.20001220703125,
    "change_percent": 1.5536885281023722,
    "pe": null,
    "rsi": 78.59044462303704,
    "k": 91.50965157397654,
    "d": 90.97566092146889,
    "j": 92.57763287899184,
    "ma20": 402.80250091552733,
    "ma120": 321.92041600545247,
    "ma240": 264.3802080154419,
    "golden_cross": true,
    "death_cross": false,
    "top_divergence": false,
    "bottom_divergence": false
  },
  "etf00675l": {
    "close": 174.89999389648438,
    "change_percent": 1.4501160606195245,
    "pe": null,
    "rsi": 79.03778689395864,
    "k": 91.3588488687711,
    "d": 90.92223645766012,
    "j": 92.23207369099305,
    "ma20": 159.81750030517577,
    "ma120": 127.87208353678385,
    "ma240": 105.12791674931844,
    "golden_cross": true,
    "death_cross": false,
    "top_divergence": false,
    "bottom_divergence": false
  },
  "nasdaq": {
    "close": 23501.240234375,
    "change_percent": 0.27829257881456176,
    "pe": null,
    "rsi": 52.50714392493327,
    "k": 50.96662903894777,
    "d": 48.68827904330163,
    "j": 55.52332903024008,
    "ma20": 23466.671484375,
    "ma120": 22726.492154947915,
    "ma240": 20783.473063151043,
    "golden_cross": true,
    "death_cross": false,
    "top_divergence": false,
    "bottom_divergence": true
  },
  "tqqq": {
    "close": 54.380001068115234,
    "change_percent": 0.8905371589013164,
    "pe": 34.257294,
    "rsi": 51.62946145195658,
    "k": 50.897620225070725,
    "d": 48.500734476030864,
    "j": 55.69139172315043,
    "ma20": 54.18199977874756,
    "ma120": 51.44956687291463,
    "ma240": 43.12644106547038,
    "golden_cross": true,
    "death_cross": false,
    "top_divergence": false,
    "bottom_divergence": true
  },
  "qld": {
    "close": 72.05000305175781,
    "change_percent": 0.6144427281887853,
    "pe": 33.99488,
    "rsi": 52.264414339579034,
    "k": 52.45680188101954,
    "d": 49.58459619923782,
    "j": 58.20121324458296,
    "ma20": 71.75100021362304,
    "ma120": 68.71957143147786,
    "ma240": 60.07511510848999,
    "golden_cross": true,
    "death_cross": false,
    "top_divergence": false,
    "bottom_divergence": false
  },
  "nvda": {
    "close": 187.6699981689453,
    "change_percent": 1.5310549053903877,
    "pe": 46.568233,
    "rsi": 53.97849960021801,
    "k": 52.94169588228533,
    "d": 40.538363071092405,
    "j": 77.74836150467118,
    "ma20": 186.2845001220703,
    "ma120": 183.17195358276368,
    "ma240": 158.01212504704793,
    "golden_cross": false,
    "death_cross": false,
    "top_divergence": false,
    "bottom_divergence": true
  },
  "msft": {
    "close": 465.95001220703125,
    "change_percent": 3.282794050120964,
    "pe": 33.11656,
    "rsi": 46.07520808329725,
    "k": 34.345032819950944,
    "d": 24.593517066094982,
    "j": 53.84806432766287,
    "ma20": 471.92799987792966,
    "ma120": 499.811688486735,
    "ma240": 467.331702041626,
    "golden_cross": true,
    "death_cross": false,
    "top_divergence": false,
    "bottom_divergence": false
  },
  "goog": {
    "close": 328.42999267578125,
    "change_percent": -0.7284499119773932,
    "pe": 32.453556,
    "rsi": 57.62154720218259,
    "k": 48.69032485382172,
    "d": 56.70448441984492,
    "j": 32.66200572177533,
    "ma20": 323.8460006713867,
    "ma120": 269.9246598561605,
    "ma240": 220.54648036956786,
    "golden_cross": false,
    "death_cross": false,
    "top_divergence": false,
    "bottom_divergence": false
  },
  "tsla": {
    "close": 449.05999755859375,
    "change_percent": -0.06675890216038055,
    "pe": 311.8472,
    "rsi": 51.63202437534753,
    "k": 62.756977541781545,
    "d": 48.536549952195216,
    "j": 91.19783272095421,
    "ma20": 445.99200134277345,
    "ma120": 416.09058380126953,
    "ma240": 357.69904193878176,
    "golden_cross": false,
    "death_cross": false,
    "top_divergence": false,
    "bottom_divergence": true
  },
  "smh": {
    "close": 400.0899963378906,
    "change_percent": -0.6777247745122089,
    "pe": 44.581055,
    "rsi": 64.13944794840842,
    "k": 73.10407883231848,
    "d": 75.82400393259505,
    "j": 67.66422863176535,
    "ma20": 383.59900054931643,
    "ma120": 337.95858713785805,
    "ma240": 289.91582075754803,
    "golden_cross": false,
    "death_cross": false,
    "top_divergence": false,
    "bottom_divergence": false
  },
  "aapl": {
    "close": 248.0399932861328,
    "change_percent": -0.12482899527435284,
    "pe": 33.20482,
    "rsi": 22.292070917342098,
    "k": 22.060709850984125,
    "d": 19.42998608934556,
    "j": 27.322157374261252,
    "ma20": 261.5509963989258,
    "ma120": 255.2996373494466,
    "ma240": 233.29370562235513,
    "golden_cross": false,
    "death_cross": false,
    "top_divergence": false,
    "bottom_divergence": false
  },
  "amzn": {
    "close": 239.16000366210938,
    "change_percent": 2.0568436457892867,
    "pe": 33.779663,
    "rsi": 54.929144594268664,
    "k": 41.212948162170406,
    "d": 44.055187857267796,
    "j": 35.528468771975625,
    "ma20": 236.74349975585938,
    "ma120": 229.2515832265218,
    "ma240": 217.70333347320556,
    "golden_cross": false,
    "death_cross": false,
    "top_divergence": false,
    "bottom_divergence": false
  },
  "meta": {
    "close": 658.760009765625,
    "change_percent": 1.7185746180531667,
    "pe": 29.148672,
    "rsi": 56.307481703343264,
    "k": 54.06051150124462,
    "d": 34.024228563163284,
    "j": 94.1330773774073,
    "ma20": 644.3149993896484,
    "ma120": 694.7275563557943,
    "ma240": 668.9822811126709,
    "golden_cross": false,
    "death_cross": false,
    "top_divergence": false,
    "bottom_divergence": false
  },
  "btc": {
    "close": 89451.828125,
    "change_percent": -0.058150415275316295,
    "pe": null,
    "rsi": 43.50780867816847,
    "k": 25.95448779746057,
    "d": 31.848348982492986,
    "j": 14.166765427395731,
    "ma20": 92179.417578125,
    "ma120": 98633.8921875,
    "ma240": 105418.89534505208,
    "golden_cross": false,
    "death_cross": false,
    "top_divergence": false,
    "bottom_divergence": true
  },
  "gld": {
    "close": 458.0,
    "change_percent": 1.3745304981574553,
    "pe": null,
    "rsi": 80.78391447690323,
    "k": 93.09856276086714,
    "d": 88.21875364408035,
    "j": 102.85818099444072,
    "ma20": 419.1460021972656,
    "ma120": 367.6498331705729,
    "ma240": 331.3161664326986,
    "golden_cross": false,
    "death_cross": false,
    "top_divergence": false,
    "bottom_divergence": false
  }
}