{
  "twii": {
    "close": 32063.75,
    "change_percent": -1.4522855203057645,
    "pe": null,
    "rsi": 66.09299200104095,
    "k": 74.41421430802566,
    "d": 84.87595175369175,
    "j": 53.490739416693486,
    "ma20": 31317.07041015625,
    "ma120": 27393.550358072916,
    "ma240": 24636.268481445313,
    "golden_cross": false,
    "death_cross": false,
    "top_divergence": false,
    "bottom_divergence": false
  },
  "tsmc": {
    "close": 1775.0,
    "change_percent": -1.662049861495845,
    "pe": 26.7965,
    "rsi": 64.47340577299117,
    "k": 68.46468551179015,
    "d": 79.6823151133281,
    "j": 46.02942630871425,
    "ma20": 1734.75,
    "ma120": 1424.109071858724,
    "ma240": 1210.7758255004883,
    "golden_cross": false,
    "death_cross": false,
    "top_divergence": false,
    "bottom_divergence": false
  },
  "etf0050": {
    "close": 72.5999984741211,
    "change_percent": -1.5593241028866527,
    "pe": 24.93221,
    "rsi": 68.67850408863585,
    "k": 77.15337667651019,
    "d": 87.15539129806685,
    "j": 57.14934743339688,
    "ma20": 70.91394309997558,
    "ma120": 60.71223017374675,
    "ma240": 53.003737131754555,
    "golden_cross": false,
    "death_cross": false,
    "top_divergence": false,
    "bottom_divergence": false
  },
  "etf00631l": {
    "close": 444.95001220703125,
    "change_percent": -3.0081717259877383,
    "pe": null,
    "rsi": 67.66087154854912,
    "k": 78.91386030825723,
    "d": 88.16402335832652,
    "j": 60.41353420811865,
    "ma20": 425.0925033569336,
    "ma120": 330.59958305358884,
    "ma240": 268.7368748982747,
    "golden_cross": false,
    "death_cross": false,
    "top_divergence": false,
    "bottom_divergence": false
  },
  "etf00675l": {
    "close": 176.5500030517578,
    "change_percent": -2.9945038177154877,
    "pe": null,
    "rsi": 68.0452553041027,
    "k": 79.2464692320404,
    "d": 88.38195365997231,
    "j": 60.97550037617657,
    "ma20": 168.6349998474121,
    "ma120": 131.30750013987225,
    "ma240": 106.84812501271566,
    "golden_cross": false,
    "death_cross": false,
    "top_divergence": false,
    "bottom_divergence": false
  },
  "nasdaq": {
    "close": 23685.119140625,
    "change_percent": -0.7223323690009688,
    "pe": null,
    "rsi": 55.042626159139374,
    "k": 75.08259633170633,
    "d": 68.1320109980376,
    "j": 88.98376699904378,
    "ma20": 23509.730859375,
    "ma120": 22814.6486328125,
    "ma240": 20850.170182291666,
    "golden_cross": false,
    "death_cross": false,
    "top_divergence": false,
    "bottom_divergence": false
  },
  "tqqq": {
    "close": 56.040000915527344,
    "change_percent": -1.7875927676390135,
    "pe": 35.303032,
    "rsi": 55.58340457361105,
    "k": 75.83736373932216,
    "d": 68.40333670533585,
    "j": 90.7054178072948,
    "ma20": 54.454999923706055,
    "ma120": 51.86058839162191,
    "ma240": 43.35064025719961,
    "golden_cross": false,
    "death_cross": false,
    "top_divergence": false,
    "bottom_divergence": false
  },
  "qld": {
    "close": 73.5199966430664,
    "change_percent": -1.129644917146787,
    "pe": 34.68846,
    "rsi": 56.14724804982827,
    "k": 76.6668080680844,
    "d": 69.45760198041104,
    "j": 91.08522024343114,
    "ma20": 72.02700004577636,
    "ma120": 69.13075205485026,
    "ma240": 60.343557659784956,
    "golden_cross": false,
    "death_cross": false,
    "top_divergence": false,
    "bottom_divergence": false
  },
  "nvda": {
    "close": 192.50999450683594,
    "change_percent": 0.5169121826911701,
    "pe": 47.65099,
    "rsi": 59.75435304145324,
    "k": 82.14268777961817,
    "d": 68.05535432088195,
    "j": 110.31735469709062,
    "ma20": 186.49050064086913,
    "ma120": 183.5107078552246,
    "ma240": 158.95531527201334,
    "golden_cross": false,
    "death_cross": false,
    "top_divergence": false,
    "bottom_divergence": false
  },
  "msft": {
    "close": 433.5,
    "change_percent": -9.993149179840492,
    "pe": 27.09375,
    "rsi": 33.578716858051486,
    "k": 57.057953615638006,
    "d": 55.49913590403075,
    "j": 60.17558903885251,
    "ma20": 467.7119995117188,
    "ma120": 497.8468167622884,
    "ma240": 468.3099656422933,
    "golden_cross": false,
    "death_cross": false,
    "top_divergence": false,
    "bottom_divergence": false
  },
  "goog": {
    "close": 338.6600036621094,
    "change_percent": 0.7077450016212578,
    "pe": 33.431393,
    "rsi": 65.89032398593817,
    "k": 76.22305726124429,
    "d": 67.44907477454556,
    "j": 93.77102223464175,
    "ma20": 328.04400024414065,
    "ma120": 274.5869322458903,
    "ma240": 223.03753344217935,
    "golden_cross": false,
    "death_cross": false,
    "top_divergence": false,
    "bottom_divergence": false
  },
  "tsla": {
    "close": 416.55999755859375,
    "change_percent": -3.4533894663639284,
    "pe": 385.70367,
    "rsi": 38.771105769102846,
    "k": 33.722932457889755,
    "d": 45.00532360796115,
    "j": 11.15815015774696,
    "ma20": 437.96500091552736,
    "ma120": 419.87358373006185,
    "ma240": 359.12587515513104,
    "golden_cross": false,
    "death_cross": false,
    "top_divergence": false,
    "bottom_divergence": false
  },
  "smh": {
    "close": 417.5199890136719,
    "change_percent": 0.21361498702180728,
    "pe": 46.52324,
    "rsi": 71.5680068784841,
    "k": 84.80407838812476,
    "d": 79.61840429879912,
    "j": 95.17542656677605,
    "ma20": 392.7325012207031,
    "ma120": 342.03169403076174,
    "ma240": 292.59666124979657,
    "golden_cross": false,
    "death_cross": false,
    "top_divergence": false,
    "bottom_divergence": false
  },
  "aapl": {
    "close": 258.2799987792969,
    "change_percent": 0.7175153331668854,
    "pe": 32.693672,
    "rsi": 46.324435773083856,
    "k": 65.01186940243849,
    "d": 49.42202462365797,
    "j": 96.19155895999954,
    "ma20": 258.26849670410155,
    "ma120": 256.88808619181316,
    "ma240": 233.68090909322103,
    "golden_cross": false,
    "death_cross": false,
    "top_divergence": false,
    "bottom_divergence": false
  },
  "amzn": {
    "close": 241.72999572753906,
    "change_percent": -0.5267268047532375,
    "pe": 34.142654,
    "rsi": 56.2885867072997,
    "k": 69.11052686304473,
    "d": 60.84839649229129,
    "j": 85.63478760455159,
    "ma20": 238.660498046875,
    "ma120": 230.05991643269857,
    "ma240": 217.8810001373291,
    "golden_cross": false,
    "death_cross": false,
    "top_divergence": false,
    "bottom_divergence": false
  },
  "meta": {
    "close": 738.3099975585938,
    "change_percent": 10.404800012266723,
    "pe": 31.444208,
    "rsi": 73.76046614446139,
    "k": 85.92245208046124,
    "d": 71.46921983850143,
    "j": 114.82891656438085,
    "ma20": 649.1594970703125,
    "ma120": 692.0883575439453,
    "ma240": 668.4419385274251,
    "golden_cross": false,
    "death_cross": false,
    "top_divergence": false,
    "bottom_divergence": false
  },
  "btc": {
    "close": 82438.7265625,
    "change_percent": -2.510429944595669,
    "pe": null,
    "rsi": 30.686810735931346,
    "k": 22.476172666573383,
    "d": 26.2383996968545,
    "j": 14.951718606011156,
    "ma20": 90626.377734375,
    "ma120": 97218.84615885417,
    "ma240": 104958.27438151042,
    "golden_cross": false,
    "death_cross": false,
    "top_divergence": false,
    "bottom_divergence": false
  },
  "gld": {
    "close": 495.8999938964844,
    "change_percent": 0.27094717415592573,
    "pe": null,
    "rsi": 88.29743310947248,
    "k": 92.33721722248085,
    "d": 92.70062568585634,
    "j": 91.61040029572987,
    "ma20": 434.40100250244143,
    "ma120": 373.36291656494143,
    "ma240": 334.8891663869222,
    "golden_cross": false,
    "death_cross": true,
    "top_divergence": false,
    "bottom_divergence": false
  }
}