{
  "twii": {
    "close": 27866.939453125,
    "change_percent": -0.563111345774717,
    "pe": null,
    "rsi": 53.42306180933078,
    "k": 65.18964482000149,
    "d": 78.27865245707751,
    "j": 39.011629545849445,
    "ma20": 27495.35224609375,
    "ma120": 25427.18037109375,
    "ma240": 23673.458577473957,
    "golden_cross": false,
    "death_cross": false,
    "top_divergence": false,
    "bottom_divergence": false
  },
  "tsmc": {
    "close": 1450.0,
    "change_percent": -2.027027027027027,
    "pe": 23.895847,
    "rsi": 50.746627533315504,
    "k": 59.07201983382781,
    "d": 72.66455993385429,
    "j": 31.88693963377483,
    "ma20": 1436.943536376953,
    "ma120": 1280.9840810139974,
    "ma240": 1135.4492515563966,
    "golden_cross": false,
    "death_cross": false,
    "top_divergence": false,
    "bottom_divergence": false
  },
  "etf0050": {
    "close": 62.79999923706055,
    "change_percent": -1.0244310765376161,
    "pe": 22.267727,
    "rsi": 52.947806239609974,
    "k": 61.42200583201507,
    "d": 75.58376575113597,
    "j": 33.09848599377327,
    "ma20": 61.95749988555908,
    "ma120": 56.47563371658325,
    "ma240": 51.04433126449585,
    "golden_cross": false,
    "death_cross": false,
    "top_divergence": false,
    "bottom_divergence": false
  },
  "etf00631l": {
    "close": 339.54998779296875,
    "change_percent": -2.3860911786435035,
    "pe": null,
    "rsi": 52.705045249872654,
    "k": 62.94278877776479,
    "d": 76.76679087152422,
    "j": 35.29478459024591,
    "ma20": 331.25249938964845,
    "ma120": 286.0599993387858,
    "ma240": 247.9797913233439,
    "golden_cross": false,
    "death_cross": false,
    "top_divergence": false,
    "bottom_divergence": false
  },
  "etf00675l": {
    "close": 134.75,
    "change_percent": -2.355072463768116,
    "pe": null,
    "rsi": 52.761277574677166,
    "k": 62.41781760717566,
    "d": 76.20868467366233,
    "j": 34.8360834742023,
    "ma20": 131.44750175476074,
    "ma120": 113.7016668955485,
    "ma240": 98.67124996185302,
    "golden_cross": false,
    "death_cross": false,
    "top_divergence": false,
    "bottom_divergence": false
  },
  "nasdaq": {
    "close": 23195.169921875,
    "change_percent": -1.6898017691308715,
    "pe": null,
    "rsi": 49.16325593213787,
    "k": 62.90743263232954,
    "d": 78.98987302428846,
    "j": 30.742551848411694,
    "ma20": 23111.3685546875,
    "ma120": 22119.84402669271,
    "ma240": 20352.85593261719,
    "golden_cross": false,
    "death_cross": false,
    "top_divergence": false,
    "bottom_divergence": false
  },
  "tqqq": {
    "close": 52.81999969482422,
    "change_percent": -5.863484013080516,
    "pe": 33.019554,
    "rsi": 46.02913097846195,
    "k": 59.543117197520864,
    "d": 76.4085433679215,
    "j": 25.812264856719594,
    "ma20": 53.08099994659424,
    "ma120": 48.98767334620158,
    "ma240": 41.72176866531372,
    "golden_cross": false,
    "death_cross": false,
    "top_divergence": false,
    "bottom_divergence": false
  },
  "qld": {
    "close": 70.33999633789062,
    "change_percent": -3.880847165129476,
    "pe": 33.386005,
    "rsi": 46.717854024559536,
    "k": 59.671699949626564,
    "d": 76.7061908786544,
    "j": 25.602718091570893,
    "ma20": 70.44025039672852,
    "ma120": 66.16136112213135,
    "ma240": 58.30950949986776,
    "golden_cross": false,
    "death_cross": false,
    "top_divergence": false,
    "bottom_divergence": false
  },
  "nvda": {
    "close": 175.02000427246094,
    "change_percent": -3.266450363434634,
    "pe": 43.321785,
    "rsi": 39.86958905518896,
    "k": 44.44386052129404,
    "d": 58.314237365711165,
    "j": 16.70310683245981,
    "ma20": 181.93392333984374,
    "ma120": 179.14717191060384,
    "ma240": 152.28393389383953,
    "golden_cross": false,
    "death_cross": false,
    "top_divergence": false,
    "bottom_divergence": false
  },
  "msft": {
    "close": 478.5299987792969,
    "change_percent": -1.0217805507959836,
    "pe": 34.010662,
    "rsi": 41.650711958621805,
    "k": 41.85148492154802,
    "d": 53.26709966188523,
    "j": 19.020255440873598,
    "ma20": 485.7983169555664,
    "ma120": 506.39681040445964,
    "ma240": 461.4355757395426,
    "golden_cross": false,
    "death_cross": false,
    "top_divergence": false,
    "bottom_divergence": false
  },
  "goog": {
    "close": 310.5199890136719,
    "change_percent": -1.0137147177605683,
    "pe": 30.683794,
    "rsi": 56.27093412485169,
    "k": 36.798604898056524,
    "d": 48.11428934504123,
    "j": 14.167236004087115,
    "ma20": 308.9663772583008,
    "ma120": 239.44604352315267,
    "ma240": 206.59615281422933,
    "golden_cross": false,
    "death_cross": false,
    "top_divergence": false,
    "bottom_divergence": false
  },
  "tsla": {
    "close": 458.9599914550781,
    "change_percent": 2.7008830833098645,
    "pe": 312.21768,
    "rsi": 60.17978336654664,
    "k": 79.81246594605884,
    "d": 79.04875218184652,
    "j": 81.33989347448346,
    "ma20": 427.8230010986328,
    "ma120": 384.72266642252606,
    "ma240": 351.53437480926516,
    "golden_cross": true,
    "death_cross": false,
    "top_divergence": false,
    "bottom_divergence": false
  },
  "smh": {
    "close": 354.1199951171875,
    "change_percent": -4.521561344040528,
    "pe": 39.969112,
    "rsi": 49.74986908179491,
    "k": 61.76502355085617,
    "d": 80.86538550493219,
    "j": 23.56429964270413,
    "ma20": 351.39000091552737,
    "ma120": 318.5439994812012,
    "ma240": 276.50020802815754,
    "golden_cross": false,
    "death_cross": false,
    "top_divergence": false,
    "bottom_divergence": false
  },
  "aapl": {
    "close": 278.2799987792969,
    "change_percent": 0.08991835452923648,
    "pe": 37.302948,
    "rsi": 57.653589541846564,
    "k": 30.72212751434815,
    "d": 38.771252799587245,
    "j": 14.62387694386996,
    "ma20": 276.2990005493164,
    "ma120": 242.85555305480958,
    "ma240": 229.8734416325887,
    "golden_cross": false,
    "death_cross": false,
    "top_divergence": false,
    "bottom_divergence": false
  },
  "amzn": {
    "close": 226.19000244140625,
    "change_percent": -1.7760970816273658,
    "pe": 31.94774,
    "rsi": 44.833883759276965,
    "k": 29.22212896943075,
    "d": 39.7377284569419,
    "j": 8.19092999440845,
    "ma20": 228.56700057983397,
    "ma120": 227.1610834757487,
    "ma240": 217.1563336054484,
    "golden_cross": false,
    "death_cross": false,
    "top_divergence": false,
    "bottom_divergence": false
  },
  "meta": {
    "close": 644.22998046875,
    "change_percent": -1.2992050402838002,
    "pe": 28.493143,
    "rsi": 48.130585757418395,
    "k": 39.73165643688086,
    "d": 59.24223158358313,
    "j": 0.7105061434763371,
    "ma20": 632.3529998779297,
    "ma120": 711.0641927083333,
    "ma240": 668.6865131378174,
    "golden_cross": false,
    "death_cross": false,
    "top_divergence": false,
    "bottom_divergence": false
  },
  "btc": {
    "close": 89622.046875,
    "change_percent": 1.6409007530552417,
    "pe": null,
    "rsi": 44.35209470507303,
    "k": 34.068925988710724,
    "d": 46.58269807523702,
    "j": 9.041381815658127,
    "ma20": 90630.330078125,
    "ma120": 106260.5412109375,
    "ma240": 107178.68017578125,
    "golden_cross": false,
    "death_cross": false,
    "top_divergence": false,
    "bottom_divergence": false
  },
  "gld": {
    "close": 395.44000244140625,
    "change_percent": 0.5594579039939506,
    "pe": null,
    "rsi": 68.74425390727475,
    "k": 74.53141073411228,
    "d": 73.11480907410055,
    "j": 77.36461405413576,
    "ma20": 383.26549835205077,
    "ma120": 343.53041585286456,
    "ma240": 313.0320411682129,
    "golden_cross": false,
    "death_cross": false,
    "top_divergence": false,
    "bottom_divergence": false
  }
}