{
  "twii": {
    "close": 30576.30078125,
    "change_percent": 1.5653914873574166,
    "pe": null,
    "rsi": 78.84232262428014,
    "k": 94.58772253488334,
    "d": 89.04480854956836,
    "j": 105.67355050551328,
    "ma20": 28455.2205078125,
    "ma120": 26182.252213541666,
    "ma240": 24012.05224609375,
    "golden_cross": false,
    "death_cross": false,
    "top_divergence": false,
    "bottom_divergence": false
  },
  "tsmc": {
    "close": 1705.0,
    "change_percent": 2.095808383233533,
    "pe": 28.126032,
    "rsi": 80.48222784875254,
    "k": 94.88519346380316,
    "d": 89.15427636186809,
    "j": 106.34702766767333,
    "ma20": 1505.5058166503907,
    "ma120": 1332.8619517008462,
    "ma240": 1161.6957288106282,
    "golden_cross": false,
    "death_cross": false,
    "top_divergence": false,
    "bottom_divergence": false
  },
  "etf0050": {
    "close": 70.4000015258789,
    "change_percent": 1.2949662242861961,
    "pe": 24.962547,
    "rsi": 82.07284732613772,
    "k": 94.88719502249268,
    "d": 89.14701654405678,
    "j": 106.36755197936446,
    "ma20": 64.38500022888184,
    "ma120": 58.38277298609416,
    "ma240": 51.992464478810625,
    "golden_cross": false,
    "death_cross": false,
    "top_divergence": false,
    "bottom_divergence": false
  },
  "etf00631l": {
    "close": 404.29998779296875,
    "change_percent": 2.044415784042157,
    "pe": null,
    "rsi": 79.19995517629597,
    "k": 95.42759064865032,
    "d": 90.13581420718899,
    "j": 106.011143531573,
    "ma20": 353.1399978637695,
    "ma120": 302.21916580200195,
    "ma240": 254.57562452952067,
    "golden_cross": false,
    "death_cross": false,
    "top_divergence": false,
    "bottom_divergence": false
  },
  "etf00675l": {
    "close": 160.5,
    "change_percent": 2.3270600920955684,
    "pe": null,
    "rsi": 79.58208640899808,
    "k": 95.20908707077483,
    "d": 90.02381149374006,
    "j": 105.57963822484436,
    "ma20": 140.13000106811523,
    "ma120": 120.08791688283284,
    "ma240": 101.2625,
    "golden_cross": false,
    "death_cross": false,
    "top_divergence": false,
    "bottom_divergence": false
  },
  "nasdaq": {
    "close": 23395.8203125,
    "change_percent": 0.6894129713735211,
    "pe": null,
    "rsi": 52.627682744347496,
    "k": 52.016879372557696,
    "d": 60.97491383168083,
    "j": 34.10081045431143,
    "ma20": 23364.19111328125,
    "ma120": 22454.69158528646,
    "ma240": 20578.172241210938,
    "golden_cross": false,
    "death_cross": false,
    "top_divergence": false,
    "bottom_divergence": false
  },
  "tqqq": {
    "close": 53.599998474121094,
    "change_percent": 2.387774663676313,
    "pe": 33.50716,
    "rsi": 49.9072193890767,
    "k": 48.516610769442195,
    "d": 57.515193589520536,
    "j": 30.519445129285515,
    "ma20": 53.920658874511716,
    "ma120": 50.301749006907144,
    "ma240": 42.4392906109492,
    "golden_cross": false,
    "death_cross": false,
    "top_divergence": false,
    "bottom_divergence": false
  },
  "qld": {
    "close": 71.19999694824219,
    "change_percent": 1.5691847333308881,
    "pe": 33.794193,
    "rsi": 50.460404487053964,
    "k": 49.29581396526912,
    "d": 58.40100758767421,
    "j": 31.085426720458926,
    "ma20": 71.39575805664063,
    "ma120": 67.54802090326945,
    "ma240": 59.23743190765381,
    "golden_cross": false,
    "death_cross": false,
    "top_divergence": false,
    "bottom_divergence": false
  },
  "nvda": {
    "close": 188.1199951171875,
    "change_percent": -0.3865559770900823,
    "pe": 46.564354,
    "rsi": 55.04651335146161,
    "k": 67.9419408466216,
    "d": 73.09370959951653,
    "j": 57.63840334083176,
    "ma20": 183.20050048828125,
    "ma120": 181.91159693400064,
    "ma240": 154.9438873608907,
    "golden_cross": false,
    "death_cross": true,
    "top_divergence": false,
    "bottom_divergence": false
  },
  "msft": {
    "close": 472.8500061035156,
    "change_percent": -0.019029123657556306,
    "pe": 33.678776,
    "rsi": 37.293562892490385,
    "k": 40.55662134290785,
    "d": 58.31812406376852,
    "j": 5.033615901186522,
    "ma20": 482.7740020751953,
    "ma120": 504.70215962727866,
    "ma240": 465.05568135579426,
    "golden_cross": false,
    "death_cross": false,
    "top_divergence": false,
    "bottom_divergence": false
  },
  "goog": {
    "close": 317.32000732421875,
    "change_percent": 0.6342762760193511,
    "pe": 31.355732,
    "rsi": 60.22682150952994,
    "k": 71.33549912344506,
    "d": 72.6709270059853,
    "j": 68.66464335836457,
    "ma20": 312.9894989013672,
    "ma120": 255.02307243347167,
    "ma240": 213.46705226898194,
    "golden_cross": false,
    "death_cross": true,
    "top_divergence": false,
    "bottom_divergence": false
  },
  "tsla": {
    "close": 451.6700134277344,
    "change_percent": 3.1045280151878014,
    "pe": 311.49655,
    "rsi": 48.37138155428615,
    "k": 17.992852941345667,
    "d": 27.004489818018534,
    "j": -0.030420812000066633,
    "ma20": 464.1240036010742,
    "ma120": 403.2260836283366,
    "ma240": 355.2305835088094,
    "golden_cross": false,
    "death_cross": false,
    "top_divergence": false,
    "bottom_divergence": false
  },
  "smh": {
    "close": 377.5899963378906,
    "change_percent": 1.1492120774729582,
    "pe": 42.618145,
    "rsi": 64.22563861513716,
    "k": 79.50553017225835,
    "d": 77.42566169653077,
    "j": 83.6652671237135,
    "ma20": 361.39107818603514,
    "ma120": 326.6860809326172,
    "ma240": 282.0302750269572,
    "golden_cross": false,
    "death_cross": false,
    "top_divergence": false,
    "bottom_divergence": false
  },
  "aapl": {
    "close": 267.260009765625,
    "change_percent": -1.3837127282653052,
    "pe": 35.825737,
    "rsi": 36.74743307006103,
    "k": 33.97919123499147,
    "d": 44.32418027427314,
    "j": 13.289213156428119,
    "ma20": 274.1434982299805,
    "ma120": 250.39750595092772,
    "ma240": 231.8982816696167,
    "golden_cross": false,
    "death_cross": false,
    "top_divergence": false,
    "bottom_divergence": false
  },
  "amzn": {
    "close": 233.05999755859375,
    "change_percent": 2.8962461627345477,
    "pe": 32.87165,
    "rsi": 54.961201011428805,
    "k": 66.93895652521891,
    "d": 71.03235735401972,
    "j": 58.75215486761729,
    "ma20": 228.67600021362304,
    "ma120": 227.99983342488608,
    "ma240": 217.52366682688395,
    "golden_cross": false,
    "death_cross": false,
    "top_divergence": false,
    "bottom_divergence": false
  },
  "meta": {
    "close": 658.7899780273438,
    "change_percent": 1.2884188786801294,
    "pe": 29.149998,
    "rsi": 51.682398963073304,
    "k": 42.771065366966766,
    "d": 43.34630179641205,
    "j": 41.620592508076214,
    "ma20": 658.4812927246094,
    "ma120": 703.2971257527669,
    "ma240": 671.2242518107097,
    "golden_cross": false,
    "death_cross": false,
    "top_divergence": false,
    "bottom_divergence": false
  },
  "btc": {
    "close": 93359.1640625,
    "change_percent": -0.5574950817456684,
    "pe": null,
    "rsi": 63.13381006267914,
    "k": 81.3891212628349,
    "d": 72.25985171641726,
    "j": 99.64766035567018,
    "ma20": 88761.698046875,
    "ma120": 101980.3171875,
    "ma240": 106505.5146484375,
    "golden_cross": false,
    "death_cross": false,
    "top_divergence": false,
    "bottom_divergence": false
  },
  "gld": {
    "close": 408.760009765625,
    "change_percent": 2.631317419516094,
    "pe": null,
    "rsi": 62.31228668363852,
    "k": 37.5456474562468,
    "d": 44.63567289356013,
    "j": 23.36559658162014,
    "ma20": 398.84700164794924,
    "ma120": 354.7714993794759,
    "ma240": 322.16458282470705,
    "golden_cross": false,
    "death_cross": false,
    "top_divergence": false,
    "bottom_divergence": false
  }
}