{
  "twii": {
    "close": 28556.01953125,
    "change_percent": 0.6486648427758075,
    "pe": null,
    "rsi": 62.272438542280604,
    "k": 75.84763754375743,
    "d": 59.199839834953266,
    "j": 109.14323296136575,
    "ma20": 27934.7279296875,
    "ma120": 25839.456201171874,
    "ma240": 23857.53154296875,
    "golden_cross": false,
    "death_cross": false,
    "top_divergence": false,
    "bottom_divergence": false
  },
  "tsmc": {
    "close": 1510.0,
    "change_percent": 1.0033444816053512,
    "pe": 24.938068,
    "rsi": 61.973147061134185,
    "k": 74.62808342906774,
    "d": 55.65195254365966,
    "j": 112.58034519988391,
    "ma20": 1457.821435546875,
    "ma120": 1307.256453450521,
    "ma240": 1148.8178899129232,
    "golden_cross": false,
    "death_cross": false,
    "top_divergence": false,
    "bottom_divergence": false
  },
  "etf0050": {
    "close": 64.4000015258789,
    "change_percent": 0.8613986920935214,
    "pe": 22.835058,
    "rsi": 62.28838800977685,
    "k": 68.77147760532785,
    "d": 53.40516909457057,
    "j": 99.5040946268424,
    "ma20": 62.80750026702881,
    "ma120": 57.33560682932536,
    "ma240": 51.47074616750081,
    "golden_cross": false,
    "death_cross": false,
    "top_divergence": false,
    "bottom_divergence": false
  },
  "etf00631l": {
    "close": 354.75,
    "change_percent": 1.6766999730161276,
    "pe": null,
    "rsi": 61.14393821666343,
    "k": 71.65796319035279,
    "d": 56.45642429044396,
    "j": 102.06104099017043,
    "ma20": 339.70749816894534,
    "ma120": 293.30041580200196,
    "ma240": 250.830832862854,
    "golden_cross": false,
    "death_cross": false,
    "top_divergence": false,
    "bottom_divergence": false
  },
  "etf00675l": {
    "close": 140.8000030517578,
    "change_percent": 1.6606520229298285,
    "pe": null,
    "rsi": 61.39970672735531,
    "k": 71.70879208956828,
    "d": 56.441582535903436,
    "j": 102.24321119689796,
    "ma20": 134.80000228881835,
    "ma120": 116.56541690826415,
    "ma240": 99.78875001271565,
    "golden_cross": false,
    "death_cross": false,
    "top_divergence": false,
    "bottom_divergence": false
  },
  "nasdaq": {
    "close": 23593.099609375,
    "change_percent": -0.08559129165679281,
    "pe": null,
    "rsi": 57.428008232658065,
    "k": 81.73448109210864,
    "d": 66.54257673169155,
    "j": 112.1182898129428,
    "ma20": 23376.573046875,
    "ma120": 22341.181494140626,
    "ma240": 20496.98064778646,
    "golden_cross": false,
    "death_cross": false,
    "top_divergence": false,
    "bottom_divergence": false
  },
  "tqqq": {
    "close": 55.310001373291016,
    "change_percent": -0.09031653993731659,
    "pe": 34.576138,
    "rsi": 55.34745533340099,
    "k": 78.29806100536507,
    "d": 61.86193239554218,
    "j": 111.17031822501085,
    "ma20": 54.290655517578124,
    "ma120": 49.82961228688558,
    "ma240": 42.159478123982744,
    "golden_cross": false,
    "death_cross": false,
    "top_divergence": false,
    "bottom_divergence": false
  },
  "qld": {
    "close": 72.68000030517578,
    "change_percent": -0.06875161480801106,
    "pe": 34.49666,
    "rsi": 55.876962156140955,
    "k": 79.26455187462298,
    "d": 62.96814016405045,
    "j": 111.85737529576804,
    "ma20": 71.67801971435547,
    "ma120": 67.06844425201416,
    "ma240": 58.899832757314044,
    "golden_cross": false,
    "death_cross": false,
    "top_divergence": false,
    "bottom_divergence": false
  },
  "nvda": {
    "close": 190.52999877929688,
    "change_percent": 1.0179726222003609,
    "pe": 47.160892,
    "rsi": 58.685010098666844,
    "k": 82.31803215896889,
    "d": 67.05593292975041,
    "j": 112.84223061740585,
    "ma20": 181.30450286865235,
    "ma120": 180.9728251139323,
    "ma240": 153.8634456952413,
    "golden_cross": false,
    "death_cross": false,
    "top_divergence": false,
    "bottom_divergence": false
  },
  "msft": {
    "close": 487.7099914550781,
    "change_percent": -0.0635214879661549,
    "pe": 34.712456,
    "rsi": 50.29728652957878,
    "k": 80.16500632208677,
    "d": 67.3224517689387,
    "j": 105.8501154283829,
    "ma20": 483.9405014038086,
    "ma120": 505.57161102294924,
    "ma240": 463.82462145487466,
    "golden_cross": false,
    "death_cross": false,
    "top_divergence": false,
    "bottom_divergence": false
  },
  "goog": {
    "close": 314.9599914550781,
    "change_percent": -0.22492537854527436,
    "pe": 31.061142,
    "rsi": 58.236410566344844,
    "k": 74.40531678725918,
    "d": 56.28767724431856,
    "j": 110.64059587314043,
    "ma20": 313.6821548461914,
    "ma120": 249.41310958862306,
    "ma240": 210.96889038085936,
    "golden_cross": false,
    "death_cross": false,
    "top_divergence": false,
    "bottom_divergence": false
  },
  "tsla": {
    "close": 475.19000244140625,
    "change_percent": -2.103418125970453,
    "pe": 323.25848,
    "rsi": 57.266103564932166,
    "k": 61.29427125245198,
    "d": 72.63538880241656,
    "j": 38.61203615252282,
    "ma20": 460.9885025024414,
    "ma120": 397.337833404541,
    "ma240": 354.5449167251587,
    "golden_cross": false,
    "death_cross": false,
    "top_divergence": false,
    "bottom_divergence": false
  },
  "smh": {
    "close": 365.8599853515625,
    "change_percent": 0.46406125202933046,
    "pe": 41.294193,
    "rsi": 58.335780408553475,
    "k": 76.18728093727614,
    "d": 59.36420085113946,
    "j": 109.83344110954951,
    "ma20": 358.7183563232422,
    "ma120": 323.2990303039551,
    "ma240": 279.64319941202797,
    "golden_cross": false,
    "death_cross": false,
    "top_divergence": false,
    "bottom_divergence": false
  },
  "aapl": {
    "close": 273.3999938964844,
    "change_percent": -0.14974020881821037,
    "pe": 36.648792,
    "rsi": 49.168909919477926,
    "k": 43.401488422194696,
    "d": 37.28007407938258,
    "j": 55.644317107818935,
    "ma20": 276.94449920654296,
    "ma120": 247.8413299560547,
    "ma240": 231.02275320688884,
    "golden_cross": false,
    "death_cross": false,
    "top_divergence": false,
    "bottom_divergence": false
  },
  "amzn": {
    "close": 232.52000427246094,
    "change_percent": 0.060245884631527635,
    "pe": 32.88826,
    "rsi": 55.30090940393186,
    "k": 81.08353169700368,
    "d": 62.72948329043689,
    "j": 117.79162851013726,
    "ma20": 229.0775001525879,
    "ma120": 227.7238333384196,
    "ma240": 217.37133350372315,
    "golden_cross": false,
    "death_cross": false,
    "top_divergence": false,
    "bottom_divergence": false
  },
  "meta": {
    "close": 663.2899780273438,
    "change_percent": -0.6381559199348202,
    "pe": 29.323164,
    "rsi": 54.64079775397976,
    "k": 46.92405168650285,
    "d": 37.612795201850325,
    "j": 65.5465646558079,
    "ma20": 655.5053955078125,
    "ma120": 705.8765975952149,
    "ma240": 670.1758179982503,
    "golden_cross": false,
    "death_cross": false,
    "top_divergence": false,
    "bottom_divergence": false
  },
  "btc": {
    "close": 87625.4296875,
    "change_percent": -0.2012781576762245,
    "pe": null,
    "rsi": 44.04021728200619,
    "k": 42.68894546121661,
    "d": 46.41729417270255,
    "j": 35.23224803824475,
    "ma20": 88519.359765625,
    "ma120": 103513.87421875,
    "ma240": 106849.61064453125,
    "golden_cross": false,
    "death_cross": true,
    "top_divergence": false,
    "bottom_divergence": false
  },
  "gld": {
    "close": 416.739990234375,
    "change_percent": 1.1676735474757154,
    "pe": null,
    "rsi": 80.20415104320516,
    "k": 91.82420804434348,
    "d": 88.37330840151452,
    "j": 98.72600733000138,
    "ma20": 395.7490005493164,
    "ma120": 350.89449946085614,
    "ma240": 319.03154112497964,
    "golden_cross": false,
    "death_cross": false,
    "top_divergence": false,
    "bottom_divergence": false
  }
}