{
  "twii": {
    "close": 31639.2890625,
    "change_percent": 0.7341591644532199,
    "pe": null,
    "rsi": 80.1392229202333,
    "k": 91.37004487880023,
    "d": 91.39480267244052,
    "j": 91.32052929151965,
    "ma20": 29737.85361328125,
    "ma120": 26752.246614583335,
    "ma240": 24304.061165364583,
    "golden_cross": false,
    "death_cross": true,
    "top_divergence": false,
    "bottom_divergence": false
  },
  "tsmc": {
    "close": 1760.0,
    "change_percent": 1.1494252873563218,
    "pe": 26.550007,
    "rsi": 76.79892985512029,
    "k": 85.77729623751986,
    "d": 87.58557173573469,
    "j": 82.16074524109021,
    "ma20": 1614.5,
    "ma120": 1376.3979237874348,
    "ma240": 1185.045930480957,
    "golden_cross": false,
    "death_cross": false,
    "top_divergence": false,
    "bottom_divergence": false
  },
  "etf0050": {
    "close": 72.5999984741211,
    "change_percent": 0.8333312140570747,
    "pe": 24.93221,
    "rsi": 82.34565687244178,
    "k": 92.85531030607808,
    "d": 92.09166705462344,
    "j": 94.38259680898736,
    "ma20": 67.8774995803833,
    "ma120": 59.89666668574015,
    "ma240": 52.823045110702516,
    "golden_cross": false,
    "death_cross": false,
    "top_divergence": false,
    "bottom_divergence": false
  },
  "etf00631l": {
    "close": 433.8999938964844,
    "change_percent": 1.5326986543629926,
    "pe": null,
    "rsi": 84.1321833509938,
    "k": 94.22042807550741,
    "d": 92.85017398835373,
    "j": 96.96093624981478,
    "ma20": 385.13000030517577,
    "ma120": 315.4874993642171,
    "ma240": 261.0770828882853,
    "golden_cross": false,
    "death_cross": false,
    "top_divergence": false,
    "bottom_divergence": false
  },
  "etf00675l": {
    "close": 171.85000610351562,
    "change_percent": 1.2073044846371046,
    "pe": null,
    "rsi": 84.13588589509854,
    "k": 94.28624152332841,
    "d": 93.07730239061934,
    "j": 96.7041197887466,
    "ma20": 152.822501373291,
    "ma120": 125.33041699727376,
    "ma240": 103.82708349227906,
    "golden_cross": false,
    "death_cross": false,
    "top_divergence": false,
    "bottom_divergence": false
  },
  "nasdaq": {
    "close": 23515.390625,
    "change_percent": -0.062171245674367104,
    "pe": null,
    "rsi": 52.58523476915692,
    "k": 54.99819754336865,
    "d": 64.49304732718257,
    "j": 36.00849797574082,
    "ma20": 23476.08388671875,
    "ma120": 22650.52664388021,
    "ma240": 20723.2453125,
    "golden_cross": false,
    "death_cross": false,
    "top_divergence": true,
    "bottom_divergence": false
  },
  "tqqq": {
    "close": 54.13999938964844,
    "change_percent": -0.44134180535630346,
    "pe": 34.106102,
    "rsi": 49.70672894584766,
    "k": 54.32611475341109,
    "d": 63.25100393169805,
    "j": 36.476336396837155,
    "ma20": 54.292748832702635,
    "ma120": 51.140560913085935,
    "ma240": 42.94076671600342,
    "golden_cross": false,
    "death_cross": false,
    "top_divergence": false,
    "bottom_divergence": false
  },
  "qld": {
    "close": 71.75,
    "change_percent": -0.26411236441228,
    "pe": 33.853333,
    "rsi": 50.27895298990671,
    "k": 55.05484434681608,
    "d": 64.04023183990117,
    "j": 37.08406936064591,
    "ma20": 71.81598091125488,
    "ma120": 68.39660415649413,
    "ma240": 59.84028491973877,
    "golden_cross": false,
    "death_cross": false,
    "top_divergence": false,
    "bottom_divergence": false
  },
  "nvda": {
    "close": 186.22999572753906,
    "change_percent": -0.4383893669287186,
    "pe": 46.065594,
    "rsi": 51.79371238856674,
    "k": 37.25388979430085,
    "d": 33.57627191249088,
    "j": 44.60912555792078,
    "ma20": 185.99100036621093,
    "ma120": 182.94187698364257,
    "ma240": 157.04530277252198,
    "golden_cross": false,
    "death_cross": false,
    "top_divergence": false,
    "bottom_divergence": false
  },
  "msft": {
    "close": 459.8599853515625,
    "change_percent": 0.7007361415038325,
    "pe": 32.683723,
    "rsi": 33.83261194671304,
    "k": 16.235136028203335,
    "d": 26.61361648184606,
    "j": -4.521824879082111,
    "ma20": 478.22550201416016,
    "ma120": 501.98164596557615,
    "ma240": 466.59594472249347,
    "golden_cross": false,
    "death_cross": false,
    "top_divergence": false,
    "bottom_divergence": false
  },
  "goog": {
    "close": 330.3399963378906,
    "change_percent": -0.8464423379820825,
    "pe": 32.577908,
    "rsi": 63.46919019091472,
    "k": 73.58913842092808,
    "d": 76.99786675477382,
    "j": 66.7716817532366,
    "ma20": 320.3239990234375,
    "ma120": 265.4719127655029,
    "ma240": 218.3323942820231,
    "golden_cross": false,
    "death_cross": true,
    "top_divergence": true,
    "bottom_divergence": false
  },
  "tsla": {
    "close": 437.5,
    "change_percent": -0.24397640202234186,
    "pe": 303.8333,
    "rsi": 44.393508957628484,
    "k": 44.5825072101082,
    "d": 41.311137849940806,
    "j": 51.125245930442986,
    "ma20": 455.47950286865233,
    "ma120": 411.94083404541016,
    "ma240": 356.6874170303345,
    "golden_cross": false,
    "death_cross": false,
    "top_divergence": false,
    "bottom_divergence": false
  },
  "smh": {
    "close": 400.3900146484375,
    "change_percent": 1.0040137608940347,
    "pe": 44.614487,
    "rsi": 69.93375096597948,
    "k": 80.75296598250664,
    "d": 81.88851470678222,
    "j": 78.48186853395549,
    "ma20": 375.045393371582,
    "ma120": 334.31738611857094,
    "ma240": 287.3478374481201,
    "golden_cross": false,
    "death_cross": false,
    "top_divergence": false,
    "bottom_divergence": false
  },
  "aapl": {
    "close": 255.52999877929688,
    "change_percent": -1.0379120733008116,
    "pe": 34.25161,
    "rsi": 25.184251901573646,
    "k": 13.832199982700436,
    "d": 17.667776115536736,
    "j": 6.161047717027834,
    "ma20": 266.47349700927737,
    "ma120": 253.94785118103027,
    "ma240": 233.00708179473878,
    "golden_cross": false,
    "death_cross": false,
    "top_divergence": false,
    "bottom_divergence": false
  },
  "amzn": {
    "close": 239.1199951171875,
    "change_percent": 0.3946605383793984,
    "pe": 33.77401,
    "rsi": 54.96482647586235,
    "k": 57.36375196078852,
    "d": 69.16199176673769,
    "j": 33.767272348890174,
    "ma20": 235.68699951171874,
    "ma120": 229.03699989318847,
    "ma240": 217.7466667811076,
    "golden_cross": false,
    "death_cross": false,
    "top_divergence": false,
    "bottom_divergence": false
  },
  "meta": {
    "close": 620.25,
    "change_percent": -0.08859339622799187,
    "pe": 27.469,
    "rsi": 36.98035429726053,
    "k": 14.912521733442023,
    "d": 21.344192874922904,
    "j": 2.049179450480267,
    "ma20": 650.6244995117188,
    "ma120": 697.9845952351887,
    "ma240": 670.2455607096355,
    "golden_cross": false,
    "death_cross": false,
    "top_divergence": false,
    "bottom_divergence": false
  },
  "btc": {
    "close": 92565.078125,
    "change_percent": -1.142049528222583,
    "pe": null,
    "rsi": 51.81317738758534,
    "k": 51.6866895514706,
    "d": 60.25954357800549,
    "j": 34.54098149840081,
    "ma20": 92284.8,
    "ma120": 99556.88567708334,
    "ma240": 105813.97845052084,
    "golden_cross": false,
    "death_cross": false,
    "top_divergence": false,
    "bottom_divergence": false
  },
  "gld": {
    "close": 421.2900085449219,
    "change_percent": -0.48188838307004983,
    "pe": null,
    "rsi": 64.76837626306062,
    "k": 80.71300240526362,
    "d": 79.09625261443114,
    "j": 83.94650198692858,
    "ma20": 410.58800201416017,
    "ma120": 362.88866602579753,
    "ma240": 328.24674962361655,
    "golden_cross": false,
    "death_cross": false,
    "top_divergence": false,
    "bottom_divergence": false
  }
}