{
  "twii": {
    "close": 27397.5,
    "change_percent": -1.8136056365454594,
    "pe": null,
    "rsi": 48.80011697126061,
    "k": 31.8505306704488,
    "d": 38.817295305349084,
    "ma20": 27865.23095703125,
    "ma120": 24477.319417317707,
    "ma240": 23290.762727864585
  },
  "tsmc": {
    "close": 1430.0,
    "change_percent": -2.054794520547945,
    "pe": 23.585684,
    "rsi": 47.36286350921187,
    "k": 13.571428571428513,
    "d": 18.015873015872995,
    "ma20": 1474.5,
    "ma120": 1208.1283920288085,
    "ma240": 1103.1820365905762
  },
  "etf0050": {
    "close": 61.70000076293945,
    "change_percent": -1.9077913097438282,
    "pe": 21.877687,
    "rsi": 47.452444573716775,
    "k": 22.50644478630545,
    "d": 27.7636321249303,
    "ma20": 63.26250019073486,
    "ma120": 53.65136591593424,
    "ma240": 49.76367348035176
  },
  "etf00631l": {
    "close": 327.8999938964844,
    "change_percent": -4.066704035373964,
    "pe": null,
    "rsi": 47.40337894419873,
    "k": 34.73815089139007,
    "d": 41.89300212049256,
    "ma20": 341.6849990844727,
    "ma120": 263.0558329264323,
    "ma240": 239.8424996693929
  },
  "etf00675l": {
    "close": 130.10000610351562,
    "change_percent": -4.162058118957182,
    "pe": null,
    "rsi": 47.25223704587103,
    "k": 34.918010378238826,
    "d": 42.05913810447468,
    "ma20": 135.6525001525879,
    "ma120": 104.60458323160807,
    "ma240": 95.48666648864746
  },
  "nasdaq": {
    "close": 22900.58984375,
    "change_percent": 0.13218187022913802,
    "pe": null,
    "rsi": 46.201157424946246,
    "k": 39.92532404225516,
    "d": 50.55444910260517,
    "ma20": 23323.76875,
    "ma120": 21542.72042643229,
    "ma240": 20087.443505859374
  },
  "tqqq": {
    "close": 104.73999786376953,
    "change_percent": 0.07643244683844493,
    "pe": 34.291107,
    "rsi": 44.93718608387773,
    "k": 38.49873656786562,
    "d": 47.42847633335654,
    "ma20": 111.33649940490723,
    "ma120": 92.75948816935221,
    "ma240": 81.80175255139669
  },
  "qld": {
    "close": 139.38999938964844,
    "change_percent": 0.1005381613274237,
    "pe": 34.378098,
    "rsi": 45.564616342868234,
    "k": 39.810788959645954,
    "d": 48.88014606727126,
    "ma20": 144.82600021362305,
    "ma120": 127.13381767272949,
    "ma240": 114.48201894760132
  },
  "nvda": {
    "close": 190.1699981689453,
    "change_percent": 1.7713783301841564,
    "pe": 54.025566,
    "rsi": 49.421866950476094,
    "k": 38.45358845328195,
    "d": 42.23356768007736,
    "ma20": 192.87450103759767,
    "ma120": 172.89881032307943,
    "ma240": 148.79454282124837
  },
  "msft": {
    "close": 510.17999267578125,
    "change_percent": 1.3689888561029122,
    "pe": 36.234375,
    "rsi": 47.44017316017021,
    "k": 52.39308898406239,
    "d": 42.894903731024705,
    "ma20": 516.4800003051757,
    "ma120": 505.05823415120443,
    "ma240": 458.597029876709
  },
  "goog": {
    "close": 276.9800109863281,
    "change_percent": -0.7666896561677391,
    "pe": 27.315582,
    "rsi": 55.97711443423739,
    "k": 39.08704265367117,
    "d": 62.8156628589636,
    "ma20": 274.51049880981446,
    "ma120": 217.77174135843913,
    "ma240": 196.94818420410155
  },
  "tsla": {
    "close": 404.3500061035156,
    "change_percent": 0.587083242486871,
    "pe": 276.95206,
    "rsi": 41.068227084720824,
    "k": 16.484101573764494,
    "d": 22.540013985281423,
    "ma20": 442.73800201416014,
    "ma120": 368.8300824483236,
    "ma240": 350.54199975331625
  },
  "smh": {
    "close": 344.9800109863281,
    "change_percent": 0.04640208187192884,
    "pe": 38.452297,
    "rsi": 48.17848997034099,
    "k": 39.69841711046979,
    "d": 45.195446828643206,
    "ma20": 353.9104995727539,
    "ma120": 303.3238327026367,
    "ma240": 268.1583567937215
  },
  "aapl": {
    "close": 272.4100036621094,
    "change_percent": -0.19784155368063552,
    "pe": 36.516087,
    "rsi": 65.08491235966608,
    "k": 63.49606013282139,
    "d": 65.46744458086049,
    "ma20": 268.11217803955077,
    "ma120": 230.7220916748047,
    "ma240": 227.61627235412598
  },
  "amzn": {
    "close": 234.69000244140625,
    "change_percent": -1.2164320933474622,
    "pe": 33.10155,
    "rsi": 49.82280681953453,
    "k": 13.581123777922203,
    "d": 35.663036543423125,
    "ma20": 235.5150001525879,
    "ma120": 224.38900032043458,
    "ma240": 216.85958353678384
  },
  "meta": {
    "close": 609.4600219726562,
    "change_percent": -0.07050331460650544,
    "pe": 26.95533,
    "rsi": 26.960767597001716,
    "k": 18.622938939758487,
    "d": 19.584036855761692,
    "ma20": 673.439501953125,
    "ma120": 718.9478810628256,
    "ma240": 666.7386852264405
  },
  "btc": {
    "close": 95298.875,
    "change_percent": 0.9545625447894742,
    "pe": null,
    "rsi": 32.107800921400234,
    "k": 10.242359192027267,
    "d": 18.65427154949798,
    "ma20": 104972.64453125,
    "ma120": 113087.08151041667,
    "ma240": 106368.43889973959
  },
  "gld": {
    "close": 375.9599914550781,
    "change_percent": -1.8047911171504536,
    "pe": null,
    "rsi": 54.01100778509173,
    "k": 76.30880410057053,
    "d": 87.84819251315963,
    "ma20": 374.08399963378906,
    "ma120": 331.707332611084,
    "ma240": 301.95549964904785
  }
}