{
  "twii": {
    "close": 33400.3203125,
    "change_percent": -0.5405866913823917,
    "pe": null,
    "rsi": 52.84074700389374,
    "k": 47.66213581014024,
    "d": 45.684998783419694,
    "j": 51.61640986358135,
    "ma20": 33487.8849609375,
    "ma120": 29069.790006510415,
    "ma240": 25596.598999023438,
    "golden_cross": false,
    "death_cross": false,
    "top_divergence": false,
    "bottom_divergence": false
  },
  "tsmc": {
    "close": 1865.0,
    "change_percent": -1.0610079575596816,
    "pe": 28.167952,
    "rsi": 51.65581356800569,
    "k": 45.65313673503443,
    "d": 43.70022885353676,
    "j": 49.55895249802978,
    "ma20": 1886.5,
    "ma120": 1555.3398111979166,
    "ma240": 1289.6481905619303,
    "golden_cross": false,
    "death_cross": false,
    "top_divergence": false,
    "bottom_divergence": false
  },
  "etf0050": {
    "close": 75.94999694824219,
    "change_percent": -0.8485659775809342,
    "pe": 26.082663,
    "rsi": 52.08565983607848,
    "k": 48.202439922238845,
    "d": 46.34285781326196,
    "j": 51.92160414019261,
    "ma20": 76.54999923706055,
    "ma120": 65.16108592351277,
    "ma240": 55.72890516916911,
    "golden_cross": false,
    "death_cross": false,
    "top_divergence": false,
    "bottom_divergence": false
  },
  "etf00631l": {
    "close": 464.6499938964844,
    "change_percent": -1.1382991709607713,
    "pe": null,
    "rsi": 50.41985450802405,
    "k": 41.054947460989695,
    "d": 40.01735978181776,
    "j": 43.130122819333565,
    "ma20": 476.60749969482424,
    "ma120": 370.1316665649414,
    "ma240": 290.78333333333336,
    "golden_cross": false,
    "death_cross": false,
    "top_divergence": false,
    "bottom_divergence": false
  },
  "etf00675l": {
    "close": 184.64999389648438,
    "change_percent": -0.9388412324583268,
    "pe": null,
    "rsi": 50.6238410120896,
    "k": 41.84199069838627,
    "d": 40.55894557321878,
    "j": 44.40808094872125,
    "ma20": 188.99250030517578,
    "ma120": 146.92166697184246,
    "ma240": 115.53333339691162,
    "golden_cross": false,
    "death_cross": false,
    "top_divergence": false,
    "bottom_divergence": false
  },
  "nasdaq": {
    "close": 22105.359375,
    "change_percent": -0.9260544757082054,
    "pe": null,
    "rsi": 37.43774017659019,
    "k": 35.589714101086535,
    "d": 47.658601188494,
    "j": 11.451939926271592,
    "ma20": 22668.66611328125,
    "ma120": 23082.653059895834,
    "ma240": 21403.017635091146,
    "golden_cross": false,
    "death_cross": false,
    "top_divergence": false,
    "bottom_divergence": false
  },
  "tqqq": {
    "close": 45.93000030517578,
    "change_percent": -1.9218481543643295,
    "pe": 30.822912,
    "rsi": 38.5218652102997,
    "k": 35.93271712260169,
    "d": 48.66427850965373,
    "j": 10.469594348497608,
    "ma20": 49.043000030517575,
    "ma120": 52.68614676793416,
    "ma240": 45.23773265679677,
    "golden_cross": false,
    "death_cross": false,
    "top_divergence": false,
    "bottom_divergence": false
  },
  "qld": {
    "close": 64.76000213623047,
    "change_percent": -1.250380713524038,
    "pe": 31.686396,
    "rsi": 38.93397819331344,
    "k": 37.20103335579299,
    "d": 49.895694430905834,
    "j": 11.811711205567292,
    "ma20": 67.52350044250488,
    "ma120": 70.20816249847412,
    "ma240": 62.587608416875206,
    "golden_cross": false,
    "death_cross": false,
    "top_divergence": false,
    "bottom_divergence": false
  },
  "nvda": {
    "close": 180.25,
    "change_percent": -1.5780274103308685,
    "pe": 36.785713,
    "rsi": 45.231916744409766,
    "k": 51.73552014046029,
    "d": 48.958304293114324,
    "j": 57.28995183515221,
    "ma20": 184.94597778320312,
    "ma120": 185.5085381825765,
    "ma240": 166.9205002784729,
    "golden_cross": false,
    "death_cross": false,
    "top_divergence": false,
    "bottom_divergence": false
  },
  "msft": {
    "close": 395.54998779296875,
    "change_percent": -1.57019802632838,
    "pe": 24.752815,
    "rsi": 38.934196783755496,
    "k": 48.490019447887015,
    "d": 63.976353488086325,
    "j": 17.517351367488388,
    "ma20": 400.20261535644534,
    "ma120": 470.7194760640462,
    "ma240": 468.8279258728027,
    "golden_cross": false,
    "death_cross": false,
    "top_divergence": false,
    "bottom_divergence": false
  },
  "goog": {
    "close": 301.4599914550781,
    "change_percent": -0.5771577617221332,
    "pe": 27.861368,
    "rsi": 40.45402038514783,
    "k": 53.01077329251095,
    "d": 51.145857510934036,
    "j": 56.74060485566477,
    "ma20": 306.0416519165039,
    "ma120": 297.34701601664227,
    "ma240": 240.60167789459229,
    "golden_cross": false,
    "death_cross": false,
    "top_divergence": false,
    "bottom_divergence": false
  },
  "tsla": {
    "close": 391.20001220703125,
    "change_percent": -0.9645319015724112,
    "pe": 355.63635,
    "rsi": 40.016462984541064,
    "k": 42.690081876267385,
    "d": 46.567595689356565,
    "j": 34.935054250089024,
    "ma20": 404.8270004272461,
    "ma120": 433.39441706339517,
    "ma240": 375.36895847320557,
    "golden_cross": false,
    "death_cross": true,
    "top_divergence": false,
    "bottom_divergence": false
  },
  "smh": {
    "close": 387.3299865722656,
    "change_percent": -0.20612122239516711,
    "pe": 39.72525,
    "rsi": 43.57594614540777,
    "k": 45.17414956290203,
    "d": 42.086516827638405,
    "j": 51.349415033429295,
    "ma20": 403.51200103759766,
    "ma120": 368.4580233256022,
    "ma240": 314.151536432902,
    "golden_cross": false,
    "death_cross": false,
    "top_divergence": false,
    "bottom_divergence": false
  },
  "aapl": {
    "close": 250.1199951171875,
    "change_percent": -2.2051921765652414,
    "pe": 31.660759,
    "rsi": 34.58755781552318,
    "k": 18.629371203714488,
    "d": 25.91974322371309,
    "j": 4.048627163717285,
    "ma20": 262.7494987487793,
    "ma120": 264.96770197550455,
    "ma240": 238.06583607991536,
    "golden_cross": false,
    "death_cross": false,
    "top_divergence": false,
    "bottom_divergence": false
  },
  "amzn": {
    "close": 207.6699981689453,
    "change_percent": -0.8877013416636094,
    "pe": 29.00419,
    "rsi": 41.33099093326887,
    "k": 47.24058744647412,
    "d": 59.57415667857387,
    "j": 22.573448982274613,
    "ma20": 209.29249954223633,
    "ma120": 226.04266688028972,
    "ma240": 218.84500013987224,
    "golden_cross": false,
    "death_cross": false,
    "top_divergence": false,
    "bottom_divergence": false
  },
  "meta": {
    "close": 613.7100219726562,
    "change_percent": -3.834336861694227,
    "pe": 26.104212,
    "rsi": 35.821262026990574,
    "k": 33.5144898526702,
    "d": 47.70909763203349,
    "j": 5.125274293943619,
    "ma20": 647.4079986572266,
    "ma120": 666.741557820638,
    "ma240": 671.3893385569255,
    "golden_cross": false,
    "death_cross": false,
    "top_divergence": false,
    "bottom_divergence": false
  },
  "btc": {
    "close": 70586.46875,
    "change_percent": -0.5379825357680776,
    "pe": null,
    "rsi": 52.355354865248046,
    "k": 57.20911958428172,
    "d": 53.87419842579688,
    "j": 63.878961901251415,
    "ma20": 68265.44453125,
    "ma120": 82462.11129557292,
    "ma240": 97869.19786783853,
    "golden_cross": false,
    "death_cross": false,
    "top_divergence": false,
    "bottom_divergence": false
  },
  "gld": {
    "close": 460.8399963378906,
    "change_percent": -1.2936961278600752,
    "pe": null,
    "rsi": 47.72299823467214,
    "k": 35.31727697198408,
    "d": 51.53106089863796,
    "j": 2.8897091186763078,
    "ma20": 470.5875,
    "ma120": 409.2120007832845,
    "ma240": 358.86941680908205,
    "golden_cross": false,
    "death_cross": false,
    "top_divergence": false,
    "bottom_divergence": false
  }
}