{
  "twii": {
    "close": 34323.6484375,
    "change_percent": -2.1981462640061715,
    "pe": null,
    "rsi": 65.22745934168562,
    "k": 82.37869052321783,
    "d": 84.84148220941437,
    "j": 77.45310715082476,
    "ma20": 33062.2427734375,
    "ma120": 28468.124576822916,
    "ma240": 25228.368497721352,
    "golden_cross": false,
    "death_cross": true,
    "top_divergence": false,
    "bottom_divergence": false
  },
  "tsmc": {
    "close": 1935.0,
    "change_percent": -2.0253164556962027,
    "pe": 29.247278,
    "rsi": 64.32250144557901,
    "k": 76.90978027412386,
    "d": 81.61044583229987,
    "j": 67.50844915777182,
    "ma20": 1849.75,
    "ma120": 1507.4397430419922,
    "ma240": 1259.355051167806,
    "golden_cross": false,
    "death_cross": true,
    "top_divergence": false,
    "bottom_divergence": false
  },
  "etf0050": {
    "close": 78.75,
    "change_percent": -1.9912862532740643,
    "pe": 27.044237,
    "rsi": 67.75351364883413,
    "k": 80.33935571678124,
    "d": 84.06432567275463,
    "j": 72.88941580483444,
    "ma20": 75.20749969482422,
    "ma120": 63.52952063878377,
    "ma240": 54.68181880315145,
    "golden_cross": false,
    "death_cross": true,
    "top_divergence": false,
    "bottom_divergence": false
  },
  "etf00631l": {
    "close": 500.45001220703125,
    "change_percent": -4.902610506977434,
    "pe": null,
    "rsi": 62.27991394125256,
    "k": 77.81528128039596,
    "d": 82.55882413063344,
    "j": 68.32819557992102,
    "ma20": 469.67250366210936,
    "ma120": 356.3833333333333,
    "ma240": 282.5956250508626,
    "golden_cross": false,
    "death_cross": true,
    "top_divergence": false,
    "bottom_divergence": false
  },
  "etf00675l": {
    "close": 198.85000610351562,
    "change_percent": -4.582527865961639,
    "pe": null,
    "rsi": 62.96390499976512,
    "k": 78.32937548593358,
    "d": 82.69045908036486,
    "j": 69.60720829707103,
    "ma20": 186.2,
    "ma120": 141.4795836130778,
    "ma240": 112.30145839055379,
    "golden_cross": false,
    "death_cross": true,
    "top_divergence": false,
    "bottom_divergence": false
  },
  "nasdaq": {
    "close": 22748.859375,
    "change_percent": 0.355777691156841,
    "pe": null,
    "rsi": 45.300904107184856,
    "k": 55.98972227141602,
    "d": 55.58240318560299,
    "j": 56.804360443042086,
    "ma20": 22885.72021484375,
    "ma120": 23057.724755859374,
    "ma240": 21224.80812988281,
    "golden_cross": false,
    "death_cross": false,
    "top_divergence": false,
    "bottom_divergence": false
  },
  "tqqq": {
    "close": 49.70000076293945,
    "change_percent": 0.36349011209986987,
    "pe": 30.43553,
    "rsi": 46.148577142353325,
    "k": 57.92034633856071,
    "d": 56.25270013046983,
    "j": 61.25563875474248,
    "ma20": 50.11450004577637,
    "ma120": 52.70811920166015,
    "ma240": 44.581688078244525,
    "golden_cross": false,
    "death_cross": false,
    "top_divergence": true,
    "bottom_divergence": false
  },
  "qld": {
    "close": 68.12999725341797,
    "change_percent": 0.20591174297277084,
    "pe": 31.42603,
    "rsi": 46.70410306308967,
    "k": 59.1799519561649,
    "d": 57.629142783802976,
    "j": 62.281570300888745,
    "ma20": 68.39099998474121,
    "ma120": 70.12655798594157,
    "ma240": 61.8289221127828,
    "golden_cross": false,
    "death_cross": false,
    "top_divergence": true,
    "bottom_divergence": false
  },
  "nvda": {
    "close": 182.47999572753906,
    "change_percent": 2.985491965260356,
    "pe": 37.16497,
    "rsi": 46.23636322295827,
    "k": 41.446684159607756,
    "d": 56.18062969791609,
    "j": 11.97879308299109,
    "ma20": 185.55,
    "ma120": 184.99926846822103,
    "ma240": 164.44966154098512,
    "golden_cross": false,
    "death_cross": false,
    "top_divergence": false,
    "bottom_divergence": false
  },
  "msft": {
    "close": 398.54998779296875,
    "change_percent": 1.4793496213936668,
    "pe": 24.94055,
    "rsi": 40.67859817705152,
    "k": 53.91825576080703,
    "d": 43.49152305354413,
    "j": 74.77172117533283,
    "ma20": 401.30548095703125,
    "ma120": 478.26391728719074,
    "ma240": 468.0955567677816,
    "golden_cross": false,
    "death_cross": false,
    "top_divergence": false,
    "bottom_divergence": false
  },
  "goog": {
    "close": 306.3599853515625,
    "change_percent": -1.6279765736940293,
    "pe": 28.340424,
    "rsi": 40.43233166982335,
    "k": 47.399907586539605,
    "d": 48.30463343563622,
    "j": 45.59045588834638,
    "ma20": 316.4459976196289,
    "ma120": 293.2855422973633,
    "ma240": 235.57466627756756,
    "golden_cross": false,
    "death_cross": true,
    "top_divergence": false,
    "bottom_divergence": false
  },
  "tsla": {
    "close": 403.32000732421875,
    "change_percent": 0.20123662491409797,
    "pe": 370.01834,
    "rsi": 41.74677960420173,
    "k": 42.1555021891116,
    "d": 41.324670803609486,
    "j": 43.81716496011583,
    "ma20": 412.49549865722656,
    "ma120": 433.12233378092446,
    "ma240": 370.0723335266113,
    "golden_cross": true,
    "death_cross": false,
    "top_divergence": false,
    "bottom_divergence": false
  },
  "smh": {
    "close": 406.3900146484375,
    "change_percent": 0.004926429483118418,
    "pe": 43.100655,
    "rsi": 51.03644748863169,
    "k": 48.250205223961714,
    "d": 62.256813813440736,
    "j": 20.236988045003685,
    "ma20": 406.9335006713867,
    "ma120": 361.92786610921223,
    "ma240": 307.8029691060384,
    "golden_cross": false,
    "death_cross": false,
    "top_divergence": false,
    "bottom_divergence": false
  },
  "aapl": {
    "close": 264.7200012207031,
    "change_percent": 0.20440932693362907,
    "pe": 33.55133,
    "rsi": 48.302945387413516,
    "k": 52.4799485542452,
    "d": 55.56593945348099,
    "j": 46.307966755773606,
    "ma20": 268.8914627075195,
    "ma120": 263.1927210489909,
    "ma240": 236.51625137329103,
    "golden_cross": false,
    "death_cross": true,
    "top_divergence": false,
    "bottom_divergence": false
  },
  "amzn": {
    "close": 208.38999938964844,
    "change_percent": -0.7666669573102678,
    "pe": 29.064156,
    "rsi": 41.11431875849121,
    "k": 75.3350050191413,
    "d": 69.36282813104825,
    "j": 87.27935879532743,
    "ma20": 211.87100067138672,
    "ma120": 227.46858329772948,
    "ma240": 218.29637514750164,
    "golden_cross": false,
    "death_cross": false,
    "top_divergence": false,
    "bottom_divergence": false
  },
  "meta": {
    "close": 653.5599975585938,
    "change_percent": 0.8300171161721697,
    "pe": 27.858484,
    "rsi": 49.31498886972812,
    "k": 59.160142663782835,
    "d": 47.48928484428969,
    "j": 82.50185830276912,
    "ma20": 658.84599609375,
    "ma120": 675.5373377482097,
    "ma240": 669.4540496826172,
    "golden_cross": false,
    "death_cross": false,
    "top_divergence": false,
    "bottom_divergence": false
  },
  "btc": {
    "close": 68172.453125,
    "change_percent": -0.8773405545573829,
    "pe": null,
    "rsi": 45.98733658154229,
    "k": 65.3730309451761,
    "d": 56.423280686548836,
    "j": 83.27253146243063,
    "ma20": 67334.951953125,
    "ma120": 85431.07958984375,
    "ma240": 99988.58666992188,
    "golden_cross": false,
    "death_cross": false,
    "top_divergence": false,
    "bottom_divergence": false
  },
  "gld": {
    "close": 490.0,
    "change_percent": 1.2919896640826873,
    "pe": null,
    "rsi": 63.18934368470863,
    "k": 91.06501280982954,
    "d": 84.6802387735616,
    "j": 103.8345608823654,
    "ma20": 462.9500015258789,
    "ma120": 399.17733434041344,
    "ma240": 351.7292916615804,
    "golden_cross": false,
    "death_cross": false,
    "top_divergence": false,
    "bottom_divergence": false
  }
}