{
  "twii": {
    "close": 33605.7109375,
    "change_percent": 1.6108084869157686,
    "pe": null,
    "rsi": 71.98040667175904,
    "k": 76.71315920961084,
    "d": 63.67631877119635,
    "j": 102.78684008643981,
    "ma20": 32056.77421875,
    "ma120": 27932.574934895834,
    "ma240": 24931.18438313802,
    "golden_cross": false,
    "death_cross": false,
    "top_divergence": false,
    "bottom_divergence": false
  },
  "tsmc": {
    "close": 1915.0,
    "change_percent": 1.8617021276595744,
    "pe": 28.901297,
    "rsi": 74.48968293688395,
    "k": 77.99544960934925,
    "d": 64.68110260067056,
    "j": 104.62414362670665,
    "ma20": 1783.75,
    "ma120": 1466.7670450846354,
    "ma240": 1235.6484845479329,
    "golden_cross": false,
    "death_cross": false,
    "top_divergence": false,
    "bottom_divergence": false
  },
  "etf0050": {
    "close": 77.19999694824219,
    "change_percent": 2.2516515870757448,
    "pe": 26.511936,
    "rsi": 75.59846764513959,
    "k": 79.38851751432932,
    "d": 66.67599099728696,
    "j": 104.81357054841405,
    "ma20": 72.62468681335449,
    "ma120": 62.124363803863524,
    "ma240": 53.851694186528526,
    "golden_cross": false,
    "death_cross": false,
    "top_divergence": false,
    "bottom_divergence": false
  },
  "etf00631l": {
    "close": 486.1000061035156,
    "change_percent": 3.5687652673228625,
    "pe": null,
    "rsi": 70.44756999857158,
    "k": 77.2615529974486,
    "d": 64.3864314132075,
    "j": 103.0117961659308,
    "ma20": 443.0925033569336,
    "ma120": 343.292916615804,
    "ma240": 275.5156249364217,
    "golden_cross": false,
    "death_cross": false,
    "top_divergence": false,
    "bottom_divergence": false
  },
  "etf00675l": {
    "close": 192.3000030517578,
    "change_percent": 3.3315404325099927,
    "pe": null,
    "rsi": 70.40205499933093,
    "k": 77.54725728376644,
    "d": 64.85719606255492,
    "j": 102.92737972618949,
    "ma20": 175.75750045776368,
    "ma120": 136.3200003306071,
    "ma240": 109.51875009536744,
    "golden_cross": false,
    "death_cross": false,
    "top_divergence": false,
    "bottom_divergence": false
  },
  "nasdaq": {
    "close": 22546.669921875,
    "change_percent": -0.22339307336266215,
    "pe": null,
    "rsi": 37.63979193037324,
    "k": 25.55341329912388,
    "d": 34.174411147249224,
    "j": 8.311417602873192,
    "ma20": 23246.4875,
    "ma120": 22956.801904296874,
    "ma240": 21019.319409179687,
    "golden_cross": false,
    "death_cross": false,
    "top_divergence": false,
    "bottom_divergence": false
  },
  "tqqq": {
    "close": 48.470001220703125,
    "change_percent": 0.4351489980807155,
    "pe": 29.682297,
    "rsi": 39.29625718543149,
    "k": 26.30674865268915,
    "d": 32.528209504246625,
    "j": 13.863826949574204,
    "ma20": 52.55500030517578,
    "ma120": 52.34195130666097,
    "ma240": 43.83328069845835,
    "golden_cross": false,
    "death_cross": false,
    "top_divergence": false,
    "bottom_divergence": false
  },
  "qld": {
    "close": 66.91999816894531,
    "change_percent": 0.34487287317336124,
    "pe": 30.867899,
    "rsi": 39.82255062614537,
    "k": 27.893543012475604,
    "d": 33.899380926178424,
    "j": 15.881867185069964,
    "ma20": 70.4515007019043,
    "ma120": 69.68361934026082,
    "ma240": 60.96826330820719,
    "golden_cross": false,
    "death_cross": false,
    "top_divergence": false,
    "bottom_divergence": false
  },
  "nvda": {
    "close": 182.80999755859375,
    "change_percent": -2.2092675879294443,
    "pe": 45.242573,
    "rsi": 47.32775378219146,
    "k": 62.78049391015419,
    "d": 61.225378745446726,
    "j": 65.89072423956914,
    "ma20": 185.30450057983398,
    "ma120": 183.92038841247557,
    "ma240": 161.4052885691325,
    "golden_cross": false,
    "death_cross": false,
    "top_divergence": false,
    "bottom_divergence": false
  },
  "msft": {
    "close": 401.32000732421875,
    "change_percent": -0.12940200537794097,
    "pe": 25.129618,
    "rsi": 32.38616483777729,
    "k": 25.94079215531343,
    "d": 23.6446458144627,
    "j": 30.533084837014897,
    "ma20": 432.4919998168945,
    "ma120": 488.23173268636066,
    "ma240": 468.7164764404297,
    "golden_cross": false,
    "death_cross": false,
    "top_divergence": false,
    "bottom_divergence": false
  },
  "goog": {
    "close": 306.0199890136719,
    "change_percent": -1.0828477733422928,
    "pe": 28.335184,
    "rsi": 32.35332353858496,
    "k": 16.480729068405832,
    "d": 30.444541427368087,
    "j": -11.44689564951868,
    "ma20": 328.26649780273436,
    "ma120": 285.84651679992675,
    "ma240": 229.77473697662353,
    "golden_cross": false,
    "death_cross": false,
    "top_divergence": false,
    "bottom_divergence": false
  },
  "tsla": {
    "close": 417.44000244140625,
    "change_percent": 0.08871295242764267,
    "pe": 382.97247,
    "rsi": 44.92101789015568,
    "k": 59.963906028137856,
    "d": 52.88917003237516,
    "j": 74.11337801966326,
    "ma20": 424.72749786376954,
    "ma120": 427.6260004679362,
    "ma240": 363.49004192352294,
    "golden_cross": false,
    "death_cross": false,
    "top_divergence": false,
    "bottom_divergence": false
  },
  "smh": {
    "close": 407.7200012207031,
    "change_percent": 0.39644823501369014,
    "pe": 43.241707,
    "rsi": 56.598985109089526,
    "k": 70.0038295799703,
    "d": 63.489409404482956,
    "j": 83.03266993094499,
    "ma20": 402.4854995727539,
    "ma120": 351.86720809936526,
    "ma240": 299.8391845067342,
    "golden_cross": false,
    "death_cross": false,
    "top_divergence": false,
    "bottom_divergence": false
  },
  "aapl": {
    "close": 255.77999877929688,
    "change_percent": -2.2733396848946215,
    "pe": 32.377216,
    "rsi": 39.58549422394166,
    "k": 39.74312646136192,
    "d": 63.14965437217397,
    "j": -7.0699293602621935,
    "ma20": 262.0910110473633,
    "ma120": 260.40075238545734,
    "ma240": 234.7287202835083,
    "golden_cross": false,
    "death_cross": false,
    "top_divergence": false,
    "bottom_divergence": false
  },
  "amzn": {
    "close": 198.7899932861328,
    "change_percent": -0.4058180323715659,
    "pe": 27.686628,
    "rsi": 23.095092987729082,
    "k": 9.480899041663344,
    "d": 17.729884734205818,
    "j": -7.017072343421603,
    "ma20": 227.3900001525879,
    "ma120": 229.38408342997232,
    "ma240": 217.95479183197023,
    "golden_cross": false,
    "death_cross": false,
    "top_divergence": false,
    "bottom_divergence": false
  },
  "meta": {
    "close": 639.77001953125,
    "change_percent": -1.5450636439982504,
    "pe": 27.247446,
    "rsi": 42.741351896903396,
    "k": 16.31015099709064,
    "d": 26.523188672960373,
    "j": -4.115924354648826,
    "ma20": 665.8784973144532,
    "ma120": 683.763070678711,
    "ma240": 668.1464632670085,
    "golden_cross": false,
    "death_cross": false,
    "top_divergence": false,
    "bottom_divergence": false
  },
  "btc": {
    "close": 68523.71875,
    "change_percent": -0.3844682635372534,
    "pe": null,
    "rsi": 35.85321852099768,
    "k": 53.64797398966878,
    "d": 50.90462774573396,
    "j": 59.13466647753842,
    "ma20": 73084.1251953125,
    "ma120": 90861.71357421875,
    "ma240": 102497.05411783855,
    "golden_cross": false,
    "death_cross": false,
    "top_divergence": false,
    "bottom_divergence": false
  },
  "gld": {
    "close": 462.6199951171875,
    "change_percent": 2.487866391438988,
    "pe": null,
    "rsi": 56.04306600010665,
    "k": 66.81646980467931,
    "d": 57.35601284350416,
    "j": 85.73738372702962,
    "ma20": 456.5960037231445,
    "ma120": 386.66741739908855,
    "ma240": 343.36574999491376,
    "golden_cross": false,
    "death_cross": false,
    "top_divergence": false,
    "bottom_divergence": false
  }
}