{
  "twii": {
    "close": 28707.130859375,
    "change_percent": -0.36014077792848515,
    "pe": null,
    "rsi": 63.07166346653146,
    "k": 85.7998628666454,
    "d": 73.40230699489862,
    "j": 110.59497461013893,
    "ma20": 28062.178515625,
    "ma120": 25945.514794921874,
    "ma240": 23906.605126953124,
    "golden_cross": false,
    "death_cross": false,
    "top_divergence": false,
    "bottom_divergence": false
  },
  "tsmc": {
    "close": 1520.0,
    "change_percent": -0.6535947712418301,
    "pe": 25.086647,
    "rsi": 62.32883985100589,
    "k": 85.82504191050353,
    "d": 71.80596820128586,
    "j": 113.86318932893889,
    "ma20": 1468.294854736328,
    "ma120": 1314.763028971354,
    "ma240": 1152.7528689066569,
    "golden_cross": false,
    "death_cross": false,
    "top_divergence": false,
    "bottom_divergence": false
  },
  "etf0050": {
    "close": 65.1500015258789,
    "change_percent": -0.1532543664691092,
    "pe": 23.100994,
    "rsi": 65.89239153527868,
    "k": 86.66923257482814,
    "d": 73.40648470018354,
    "j": 113.19472832411736,
    "ma20": 63.2100004196167,
    "ma120": 57.744273853302005,
    "ma240": 51.680568265914914,
    "golden_cross": false,
    "death_cross": false,
    "top_divergence": false,
    "bottom_divergence": false
  },
  "etf00631l": {
    "close": 360.3500061035156,
    "change_percent": -0.22151122981828117,
    "pe": null,
    "rsi": 63.87760386681604,
    "k": 87.07384409483406,
    "d": 75.10128635710105,
    "j": 111.0189595703001,
    "ma20": 343.32249755859374,
    "ma120": 296.78124910990397,
    "ma240": 252.31083285013835,
    "golden_cross": false,
    "death_cross": false,
    "top_divergence": false,
    "bottom_divergence": false
  },
  "etf00675l": {
    "close": 143.14999389648438,
    "change_percent": -0.20913423362849967,
    "pe": null,
    "rsi": 64.33672867651542,
    "k": 87.14138927521348,
    "d": 75.12027235010328,
    "j": 111.18362312543388,
    "ma20": 136.24500122070313,
    "ma120": 117.94125010172526,
    "ma240": 100.37041664123535,
    "golden_cross": false,
    "death_cross": false,
    "top_divergence": false,
    "bottom_divergence": false
  },
  "nasdaq": {
    "close": 23474.349609375,
    "change_percent": -0.5033251330520949,
    "pe": null,
    "rsi": 54.444356394358906,
    "k": 81.28748568509894,
    "d": 71.45754638282735,
    "j": 100.94736428964214,
    "ma20": 23382.0060546875,
    "ma120": 22365.039908854167,
    "ma240": 20515.438810221352,
    "golden_cross": false,
    "death_cross": false,
    "top_divergence": false,
    "bottom_divergence": false
  },
  "tqqq": {
    "close": 54.4900016784668,
    "change_percent": -1.482552295180729,
    "pe": 34.06353,
    "rsi": 52.4448402988414,
    "k": 79.02766854102995,
    "d": 67.5838444440381,
    "j": 101.91531673501365,
    "ma20": 54.29241886138916,
    "ma120": 49.93145939509074,
    "ma240": 42.22998508612315,
    "golden_cross": false,
    "death_cross": false,
    "top_divergence": false,
    "bottom_divergence": false
  },
  "qld": {
    "close": 71.95999908447266,
    "change_percent": -0.9906455939459473,
    "pe": 34.15492,
    "rsi": 52.99899128222651,
    "k": 79.9242441309729,
    "d": 68.62017481969127,
    "j": 102.53238275353613,
    "ma20": 71.6866611480713,
    "ma120": 67.17071030934652,
    "ma240": 58.98068364461263,
    "golden_cross": false,
    "death_cross": false,
    "top_divergence": false,
    "bottom_divergence": false
  },
  "nvda": {
    "close": 188.22000122070312,
    "change_percent": -1.2124062212741462,
    "pe": 46.47407,
    "rsi": 55.68429569731448,
    "k": 81.55429095755859,
    "d": 71.88871893901981,
    "j": 100.88543499463617,
    "ma20": 181.86599578857422,
    "ma120": 181.18414382934571,
    "ma240": 154.09884595870972,
    "golden_cross": false,
    "death_cross": false,
    "top_divergence": false,
    "bottom_divergence": false
  },
  "msft": {
    "close": 487.1000061035156,
    "change_percent": -0.12507132563403398,
    "pe": 34.595173,
    "rsi": 49.70530756492775,
    "k": 82.32510422010421,
    "d": 72.3233359193272,
    "j": 102.32864082165821,
    "ma20": 483.69500122070315,
    "ma120": 505.4495730082194,
    "ma240": 464.134929784139,
    "golden_cross": false,
    "death_cross": false,
    "top_divergence": false,
    "bottom_divergence": false
  },
  "goog": {
    "close": 314.3900146484375,
    "change_percent": -0.18096800295408924,
    "pe": 31.066208,
    "rsi": 57.59975306721113,
    "k": 79.1518009812844,
    "d": 63.909051823307166,
    "j": 109.63729929723885,
    "ma20": 313.4060913085938,
    "ma120": 250.55481287638347,
    "ma240": 211.4858938217163,
    "golden_cross": false,
    "death_cross": false,
    "top_divergence": false,
    "bottom_divergence": false
  },
  "tsla": {
    "close": 459.6400146484375,
    "change_percent": -3.272372674735756,
    "pe": 312.68027,
    "rsi": 50.58495625108992,
    "k": 41.398469615789175,
    "d": 62.22308240687409,
    "j": -0.2507559663806518,
    "ma20": 462.4620025634766,
    "ma120": 398.7025001525879,
    "ma240": 354.80858351389566,
    "golden_cross": false,
    "death_cross": false,
    "top_divergence": false,
    "bottom_divergence": false
  },
  "smh": {
    "close": 364.2099914550781,
    "change_percent": -0.45099053259373567,
    "pe": 41.10796,
    "rsi": 56.91674382293163,
    "k": 80.6748937142976,
    "d": 66.46776513885884,
    "j": 109.08915086517513,
    "ma20": 359.36949310302737,
    "ma120": 323.96299133300784,
    "ma240": 280.14124660491944,
    "golden_cross": false,
    "death_cross": false,
    "top_divergence": false,
    "bottom_divergence": false
  },
  "aapl": {
    "close": 273.760009765625,
    "change_percent": 0.13168100847761374,
    "pe": 36.647926,
    "rsi": 49.96658717816593,
    "k": 53.58146233875405,
    "d": 42.71387016583974,
    "j": 75.31664668458268,
    "ma20": 276.68999938964845,
    "ma120": 248.36686007181802,
    "ma240": 231.19579582214357,
    "golden_cross": false,
    "death_cross": false,
    "top_divergence": false,
    "bottom_divergence": false
  },
  "amzn": {
    "close": 232.07000732421875,
    "change_percent": -0.1935304231780818,
    "pe": 32.77825,
    "rsi": 54.51224002200101,
    "k": 84.83347066204325,
    "d": 70.09747908097233,
    "j": 114.3054538241851,
    "ma20": 229.02000045776367,
    "ma120": 227.80325012207032,
    "ma240": 217.43095855712892,
    "golden_cross": false,
    "death_cross": false,
    "top_divergence": false,
    "bottom_divergence": false
  },
  "meta": {
    "close": 658.6900024414062,
    "change_percent": -0.6935089837506739,
    "pe": 29.158478,
    "rsi": 52.20326102200884,
    "k": 48.278518268018956,
    "d": 41.16803622390653,
    "j": 62.4994823562438,
    "ma20": 656.0687957763672,
    "ma120": 705.2682723999023,
    "ma240": 670.452100499471,
    "golden_cross": false,
    "death_cross": false,
    "top_divergence": false,
    "bottom_divergence": false
  },
  "btc": {
    "close": 87278.7578125,
    "change_percent": -0.634226473800957,
    "pe": null,
    "rsi": 42.85567271875657,
    "k": 36.667928307215846,
    "d": 43.548560368959656,
    "j": 22.906664183728225,
    "ma20": 88259.232421875,
    "ma120": 103340.97799479167,
    "ma240": 106814.59967447916,
    "golden_cross": false,
    "death_cross": false,
    "top_divergence": false,
    "bottom_divergence": false
  },
  "gld": {
    "close": 398.6000061035156,
    "change_percent": -4.352830195311333,
    "pe": null,
    "rsi": 54.31823572219191,
    "k": 66.81827211141997,
    "d": 81.18829630481633,
    "j": 38.078223724627264,
    "ma20": 396.2850006103516,
    "ma120": 351.67016626993814,
    "ma240": 319.6630828221639,
    "golden_cross": false,
    "death_cross": true,
    "top_divergence": false,
    "bottom_divergence": false
  }
}