{
  "twii": {
    "close": 31624.029296875,
    "change_percent": -1.3713951210479125,
    "pe": null,
    "rsi": 59.268491126238665,
    "k": 57.46844600339848,
    "d": 75.74011650359398,
    "j": 20.925105003007502,
    "ma20": 31393.019921875,
    "ma120": 27456.906770833335,
    "ma240": 24671.566064453124,
    "golden_cross": false,
    "death_cross": false,
    "top_divergence": false,
    "bottom_divergence": false
  },
  "tsmc": {
    "close": 1765.0,
    "change_percent": -2.21606648199446,
    "pe": 26.645533,
    "rsi": 62.5058321051357,
    "k": 64.95591358196559,
    "d": 78.51272447005326,
    "j": 37.84229180579024,
    "ma20": 1734.25,
    "ma120": 1424.0257436116538,
    "ma240": 1210.7341588338215,
    "golden_cross": false,
    "death_cross": false,
    "top_divergence": false,
    "bottom_divergence": false
  },
  "etf0050": {
    "close": 71.5,
    "change_percent": -1.5151494452347651,
    "pe": 24.554451,
    "rsi": 60.53240660208726,
    "k": 58.43868373691329,
    "d": 77.58315544434899,
    "j": 20.149740322041907,
    "ma20": 71.06230773925782,
    "ma120": 60.87706343332926,
    "ma240": 53.103777440388996,
    "golden_cross": false,
    "death_cross": false,
    "top_divergence": false,
    "bottom_divergence": false
  },
  "etf00631l": {
    "close": 427.20001220703125,
    "change_percent": -3.989212161599197,
    "pe": null,
    "rsi": 56.49805721509439,
    "k": 57.088524132478604,
    "d": 77.8055236163772,
    "j": 15.654525164681417,
    "ma20": 426.6425033569336,
    "ma120": 332.0537498474121,
    "ma240": 269.52104161580405,
    "golden_cross": false,
    "death_cross": false,
    "top_divergence": false,
    "bottom_divergence": false
  },
  "etf00675l": {
    "close": 169.5,
    "change_percent": -3.9932047181505945,
    "pe": null,
    "rsi": 56.61644063778933,
    "k": 57.5258151687781,
    "d": 78.09657416290757,
    "j": 16.384297180519155,
    "ma20": 169.26749954223632,
    "ma120": 131.88250013987223,
    "ma240": 107.15729166666667,
    "golden_cross": false,
    "death_cross": false,
    "top_divergence": false,
    "bottom_divergence": false
  },
  "nasdaq": {
    "close": 23461.8203125,
    "change_percent": -0.9427811057196465,
    "pe": null,
    "rsi": 49.43266555579355,
    "k": 67.01014375722212,
    "d": 67.75805525109911,
    "j": 65.51432076946816,
    "ma20": 23520.72236328125,
    "ma120": 22831.413639322916,
    "ma240": 20864.48289388021,
    "golden_cross": false,
    "death_cross": true,
    "top_divergence": false,
    "bottom_divergence": false
  },
  "tqqq": {
    "close": 54.0,
    "change_percent": -3.6402585335470765,
    "pe": 34.01791,
    "rsi": 48.41798737923876,
    "k": 66.14036302585164,
    "d": 67.64901214550778,
    "j": 63.12306478653937,
    "ma20": 54.518999862670896,
    "ma120": 51.92755498886108,
    "ma240": 43.39003410339355,
    "golden_cross": false,
    "death_cross": true,
    "top_divergence": false,
    "bottom_divergence": false
  },
  "qld": {
    "close": 71.70999908447266,
    "change_percent": -2.4619119168097092,
    "pe": 33.83446,
    "rsi": 48.84795398762961,
    "k": 67.00786402182754,
    "d": 68.64102266088321,
    "j": 63.74154674371621,
    "ma20": 72.09199981689453,
    "ma120": 69.20107825597127,
    "ma240": 60.39587971369426,
    "golden_cross": false,
    "death_cross": true,
    "top_divergence": false,
    "bottom_divergence": false
  },
  "nvda": {
    "close": 191.1300048828125,
    "change_percent": -0.7168405087531363,
    "pe": 47.66334,
    "rsi": 57.3330361566679,
    "k": 81.46005481039033,
    "d": 72.52358781738474,
    "j": 99.33298879640154,
    "ma20": 186.72200088500978,
    "ma120": 183.5811284383138,
    "ma240": 159.17330656051635,
    "golden_cross": false,
    "death_cross": false,
    "top_divergence": false,
    "bottom_divergence": false
  },
  "msft": {
    "close": 430.2900085449219,
    "change_percent": -0.7404824579188293,
    "pe": 26.960527,
    "rsi": 32.63822602664294,
    "k": 42.965304191266114,
    "d": 51.32119199977587,
    "j": 26.2535285742466,
    "ma20": 465.04550018310545,
    "ma120": 497.0974868774414,
    "ma240": 468.4135112762451,
    "golden_cross": false,
    "death_cross": true,
    "top_divergence": false,
    "bottom_divergence": false
  },
  "goog": {
    "close": 338.5299987792969,
    "change_percent": -0.03838802380165611,
    "pe": 33.45158,
    "rsi": 65.68905500984921,
    "k": 78.63953302306396,
    "d": 71.1792275240517,
    "j": 93.56014402108849,
    "ma20": 329.280500793457,
    "ma120": 275.72653376261394,
    "ma240": 223.67247053782145,
    "golden_cross": false,
    "death_cross": false,
    "top_divergence": false,
    "bottom_divergence": false
  },
  "tsla": {
    "close": 430.4100036621094,
    "change_percent": 3.324852646602839,
    "pe": 398.52777,
    "rsi": 45.67850252976057,
    "k": 36.402442994926474,
    "d": 42.13769673694959,
    "j": 24.931935510880237,
    "ma20": 436.99950103759767,
    "ma120": 420.7132504781087,
    "ma240": 359.43658351898193,
    "golden_cross": false,
    "death_cross": false,
    "top_divergence": false,
    "bottom_divergence": false
  },
  "smh": {
    "close": 403.4599914550781,
    "change_percent": -3.3675028570029375,
    "pe": 44.956566,
    "rsi": 59.22490415484243,
    "k": 71.53978740505694,
    "d": 76.92553200088506,
    "j": 60.768298213400726,
    "ma20": 394.8990005493164,
    "ma120": 342.9553649902344,
    "ma240": 293.22859242757164,
    "golden_cross": false,
    "death_cross": true,
    "top_divergence": false,
    "bottom_divergence": false
  },
  "aapl": {
    "close": 259.4800109863281,
    "change_percent": 0.46461677741321106,
    "pe": 32.8872,
    "rsi": 48.44444902293421,
    "k": 72.23133558388167,
    "d": 57.02512827706586,
    "j": 102.6437501975133,
    "ma20": 257.64949798583984,
    "ma120": 257.14318504333494,
    "ma240": 233.74638252258302,
    "golden_cross": false,
    "death_cross": false,
    "top_divergence": false,
    "bottom_divergence": false
  },
  "amzn": {
    "close": 239.3000030517578,
    "change_percent": -1.0052507834071887,
    "pe": 34.136948,
    "rsi": 52.88302657365299,
    "k": 65.88229988000606,
    "d": 62.52636428819621,
    "j": 72.59417106362575,
    "ma20": 239.08449783325196,
    "ma120": 230.1983331044515,
    "ma240": 217.92525018056233,
    "golden_cross": false,
    "death_cross": false,
    "top_divergence": false,
    "bottom_divergence": false
  },
  "meta": {
    "close": 716.5,
    "change_percent": -2.954043373476446,
    "pe": 30.48936,
    "rsi": 65.6478408813847,
    "k": 84.24922731290009,
    "d": 75.72922232996766,
    "j": 101.28923727876497,
    "ma20": 651.9799957275391,
    "ma120": 691.6579020182292,
    "ma240": 668.3675467173258,
    "golden_cross": false,
    "death_cross": false,
    "top_divergence": false,
    "bottom_divergence": false
  },
  "btc": {
    "close": 76605.1484375,
    "change_percent": -0.4797655553096,
    "pe": null,
    "rsi": 22.960311605830324,
    "k": 17.45481422439013,
    "d": 22.35922565952196,
    "j": 7.6459913541264655,
    "ma20": 88453.798046875,
    "ma120": 96099.55618489583,
    "ma240": 104634.56070963542,
    "golden_cross": false,
    "death_cross": false,
    "top_divergence": false,
    "bottom_divergence": false
  },
  "gld": {
    "close": 444.95001220703125,
    "change_percent": -10.274245274560052,
    "pe": null,
    "rsi": 53.935915224669465,
    "k": 67.5361845427504,
    "d": 84.31247863815436,
    "j": 33.98359635194251,
    "ma20": 436.83300323486327,
    "ma120": 374.4620834350586,
    "ma240": 335.63358306884766,
    "golden_cross": false,
    "death_cross": false,
    "top_divergence": false,
    "bottom_divergence": false
  }
}