{
  "twii": {
    "close": 28310.470703125,
    "change_percent": 0.5713397207002532,
    "pe": null,
    "rsi": 59.182630689337344,
    "k": 52.80421704246559,
    "d": 43.72482305900526,
    "j": 70.96300500938625,
    "ma20": 27836.53134765625,
    "ma120": 25742.226790364584,
    "ma240": 23812.936954752604,
    "golden_cross": false,
    "death_cross": false,
    "top_divergence": false,
    "bottom_divergence": false
  },
  "tsmc": {
    "close": 1490.0,
    "change_percent": 1.7064846416382253,
    "pe": 24.567188,
    "rsi": 58.71418566931765,
    "k": 45.85436418599067,
    "d": 38.27476807963262,
    "j": 61.013556398706754,
    "ma20": 1450.8438598632813,
    "ma120": 1300.2075958251953,
    "ma240": 1145.2343823750814,
    "golden_cross": true,
    "death_cross": false,
    "top_divergence": false,
    "bottom_divergence": false
  },
  "etf0050": {
    "close": 63.70000076293945,
    "change_percent": 1.920001220703125,
    "pe": 22.586851,
    "rsi": 58.59956912359902,
    "k": 43.295130207953164,
    "d": 41.15696957801961,
    "j": 47.57145146782028,
    "ma20": 62.48000011444092,
    "ma120": 57.07756096522014,
    "ma240": 51.34111485481262,
    "golden_cross": true,
    "death_cross": false,
    "top_divergence": false,
    "bottom_divergence": false
  },
  "etf00631l": {
    "close": 348.1000061035156,
    "change_percent": 3.4780060699500277,
    "pe": null,
    "rsi": 57.780134631901824,
    "k": 47.236209817299894,
    "d": 43.81966571244802,
    "j": 54.069298027003654,
    "ma20": 336.55249786376953,
    "ma120": 291.11874910990394,
    "ma240": 249.93333288828532,
    "golden_cross": true,
    "death_cross": false,
    "top_divergence": false,
    "bottom_divergence": false
  },
  "etf00675l": {
    "close": 138.0500030517578,
    "change_percent": 3.369524445653519,
    "pe": null,
    "rsi": 57.83315033264094,
    "k": 47.09138984677479,
    "d": 43.789341078365894,
    "j": 53.695487383592564,
    "ma20": 133.53500213623047,
    "ma120": 115.70291684468587,
    "ma240": 99.43666664759319,
    "golden_cross": true,
    "death_cross": false,
    "top_divergence": false,
    "bottom_divergence": false
  },
  "nasdaq": {
    "close": 23428.830078125,
    "change_percent": 0.5200485590942674,
    "pe": null,
    "rsi": 54.75168522325306,
    "k": 49.81380664147831,
    "d": 42.948273559074245,
    "j": 63.54487280628642,
    "ma20": 23293.775,
    "ma120": 22263.380078125,
    "ma240": 20442.64881998698,
    "golden_cross": true,
    "death_cross": false,
    "top_divergence": false,
    "bottom_divergence": false
  },
  "tqqq": {
    "close": 54.25,
    "change_percent": 1.363975216727476,
    "pe": 33.913498,
    "rsi": 52.3483478043283,
    "k": 43.98643576307982,
    "d": 39.052053493263,
    "j": 53.855200302713456,
    "ma20": 53.905999946594235,
    "ma120": 49.56936098734538,
    "ma240": 42.01773124535878,
    "golden_cross": true,
    "death_cross": false,
    "top_divergence": false,
    "bottom_divergence": false
  },
  "qld": {
    "close": 71.66999816894531,
    "change_percent": 0.8726180021918535,
    "pe": 34.017277,
    "rsi": 52.89636191711752,
    "k": 45.339375012172596,
    "d": 39.9097927254311,
    "j": 56.198539585655595,
    "ma20": 71.25900001525879,
    "ma120": 66.75327383677164,
    "ma240": 58.67973486582438,
    "golden_cross": true,
    "death_cross": false,
    "top_divergence": false,
    "bottom_divergence": false
  },
  "nvda": {
    "close": 183.69000244140625,
    "change_percent": 1.4917933953784899,
    "pe": 45.467823,
    "rsi": 52.435648208564544,
    "k": 54.33584882486234,
    "d": 40.30542487841993,
    "j": 82.39669671774715,
    "ma20": 179.91699752807617,
    "ma120": 180.21596247355143,
    "ma240": 153.2000626564026,
    "golden_cross": false,
    "death_cross": false,
    "top_divergence": false,
    "bottom_divergence": false
  },
  "msft": {
    "close": 484.9200134277344,
    "change_percent": -0.20579518693743187,
    "pe": 34.48933,
    "rsi": 47.972421028860595,
    "k": 58.09043795718057,
    "d": 46.97413938420613,
    "j": 80.32303510312944,
    "ma20": 482.63600158691406,
    "ma120": 505.7829818725586,
    "ma240": 462.94498914082845,
    "golden_cross": false,
    "death_cross": false,
    "top_divergence": false,
    "bottom_divergence": false
  },
  "goog": {
    "close": 311.3299865722656,
    "change_percent": 0.881371747451578,
    "pe": 30.763832,
    "rsi": 55.989080173759376,
    "k": 38.40023939006113,
    "d": 31.737992073806897,
    "j": 51.7247340225696,
    "ma20": 314.4547805786133,
    "ma120": 245.96424776713053,
    "ma240": 209.43675594329835,
    "golden_cross": false,
    "death_cross": false,
    "top_divergence": false,
    "bottom_divergence": false
  },
  "tsla": {
    "close": 488.7300109863281,
    "change_percent": 1.5648376118613174,
    "pe": 332.4694,
    "rsi": 63.86007146758166,
    "k": 78.92247861288268,
    "d": 78.67517267260816,
    "j": 79.41709049343174,
    "ma20": 451.8690017700195,
    "ma120": 392.8457501729329,
    "ma240": 353.4900833765666,
    "golden_cross": true,
    "death_cross": false,
    "top_divergence": true,
    "bottom_divergence": false
  },
  "smh": {
    "close": 359.70001220703125,
    "change_percent": 1.288282212469201,
    "pe": 40.598923,
    "rsi": 54.775217645504185,
    "k": 41.34433617166056,
    "d": 37.626053934389894,
    "j": 48.780900646201886,
    "ma20": 355.24159545898436,
    "ma120": 321.2243896484375,
    "ma240": 278.1788326263428,
    "golden_cross": true,
    "death_cross": false,
    "top_divergence": false,
    "bottom_divergence": false
  },
  "aapl": {
    "close": 270.9700012207031,
    "change_percent": -0.986594100396103,
    "pe": 36.371815,
    "rsi": 44.05729414304032,
    "k": 32.038917808508984,
    "d": 28.98031518658606,
    "j": 38.15612305235483,
    "ma20": 277.4880004882813,
    "ma120": 246.27973861694335,
    "ma240": 230.56927630106608,
    "golden_cross": false,
    "death_cross": false,
    "top_divergence": false,
    "bottom_divergence": false
  },
  "amzn": {
    "close": 228.42999267578125,
    "change_percent": 0.4750325679665441,
    "pe": 32.264122,
    "rsi": 49.98228033094376,
    "k": 45.490069331647035,
    "d": 33.92612316093092,
    "j": 68.61796167307928,
    "ma20": 228.4809997558594,
    "ma120": 227.4671666463216,
    "ma240": 217.21504185994465,
    "golden_cross": false,
    "death_cross": false,
    "top_divergence": false,
    "bottom_divergence": true
  },
  "meta": {
    "close": 661.5,
    "change_percent": 0.4144056936125488,
    "pe": 29.24403,
    "rsi": 54.51946880132269,
    "k": 29.949351191027652,
    "d": 31.6310543001652,
    "j": 26.58594497275255,
    "ma20": 649.7836730957031,
    "ma120": 707.2019058227539,
    "ma240": 669.481493250529,
    "golden_cross": false,
    "death_cross": false,
    "top_divergence": false,
    "bottom_divergence": false
  },
  "btc": {
    "close": 87521.1328125,
    "change_percent": -1.0949063639065213,
    "pe": null,
    "rsi": 42.986671018103905,
    "k": 51.43853574087349,
    "d": 43.792231275377766,
    "j": 66.73114467186495,
    "ma20": 89238.310546875,
    "ma120": 104474.87291666666,
    "ma240": 107013.79677734376,
    "golden_cross": false,
    "death_cross": false,
    "top_divergence": false,
    "bottom_divergence": false
  },
  "gld": {
    "close": 408.2300109863281,
    "change_percent": 2.3081605499068574,
    "pe": null,
    "rsi": 78.19256927078615,
    "k": 86.69253584415274,
    "d": 81.04017948520811,
    "j": 97.99724856204199,
    "ma20": 390.8035003662109,
    "ma120": 348.19749959309894,
    "ma240": 316.9377911885579,
    "golden_cross": false,
    "death_cross": false,
    "top_divergence": false,
    "bottom_divergence": false
  }
}