{
  "twii": {
    "close": 32536.26953125,
    "change_percent": -0.8156086050381423,
    "pe": null,
    "rsi": 74.67257807803772,
    "k": 87.58623145236683,
    "d": 90.1068204765248,
    "j": 82.54505340405086,
    "ma20": 31181.3734375,
    "ma120": 27326.383854166666,
    "ma240": 24600.167065429687,
    "golden_cross": false,
    "death_cross": true,
    "top_divergence": false,
    "bottom_divergence": false
  },
  "tsmc": {
    "close": 1805.0,
    "change_percent": -0.8241758241758242,
    "pe": 27.245283,
    "rsi": 71.19686168752357,
    "k": 84.2759756361063,
    "d": 85.29112991409708,
    "j": 82.24566708012472,
    "ma20": 1725.25,
    "ma120": 1419.0790222167968,
    "ma240": 1207.8896448771159,
    "golden_cross": false,
    "death_cross": true,
    "top_divergence": false,
    "bottom_divergence": false
  },
  "etf0050": {
    "close": 73.75,
    "change_percent": -0.60646491475745,
    "pe": 25.327143,
    "rsi": 78.99911865251235,
    "k": 90.74380744819516,
    "d": 92.15639860884518,
    "j": 87.91862512689508,
    "ma20": 70.58485298156738,
    "ma120": 60.53823026021322,
    "ma240": 52.90151054064433,
    "golden_cross": false,
    "death_cross": true,
    "top_divergence": false,
    "bottom_divergence": false
  },
  "etf00631l": {
    "close": 458.75,
    "change_percent": -1.1208130337780478,
    "pe": null,
    "rsi": 78.91752527785727,
    "k": 91.82756409466117,
    "d": 92.78910488336118,
    "j": 89.90448251726116,
    "ma20": 421.60750274658204,
    "ma120": 329.0016662597656,
    "ma240": 267.89937483469646,
    "golden_cross": false,
    "death_cross": true,
    "top_divergence": false,
    "bottom_divergence": false
  },
  "etf00675l": {
    "close": 182.0,
    "change_percent": -1.0331669165545836,
    "pe": null,
    "rsi": 79.57617532809614,
    "k": 92.0991649921676,
    "d": 92.94969587393828,
    "j": 90.39810322862621,
    "ma20": 167.25749969482422,
    "ma120": 130.67500012715658,
    "ma240": 106.5172916730245,
    "golden_cross": false,
    "death_cross": true,
    "top_divergence": false,
    "bottom_divergence": false
  },
  "nasdaq": {
    "close": 23857.44921875,
    "change_percent": 0.16941445447504194,
    "pe": null,
    "rsi": 59.915374999808925,
    "k": 76.7707690475315,
    "d": 64.65671833120325,
    "j": 100.998870480188,
    "ma20": 23496.42890625,
    "ma120": 22794.29513346354,
    "ma240": 20834.589021809898,
    "golden_cross": false,
    "death_cross": false,
    "top_divergence": false,
    "bottom_divergence": false
  },
  "tqqq": {
    "close": 57.060001373291016,
    "change_percent": 0.9197036599638015,
    "pe": 35.94559,
    "rsi": 59.684315051690305,
    "k": 76.83703980132103,
    "d": 64.68632318834268,
    "j": 101.13847302727771,
    "ma20": 54.35799980163574,
    "ma120": 51.76656401952108,
    "ma240": 43.3005975484848,
    "golden_cross": false,
    "death_cross": false,
    "top_divergence": false,
    "bottom_divergence": false
  },
  "qld": {
    "close": 74.36000061035156,
    "change_percent": 0.5408349524478071,
    "pe": 35.084793,
    "rsi": 60.01171114311409,
    "k": 77.66790814973587,
    "d": 65.85299893657437,
    "j": 101.29772657605886,
    "ma20": 71.93150024414062,
    "ma120": 69.03597348531088,
    "ma240": 60.28182260195414,
    "golden_cross": false,
    "death_cross": false,
    "top_divergence": false,
    "bottom_divergence": false
  },
  "nvda": {
    "close": 191.52000427246094,
    "change_percent": 1.5913430575060945,
    "pe": 47.40594,
    "rsi": 58.58934413834452,
    "k": 76.27011711098041,
    "d": 61.011687591513834,
    "j": 106.78697614991356,
    "ma20": 186.24200057983398,
    "ma120": 183.41270586649577,
    "ma240": 158.7167445818583,
    "golden_cross": false,
    "death_cross": false,
    "top_divergence": false,
    "bottom_divergence": false
  },
  "msft": {
    "close": 481.6300048828125,
    "change_percent": 0.21848981228621803,
    "pe": 30.1207,
    "rsi": 56.076200534226196,
    "k": 75.63794226702134,
    "d": 54.71972704822713,
    "j": 117.47437270460978,
    "ma20": 470.41100006103517,
    "ma120": 498.5594312032064,
    "ma240": 468.20177167256674,
    "golden_cross": false,
    "death_cross": false,
    "top_divergence": false,
    "bottom_divergence": false
  },
  "goog": {
    "close": 336.2799987792969,
    "change_percent": 0.38208918784981344,
    "pe": 33.229248,
    "rsi": 64.01608291683657,
    "k": 72.31261860134447,
    "d": 63.0620835311962,
    "j": 90.813688741641,
    "ma20": 326.83849945068357,
    "ma120": 273.4062264760335,
    "ma240": 222.40624809265137,
    "golden_cross": false,
    "death_cross": false,
    "top_divergence": false,
    "bottom_divergence": false
  },
  "tsla": {
    "close": 431.4599914550781,
    "change_percent": 0.12995998294868363,
    "pe": 293.5102,
    "rsi": 44.41269192580275,
    "k": 48.01893641934858,
    "d": 50.646519182996855,
    "j": 42.76377089205204,
    "ma20": 439.8585006713867,
    "ma120": 419.08783365885415,
    "ma240": 358.87329184214275,
    "golden_cross": false,
    "death_cross": true,
    "top_divergence": false,
    "bottom_divergence": false
  },
  "smh": {
    "close": 416.6300048828125,
    "change_percent": 2.3032547287446286,
    "pe": 46.42407,
    "rsi": 71.21539863314631,
    "k": 82.14679092675365,
    "d": 77.0255672541363,
    "j": 92.38923827198835,
    "ma20": 390.0220016479492,
    "ma120": 340.97083536783856,
    "ma240": 291.90340525309244,
    "golden_cross": false,
    "death_cross": false,
    "top_divergence": false,
    "bottom_divergence": false
  },
  "aapl": {
    "close": 256.44000244140625,
    "change_percent": -0.708555639489632,
    "pe": 34.375336,
    "rsi": 42.98642266005459,
    "k": 57.420693060436626,
    "d": 41.62710223426771,
    "j": 89.00787471277445,
    "ma20": 259.00849609375,
    "ma120": 256.5654837290446,
    "ma240": 233.60768814086913,
    "golden_cross": false,
    "death_cross": false,
    "top_divergence": false,
    "bottom_divergence": false
  },
  "amzn": {
    "close": 243.00999450683594,
    "change_percent": -0.6825233852112221,
    "pe": 34.371994,
    "rsi": 58.119265919555914,
    "k": 68.13948603276415,
    "d": 56.71733130691459,
    "j": 90.98379548446329,
    "ma20": 238.20049819946288,
    "ma120": 229.9049165089925,
    "ma240": 217.83366680145264,
    "golden_cross": false,
    "death_cross": false,
    "top_divergence": false,
    "bottom_divergence": false
  },
  "meta": {
    "close": 668.72998046875,
    "change_percent": -0.6300415202694736,
    "pe": 28.49297,
    "rsi": 58.6069935502133,
    "k": 80.85937341284682,
    "d": 64.24260371752153,
    "j": 114.0929128034974,
    "ma20": 645.5414978027344,
    "ma120": 692.2749059041341,
    "ma240": 668.3917743682862,
    "golden_cross": false,
    "death_cross": false,
    "top_divergence": false,
    "bottom_divergence": false
  },
  "btc": {
    "close": 88163.4609375,
    "change_percent": -1.1449395017793593,
    "pe": null,
    "rsi": 42.517433507711836,
    "k": 36.513723915236,
    "d": 30.972358866738922,
    "j": 47.596454012230154,
    "ma20": 91203.867578125,
    "ma120": 97567.54954427083,
    "ma240": 105066.17076822916,
    "golden_cross": false,
    "death_cross": false,
    "top_divergence": false,
    "bottom_divergence": false
  },
  "gld": {
    "close": 494.55999755859375,
    "change_percent": 3.877334849490524,
    "pe": null,
    "rsi": 88.11248053489633,
    "k": 95.95241431048711,
    "d": 92.88232991754408,
    "j": 102.09258309637315,
    "ma20": 429.5505035400391,
    "ma120": 371.8397499084473,
    "ma240": 333.94920806884767,
    "golden_cross": false,
    "death_cross": false,
    "top_divergence": false,
    "bottom_divergence": false
  }
}