{
  "twii": {
    "close": 27793.0390625,
    "change_percent": 0.8299495511413454,
    "pe": null,
    "rsi": 56.01944137982561,
    "k": 79.88083588951955,
    "d": 65.52974440676594,
    "j": 108.58301885502675,
    "ma20": 27390.2556640625,
    "ma120": 25076.48894856771,
    "ma240": 23526.655126953126,
    "golden_cross": false,
    "death_cross": false,
    "top_divergence": false,
    "bottom_divergence": false
  },
  "tsmc": {
    "close": 1450.0,
    "change_percent": 1.3986013986013985,
    "pe": 23.915552,
    "rsi": 53.40020223542909,
    "k": 69.18988820923224,
    "d": 56.025210408304794,
    "j": 95.51924381108712,
    "ma20": 1435.5,
    "ma120": 1255.8975596110026,
    "ma240": 1125.208425394694,
    "golden_cross": false,
    "death_cross": false,
    "top_divergence": false,
    "bottom_divergence": false
  },
  "etf0050": {
    "close": 62.29999923706055,
    "change_percent": 0.9724448406838386,
    "pe": 22.090435,
    "rsi": 53.80941750090893,
    "k": 78.58684208245535,
    "d": 65.61139059231309,
    "j": 104.53774506273987,
    "ma20": 61.752499961853026,
    "ma120": 55.38211170832316,
    "ma240": 50.53074959119161,
    "golden_cross": false,
    "death_cross": false,
    "top_divergence": false,
    "bottom_divergence": false
  },
  "etf00631l": {
    "close": 335.3999938964844,
    "change_percent": 1.5286779778010142,
    "pe": null,
    "rsi": 54.0591292063651,
    "k": 79.21343007703331,
    "d": 67.23426166305315,
    "j": 103.17176690499363,
    "ma20": 328.8625,
    "ma120": 276.82666613260903,
    "ma240": 244.50874970753986,
    "golden_cross": false,
    "death_cross": false,
    "top_divergence": false,
    "bottom_divergence": false
  },
  "etf00675l": {
    "close": 133.10000610351562,
    "change_percent": 1.3709086138012199,
    "pe": null,
    "rsi": 53.96561625275521,
    "k": 79.3064751316185,
    "d": 67.09387057332617,
    "j": 103.73168424820315,
    "ma20": 130.54500160217285,
    "ma120": 110.05750001271566,
    "ma240": 97.31333322525025,
    "golden_cross": false,
    "death_cross": false,
    "top_divergence": false,
    "bottom_divergence": false
  },
  "nasdaq": {
    "close": 23413.669921875,
    "change_percent": 0.5918133438435695,
    "pe": null,
    "rsi": 56.912367473934985,
    "k": 85.88553076944007,
    "d": 71.6774665050683,
    "j": 114.30165929818364,
    "ma20": 23015.18505859375,
    "ma120": 21859.22626953125,
    "ma240": 20227.36671549479,
    "golden_cross": false,
    "death_cross": false,
    "top_divergence": false,
    "bottom_divergence": false
  },
  "tqqq": {
    "close": 55.29999923706055,
    "change_percent": 2.3126734831531883,
    "pe": 18.104815,
    "rsi": 56.042956792431774,
    "k": 85.1410045477475,
    "d": 69.1382566158937,
    "j": 117.1465004114551,
    "ma20": 52.78625011444092,
    "ma120": 47.757992362976076,
    "ma240": 41.282892020543414,
    "golden_cross": false,
    "death_cross": false,
    "top_divergence": false,
    "bottom_divergence": false
  },
  "qld": {
    "close": 72.47000122070312,
    "change_percent": 1.569730582388534,
    "pe": 17.873455,
    "rsi": 56.64539319385688,
    "k": 85.74596005442135,
    "d": 69.97192482209064,
    "j": 117.29403051908275,
    "ma20": 70.06375007629394,
    "ma120": 64.95442845026652,
    "ma240": 57.77799153327942,
    "golden_cross": false,
    "death_cross": false,
    "top_divergence": false,
    "bottom_divergence": false
  },
  "nvda": {
    "close": 181.4600067138672,
    "change_percent": 0.8559407295434738,
    "pe": 44.475494,
    "rsi": 46.174161237802515,
    "k": 37.858621071773214,
    "d": 34.06910821352646,
    "j": 45.43764678826672,
    "ma20": 186.30900192260742,
    "ma120": 176.66892636617024,
    "ma240": 150.73230152130128,
    "golden_cross": false,
    "death_cross": false,
    "top_divergence": false,
    "bottom_divergence": false
  },
  "msft": {
    "close": 490.0,
    "change_percent": 0.6697641104145234,
    "pe": 34.60452,
    "rsi": 44.76041014353751,
    "k": 58.64171652097215,
    "d": 42.777354829456954,
    "j": 90.37043990400255,
    "ma20": 494.3800354003906,
    "ma120": 506.1130536397298,
    "ma240": 459.8425628662109,
    "golden_cross": false,
    "death_cross": false,
    "top_divergence": false,
    "bottom_divergence": false
  },
  "goog": {
    "close": 316.0199890136719,
    "change_percent": 0.2856035511645916,
    "pe": 31.165678,
    "rsi": 69.0643825842461,
    "k": 75.80521524187677,
    "d": 77.02556286754545,
    "j": 73.3645199905394,
    "ma20": 296.02699890136716,
    "ma120": 229.95806337992352,
    "ma240": 202.6062053044637,
    "golden_cross": false,
    "death_cross": true,
    "top_divergence": true,
    "bottom_divergence": false
  },
  "tsla": {
    "close": 429.239990234375,
    "change_percent": -0.20923987153301907,
    "pe": 294.0,
    "rsi": 52.09500853376883,
    "k": 82.22870678403117,
    "d": 69.50104191160624,
    "j": 107.68403652888105,
    "ma20": 422.86700134277345,
    "ma120": 376.59716618855794,
    "ma240": 351.35758317311604,
    "golden_cross": false,
    "death_cross": false,
    "top_divergence": false,
    "bottom_divergence": false
  },
  "smh": {
    "close": 359.42999267578125,
    "change_percent": 1.8330692932166432,
    "pe": 40.062927,
    "rsi": 59.38067792528157,
    "k": 86.08566281157803,
    "d": 70.29510651484189,
    "j": 117.66677540505034,
    "ma20": 346.1205001831055,
    "ma120": 311.66383260091146,
    "ma240": 272.50897528330484,
    "golden_cross": false,
    "death_cross": false,
    "top_divergence": false,
    "bottom_divergence": false
  },
  "aapl": {
    "close": 286.19000244140625,
    "change_percent": 1.091485789922861,
    "pe": 37.85582,
    "rsi": 75.24943537456684,
    "k": 86.7919865557741,
    "d": 74.84457772402283,
    "j": 110.68680421927667,
    "ma20": 273.0332794189453,
    "ma120": 237.45523109436036,
    "ma240": 229.00236930847169,
    "golden_cross": false,
    "death_cross": false,
    "top_divergence": false,
    "bottom_divergence": false
  },
  "amzn": {
    "close": 234.4199981689453,
    "change_percent": 0.230884759218036,
    "pe": 33.016903,
    "rsi": 53.4155334772494,
    "k": 72.53308451711452,
    "d": 56.07648059727097,
    "j": 105.44629235680162,
    "ma20": 235.17550048828124,
    "ma120": 226.04133377075195,
    "ma240": 217.0342919031779,
    "golden_cross": false,
    "death_cross": false,
    "top_divergence": false,
    "bottom_divergence": false
  },
  "meta": {
    "close": 647.0999755859375,
    "change_percent": 0.9721129895636329,
    "pe": 28.331873,
    "rsi": 51.406185123397094,
    "k": 87.80178013372975,
    "d": 73.14299787956699,
    "j": 117.1193446420553,
    "ma20": 619.1670043945312,
    "ma120": 713.6828552246094,
    "ma240": 666.8182824452718,
    "golden_cross": false,
    "death_cross": false,
    "top_divergence": false,
    "bottom_divergence": false
  },
  "btc": {
    "close": 93119.5234375,
    "change_percent": 1.9368542728678253,
    "pe": null,
    "rsi": 48.59297574243563,
    "k": 74.56775016342966,
    "d": 66.89409214886501,
    "j": 89.91506619255898,
    "ma20": 90209.076953125,
    "ma120": 109011.58515625,
    "ma240": 106802.25501302084,
    "golden_cross": false,
    "death_cross": false,
    "top_divergence": false,
    "bottom_divergence": false
  },
  "gld": {
    "close": 387.239990234375,
    "change_percent": -0.6440050713598461,
    "pe": null,
    "rsi": 61.683480244980295,
    "k": 82.34195984312035,
    "d": 73.04411098674919,
    "j": 100.93765755586267,
    "ma20": 377.2314987182617,
    "ma120": 338.3543327331543,
    "ma240": 308.11858291625975,
    "golden_cross": false,
    "death_cross": false,
    "top_divergence": false,
    "bottom_divergence": false
  }
}