{
  "twii": {
    "close": 27397.5,
    "pe": null,
    "rsi": 48.80011697126061,
    "k": 31.8505306704488,
    "d": 38.817295305349084,
    "ma20": 27865.23095703125,
    "ma120": 24477.319417317707,
    "ma240": 23290.762727864585
  },
  "tsmc": {
    "close": 1430.0,
    "pe": 23.601254,
    "rsi": 47.36286350770044,
    "k": 13.571428571428513,
    "d": 18.015873015872973,
    "ma20": 1474.5,
    "ma120": 1208.1283945719401,
    "ma240": 1103.1820419311523
  },
  "nasdaq": {
    "close": 22870.359375,
    "pe": null,
    "rsi": 45.676741364084336,
    "k": 48.46074159850716,
    "d": 55.076135813678434,
    "ma20": 23312.73779296875,
    "ma120": 21511.87517903646,
    "ma240": 20072.10008951823
  },
  "nvda": {
    "close": 186.86000061035156,
    "pe": 53.23647,
    "rsi": 46.41352036111003,
    "k": 38.12314185893465,
    "d": 44.10704125608209,
    "ma20": 192.52700119018556,
    "ma120": 172.44308484395344,
    "ma240": 148.57804438273112
  },
  "msft": {
    "close": 503.2900085449219,
    "pe": 35.846867,
    "rsi": 41.6747471082601,
    "k": 39.414881259454084,
    "d": 32.867869328267396,
    "ma20": 516.6500015258789,
    "ma120": 504.63951670328777,
    "ma240": 458.22605590820314
  },
  "goog": {
    "close": 279.1199951171875,
    "pe": 27.5538,
    "rsi": 58.079274759443344,
    "k": 62.3531547735651,
    "d": 76.59656508209456,
    "ma20": 273.3509979248047,
    "ma120": 216.91037419637044,
    "ma240": 196.5013800938924
  },
  "tsla": {
    "close": 401.989990234375,
    "pe": 277.23447,
    "rsi": 40.28460351003794,
    "k": 19.322696958357003,
    "d": 27.419795202449013,
    "ma20": 444.4860015869141,
    "ma120": 368.4845825195313,
    "ma240": 350.2953747431437
  },
  "smh": {
    "close": 344.82000732421875,
    "pe": 38.434464,
    "rsi": 48.07603359439223,
    "k": 41.8736464983105,
    "d": 47.101034498995894,
    "ma20": 353.8029983520508,
    "ma120": 302.4904159545898,
    "ma240": 267.7253632863363
  },
  "btc": {
    "close": 97361.2421875,
    "pe": null,
    "rsi": 33.147066363792376,
    "k": 19.707128781590242,
    "d": 29.672091130028434,
    "ma20": 106079.495703125,
    "ma120": 113300.9798828125,
    "ma240": 106334.40462239583
  },
  "gld": {
    "close": 382.8699951171875,
    "pe": null,
    "rsi": 60.270120186018374,
    "k": 90.58416214107808,
    "d": 92.63334409415508,
    "ma20": 374.7354995727539,
    "ma120": 331.11183268229166,
    "ma240": 301.4122913360596
  }
}