{
  "twii": {
    "close": 27626.48046875,
    "change_percent": 0.2611228488056956,
    "pe": null,
    "rsi": 54.426121452430564,
    "k": 65.00255661082383,
    "d": 44.59122602341439,
    "j": 105.8252177856427,
    "ma20": 27463.67431640625,
    "ma120": 24945.657470703125,
    "ma240": 23472.63271484375,
    "golden_cross": false,
    "death_cross": false,
    "top_divergence": false,
    "bottom_divergence": false
  },
  "tsmc": {
    "close": 1440.0,
    "change_percent": 0.34843205574912894,
    "pe": 23.754538,
    "rsi": 51.69792675670338,
    "k": 58.92947564733528,
    "d": 42.05818301010521,
    "j": 92.67206092179543,
    "ma20": 1444.75,
    "ma120": 1245.8932261149089,
    "ma240": 1120.4867721557616,
    "golden_cross": false,
    "death_cross": false,
    "top_divergence": false,
    "bottom_divergence": false
  },
  "etf0050": {
    "close": 62.349998474121094,
    "change_percent": 0.7269740503222033,
    "pe": 22.108164,
    "rsi": 54.18678799967618,
    "k": 68.15855536416713,
    "d": 45.35759012164629,
    "j": 113.76048584920882,
    "ma20": 62.04000015258789,
    "ma120": 55.00709079106649,
    "ma240": 50.3580105304718,
    "golden_cross": false,
    "death_cross": false,
    "top_divergence": false,
    "bottom_divergence": false
  },
  "etf00631l": {
    "close": 336.6000061035156,
    "change_percent": 1.4619460749105124,
    "pe": null,
    "rsi": 54.876413894771424,
    "k": 69.85696964773697,
    "d": 48.24093722141791,
    "j": 113.0890345003751,
    "ma20": 330.92999877929685,
    "ma120": 273.76999944051107,
    "ma240": 243.42833302815754,
    "golden_cross": false,
    "death_cross": false,
    "top_divergence": false,
    "bottom_divergence": false
  },
  "etf00675l": {
    "close": 133.60000610351562,
    "change_percent": 1.5583451191188853,
    "pe": null,
    "rsi": 54.807439744689276,
    "k": 69.29583649474435,
    "d": 47.67902578756259,
    "j": 112.52945790910788,
    "ma20": 131.36750144958495,
    "ma120": 108.84624996185303,
    "ma240": 96.88958317438761,
    "golden_cross": false,
    "death_cross": false,
    "top_divergence": false,
    "bottom_divergence": false
  },
  "nasdaq": {
    "close": 23365.689453125,
    "change_percent": 0.6504502259437868,
    "pe": null,
    "rsi": 56.50373196490008,
    "k": 76.49014069221104,
    "d": 55.71743164232882,
    "j": 118.03555879197549,
    "ma20": 23058.6896484375,
    "ma120": 21797.90361328125,
    "ma240": 20199.912638346355,
    "golden_cross": false,
    "death_cross": false,
    "top_divergence": false,
    "bottom_divergence": false
  },
  "tqqq": {
    "close": 54.540000915527344,
    "change_percent": 2.1922465937011393,
    "pe": 17.855995,
    "rsi": 54.52160414406196,
    "k": 73.03483241412479,
    "d": 51.75641649746067,
    "j": 115.59166424745304,
    "ma20": 53.194750213623045,
    "ma120": 47.47430079778035,
    "ma240": 41.204078642527264,
    "golden_cross": false,
    "death_cross": false,
    "top_divergence": false,
    "bottom_divergence": false
  },
  "qld": {
    "close": 71.80999755859375,
    "change_percent": 1.5125808978462436,
    "pe": 17.710676,
    "rsi": 55.23315213168968,
    "k": 74.00125367354175,
    "d": 52.82313348070137,
    "j": 116.35749405922252,
    "ma20": 70.38025016784668,
    "ma120": 64.67401781082154,
    "ma240": 57.67167148590088,
    "golden_cross": false,
    "death_cross": false,
    "top_divergence": false,
    "bottom_divergence": false
  },
  "nvda": {
    "close": 177.0,
    "change_percent": -1.80849584277132,
    "pe": 43.811882,
    "rsi": 41.48287417905078,
    "k": 31.80759898415476,
    "d": 31.124655479831738,
    "j": 33.173485992800806,
    "ma20": 188.70850219726563,
    "ma120": 176.04712498982747,
    "ma240": 150.3356848080953,
    "golden_cross": false,
    "death_cross": false,
    "top_divergence": false,
    "bottom_divergence": false
  },
  "msft": {
    "close": 492.010009765625,
    "change_percent": 1.3408876963182286,
    "pe": 34.96873,
    "rsi": 45.33848970859965,
    "k": 38.42558351894506,
    "d": 29.65674059199146,
    "j": 55.96326937285226,
    "ma20": 497.18837585449216,
    "ma120": 505.8088180541992,
    "ma240": 459.49063707987466,
    "golden_cross": false,
    "death_cross": false,
    "top_divergence": false,
    "bottom_divergence": true
  },
  "goog": {
    "close": 320.1199951171875,
    "change_percent": -0.04995743184688614,
    "pe": 31.63241,
    "rsi": 73.73474116720972,
    "k": 82.34481112809804,
    "d": 76.88626406839231,
    "j": 93.2619052475095,
    "ma20": 292.76699981689455,
    "ma120": 227.6858933766683,
    "ma240": 201.59429868062338,
    "golden_cross": false,
    "death_cross": false,
    "top_divergence": false,
    "bottom_divergence": false
  },
  "tsla": {
    "close": 430.1700134277344,
    "change_percent": 0.8415835173881451,
    "pe": 294.637,
    "rsi": 52.486210055992665,
    "k": 74.23168002052614,
    "d": 54.47093538334253,
    "j": 113.75316929489337,
    "ma20": 426.1445007324219,
    "ma120": 374.8733327229818,
    "ma240": 351.523708152771,
    "golden_cross": false,
    "death_cross": false,
    "top_divergence": false,
    "bottom_divergence": false
  },
  "smh": {
    "close": 352.2799987792969,
    "change_percent": 1.314315790896439,
    "pe": 39.265972,
    "rsi": 55.485024342922095,
    "k": 73.48784852814104,
    "d": 53.29215522889878,
    "j": 113.87923512662556,
    "ma20": 346.9570007324219,
    "ma120": 310.0934995015462,
    "ma240": 271.62619031270344,
    "golden_cross": false,
    "death_cross": false,
    "top_divergence": false,
    "bottom_divergence": false
  },
  "aapl": {
    "close": 278.8500061035156,
    "change_percent": 0.4683906927485042,
    "pe": 37.32932,
    "rsi": 68.40758912412143,
    "k": 75.30977509348281,
    "d": 61.83105087609566,
    "j": 102.26722352825712,
    "ma20": 271.51365814208987,
    "ma120": 236.0495356241862,
    "ma240": 228.7008382797241,
    "golden_cross": false,
    "death_cross": false,
    "top_divergence": false,
    "bottom_divergence": false
  },
  "amzn": {
    "close": 233.22000122070312,
    "change_percent": 1.771686809963624,
    "pe": 32.89422,
    "rsi": 52.31594801348387,
    "k": 57.19937424741016,
    "d": 37.591032313582375,
    "j": 96.41605811506574,
    "ma20": 236.6715003967285,
    "ma120": 225.72891705830892,
    "ma240": 217.00133355458578,
    "golden_cross": false,
    "death_cross": false,
    "top_divergence": false,
    "bottom_divergence": false
  },
  "meta": {
    "close": 647.9500122070312,
    "change_percent": 2.2632261465248367,
    "pe": 28.657673,
    "rsi": 51.69585397277936,
    "k": 78.99488296467038,
    "d": 57.51353147280368,
    "j": 121.95758594840379,
    "ma20": 619.0715057373047,
    "ma120": 714.5708145141601,
    "ma240": 666.6233707427979,
    "golden_cross": false,
    "death_cross": false,
    "top_divergence": false,
    "bottom_divergence": false
  },
  "btc": {
    "close": 90967.0234375,
    "change_percent": 0.12687220123785098,
    "pe": null,
    "rsi": 40.71551490586728,
    "k": 75.12421934189483,
    "d": 64.2525704144181,
    "j": 96.86751719684827,
    "ma20": 91916.055078125,
    "ma120": 109621.68860677084,
    "ma240": 106680.32180989583,
    "golden_cross": false,
    "death_cross": false,
    "top_divergence": false,
    "bottom_divergence": false
  },
  "gld": {
    "close": 387.8800048828125,
    "change_percent": 1.242433134863928,
    "pe": null,
    "rsi": 63.67283409981018,
    "k": 76.52561844206706,
    "d": 61.24742288345939,
    "j": 107.08200955928237,
    "ma20": 375.2269989013672,
    "ma120": 337.00508270263674,
    "ma240": 306.91933294932045,
    "golden_cross": false,
    "death_cross": false,
    "top_divergence": false,
    "bottom_divergence": false
  }
}