{
  "twii": {
    "close": 27696.349609375,
    "change_percent": 0.8293866411184903,
    "pe": null,
    "rsi": 50.801798281114344,
    "k": 26.863591793380813,
    "d": 38.8849632029205,
    "j": 2.820848974301441,
    "ma20": 27684.3462890625,
    "ma120": 25647.821370442707,
    "ma240": 23771.53073730469,
    "golden_cross": false,
    "death_cross": false,
    "top_divergence": false,
    "bottom_divergence": false
  },
  "tsmc": {
    "close": 1430.0,
    "change_percent": 0.0,
    "pe": 23.585684,
    "rsi": 47.31848810142989,
    "k": 21.922319418479013,
    "d": 36.0866819001874,
    "j": -6.406405544937769,
    "ma20": 1442.1304077148438,
    "ma120": 1293.3272338867187,
    "ma240": 1141.8182195027669,
    "golden_cross": false,
    "death_cross": false,
    "top_divergence": false,
    "bottom_divergence": false
  },
  "etf0050": {
    "close": 62.5,
    "change_percent": 0.969302842214388,
    "pe": 22.161352,
    "rsi": 51.474394564294116,
    "k": 28.502000907895226,
    "d": 40.08788926305284,
    "j": 5.330224197580009,
    "ma20": 62.27250003814697,
    "ma120": 56.94922478993734,
    "ma240": 51.27796796162923,
    "golden_cross": false,
    "death_cross": false,
    "top_divergence": false,
    "bottom_divergence": false
  },
  "etf00631l": {
    "close": 336.3999938964844,
    "change_percent": 2.280328409601764,
    "pe": null,
    "rsi": 51.33328528459332,
    "k": 31.14309713988086,
    "d": 42.11139366002209,
    "j": 9.206504099598405,
    "ma20": 334.55249786376953,
    "ma120": 290.030832417806,
    "ma240": 249.502916208903,
    "golden_cross": false,
    "death_cross": false,
    "top_divergence": false,
    "bottom_divergence": false
  },
  "etf00675l": {
    "close": 133.5500030517578,
    "change_percent": 2.180570902877864,
    "pe": null,
    "rsi": 51.42576290288521,
    "k": 31.496782660031037,
    "d": 42.138316694161446,
    "j": 10.213714591770213,
    "ma20": 132.75250205993652,
    "ma120": 115.2737501780192,
    "ma240": 99.26874996821086,
    "golden_cross": false,
    "death_cross": false,
    "top_divergence": false,
    "bottom_divergence": false
  },
  "nasdaq": {
    "close": 23006.359375,
    "change_percent": 1.3794326180094982,
    "pe": null,
    "rsi": 46.813487859760635,
    "k": 27.06485451654812,
    "d": 40.113789399921544,
    "j": 0.96698474980127,
    "ma20": 23174.50908203125,
    "ma120": 22212.209847005208,
    "ma240": 20411.891365559895,
    "golden_cross": false,
    "death_cross": false,
    "top_divergence": false,
    "bottom_divergence": false
  },
  "tqqq": {
    "close": 51.5099983215332,
    "change_percent": 4.271248442267647,
    "pe": 32.20063,
    "rsi": 44.675554092329264,
    "k": 29.363704509371722,
    "d": 45.5986940164248,
    "j": -3.1062745047344436,
    "ma20": 53.074250030517575,
    "ma120": 49.25675551096598,
    "ma240": 41.86230060259501,
    "golden_cross": false,
    "death_cross": false,
    "top_divergence": false,
    "bottom_divergence": false
  },
  "qld": {
    "close": 69.23999786376953,
    "change_percent": 2.913197265211276,
    "pe": 32.863907,
    "rsi": 45.30603444825619,
    "k": 25.280578748153587,
    "d": 38.049021359947226,
    "j": -0.25630647543368923,
    "ma20": 70.61150016784669,
    "ma120": 66.53427381515503,
    "ma240": 58.549961201349895,
    "golden_cross": false,
    "death_cross": false,
    "top_divergence": false,
    "bottom_divergence": false
  },
  "nvda": {
    "close": 174.13999938964844,
    "change_percent": 1.8720000599854107,
    "pe": 43.103962,
    "rsi": 41.541250896246055,
    "k": 21.452490740757355,
    "d": 31.23354232684212,
    "j": 1.8903875685878262,
    "ma20": 179.6579963684082,
    "ma120": 179.76458892822265,
    "ma240": 152.88677412668864,
    "golden_cross": false,
    "death_cross": false,
    "top_divergence": false,
    "bottom_divergence": false
  },
  "msft": {
    "close": 483.9800109863281,
    "change_percent": 1.6508476749030543,
    "pe": 34.37358,
    "rsi": 47.23764071156133,
    "k": 39.04852202185407,
    "d": 37.306166867520446,
    "j": 42.533232330521315,
    "ma20": 481.6214996337891,
    "ma120": 505.85675354003905,
    "ma240": 462.4164623260498,
    "golden_cross": true,
    "death_cross": false,
    "top_divergence": false,
    "bottom_divergence": true
  },
  "goog": {
    "close": 303.75,
    "change_percent": 1.9090124431366164,
    "pe": 30.044512,
    "rsi": 50.359449510102415,
    "k": 21.241689143850174,
    "d": 27.950288925630012,
    "j": 7.824489580290496,
    "ma20": 312.9200607299805,
    "ma120": 243.76573969523113,
    "ma240": 208.4917532602946,
    "golden_cross": false,
    "death_cross": false,
    "top_divergence": false,
    "bottom_divergence": false
  },
  "tsla": {
    "close": 483.3699951171875,
    "change_percent": 3.447756070467742,
    "pe": 333.3586,
    "rsi": 62.66404515353997,
    "k": 76.54376891596982,
    "d": 78.1719710180063,
    "j": 73.28736471189686,
    "ma20": 439.9400009155273,
    "ma120": 388.7218332926432,
    "ma240": 352.6024165471395,
    "golden_cross": false,
    "death_cross": false,
    "top_divergence": false,
    "bottom_divergence": false
  },
  "smh": {
    "close": 347.25,
    "change_percent": 2.3611631871852796,
    "pe": 39.193703,
    "rsi": 46.34284987213152,
    "k": 23.335324189621694,
    "d": 37.80283001525979,
    "j": -5.599687461654497,
    "ma20": 353.0559997558594,
    "ma120": 320.89091567993165,
    "ma240": 278.19949963887535,
    "golden_cross": false,
    "death_cross": false,
    "top_divergence": false,
    "bottom_divergence": false
  },
  "aapl": {
    "close": 272.19000244140625,
    "change_percent": 0.1287544541755275,
    "pe": 36.486595,
    "rsi": 45.91825575842346,
    "k": 23.792101328471013,
    "d": 24.760958574589626,
    "j": 21.854386836233793,
    "ma20": 277.14299926757815,
    "ma120": 245.23588015238445,
    "ma240": 230.3208443323771,
    "golden_cross": false,
    "death_cross": false,
    "top_divergence": false,
    "bottom_divergence": false
  },
  "amzn": {
    "close": 226.75999450683594,
    "change_percent": 2.481127187765992,
    "pe": 32.073547,
    "rsi": 47.70534450570507,
    "k": 25.712268371986124,
    "d": 24.37162138689547,
    "j": 28.393562342167428,
    "ma20": 227.58349990844727,
    "ma120": 227.3388333638509,
    "ma240": 217.18979187011718,
    "golden_cross": true,
    "death_cross": false,
    "top_divergence": false,
    "bottom_divergence": false
  },
  "meta": {
    "close": 664.4500122070312,
    "change_percent": 2.3017724722142034,
    "pe": 29.413458,
    "rsi": 55.97245551765586,
    "k": 28.816135534651742,
    "d": 34.337255010773774,
    "j": 17.773896582407673,
    "ma20": 642.8919555664063,
    "ma120": 708.1217951456706,
    "ma240": 669.1643960316976,
    "golden_cross": false,
    "death_cross": false,
    "top_divergence": false,
    "bottom_divergence": false
  },
  "btc": {
    "close": 87834.6953125,
    "change_percent": 2.775705465143204,
    "pe": null,
    "rsi": 43.652920699328064,
    "k": 24.372708610119474,
    "d": 26.95194542767579,
    "j": 19.214234975006846,
    "ma20": 89655.72578125,
    "ma120": 105329.75299479166,
    "ma240": 107113.04879557292,
    "golden_cross": false,
    "death_cross": false,
    "top_divergence": false,
    "bottom_divergence": false
  },
  "gld": {
    "close": 398.57000732421875,
    "change_percent": -0.18032036998043785,
    "pe": null,
    "rsi": 70.62750395624016,
    "k": 79.96985529485752,
    "d": 76.99979099974533,
    "j": 85.90998388508191,
    "ma20": 387.8970001220703,
    "ma120": 346.6104161580404,
    "ma240": 315.60654118855797,
    "golden_cross": false,
    "death_cross": false,
    "top_divergence": false,
    "bottom_divergence": false
  }
}