{
  "twii": {
    "close": 33072.96875,
    "change_percent": 2.062513391916722,
    "pe": null,
    "rsi": 68.66396544652847,
    "k": 67.07711501201175,
    "d": 57.15789855198911,
    "j": 86.91554793205701,
    "ma20": 31923.57763671875,
    "ma120": 27855.473177083335,
    "ma240": 24888.184423828126,
    "golden_cross": true,
    "death_cross": false,
    "top_divergence": false,
    "bottom_divergence": false
  },
  "tsmc": {
    "close": 1880.0,
    "change_percent": 3.581267217630854,
    "pe": 28.37736,
    "rsi": 71.79835328762022,
    "k": 69.69587711672659,
    "d": 58.02392909633123,
    "j": 93.03977315751732,
    "ma20": 1773.5,
    "ma120": 1460.6116923014322,
    "ma240": 1232.076485188802,
    "golden_cross": false,
    "death_cross": false,
    "top_divergence": false,
    "bottom_divergence": false
  },
  "etf0050": {
    "close": 75.5,
    "change_percent": 2.0960150314038066,
    "pe": 25.928125,
    "rsi": 71.62523816451503,
    "k": 70.962477244845,
    "d": 60.319727738765785,
    "j": 92.24797625700346,
    "ma20": 72.2529525756836,
    "ma120": 61.918193594614664,
    "ma240": 53.727547073364256,
    "golden_cross": false,
    "death_cross": false,
    "top_divergence": false,
    "bottom_divergence": false
  },
  "etf00631l": {
    "close": 469.3500061035156,
    "change_percent": 3.381058613109168,
    "pe": null,
    "rsi": 66.63574242072102,
    "k": 67.8233555602893,
    "d": 57.948870621086954,
    "j": 87.57232543869398,
    "ma20": 439.4875030517578,
    "ma120": 341.4112497965495,
    "ma240": 274.4943749109904,
    "golden_cross": true,
    "death_cross": false,
    "top_divergence": false,
    "bottom_divergence": false
  },
  "etf00675l": {
    "close": 186.10000610351562,
    "change_percent": 3.360179366405596,
    "pe": null,
    "rsi": 66.78409701560919,
    "k": 68.43728220412063,
    "d": 58.51216545194916,
    "j": 88.28751570846359,
    "ma20": 174.35250015258788,
    "ma120": 135.58083362579345,
    "ma240": 109.11875009536743,
    "golden_cross": true,
    "death_cross": false,
    "top_divergence": false,
    "bottom_divergence": false
  },
  "nasdaq": {
    "close": 23238.669921875,
    "change_percent": 0.900773237403727,
    "pe": null,
    "rsi": 48.201366175008054,
    "k": 37.89928134007417,
    "d": 39.997929689961325,
    "j": 33.701984640299855,
    "ma20": 23403.1263671875,
    "ma120": 22904.901041666668,
    "ma240": 20950.58768717448,
    "golden_cross": false,
    "death_cross": false,
    "top_divergence": false,
    "bottom_divergence": false
  },
  "tqqq": {
    "close": 51.7400016784668,
    "change_percent": 2.273179526408993,
    "pe": 31.684795,
    "rsi": 46.07643845393676,
    "k": 33.39036653520496,
    "d": 37.26872586198217,
    "j": 25.633647881650546,
    "ma20": 53.582500267028806,
    "ma120": 52.15332298278808,
    "ma240": 43.61252011458079,
    "golden_cross": false,
    "death_cross": false,
    "top_divergence": false,
    "bottom_divergence": false
  },
  "qld": {
    "close": 69.83000183105469,
    "change_percent": 1.5118489630556085,
    "pe": 32.210182,
    "rsi": 46.6235292796171,
    "k": 34.54190002007691,
    "d": 38.17826011973848,
    "j": 27.269179820753763,
    "ma20": 71.32150077819824,
    "ma120": 69.46826531092326,
    "ma240": 60.699255323410036,
    "golden_cross": false,
    "death_cross": false,
    "top_divergence": false,
    "bottom_divergence": false
  },
  "nvda": {
    "close": 190.0399932861328,
    "change_percent": 2.497162791960846,
    "pe": 46.923454,
    "rsi": 55.35749294997372,
    "k": 52.76635241788749,
    "d": 47.02480415920772,
    "j": 64.24944893524702,
    "ma20": 184.93450088500975,
    "ma120": 183.5503143310547,
    "ma240": 160.33002128601075,
    "golden_cross": true,
    "death_cross": false,
    "top_divergence": false,
    "bottom_divergence": false
  },
  "msft": {
    "close": 413.6000061035156,
    "change_percent": 3.106145236096221,
    "pe": 25.914787,
    "rsi": 36.10007269605785,
    "k": 15.029958993275837,
    "d": 17.985890301853097,
    "j": 9.118096376121315,
    "ma20": 444.646501159668,
    "ma120": 491.5709815979004,
    "ma240": 468.5020044962565,
    "golden_cross": false,
    "death_cross": false,
    "top_divergence": false,
    "bottom_divergence": false
  },
  "goog": {
    "close": 324.3999938964844,
    "change_percent": 0.40234842723966296,
    "pe": 30.037035,
    "rsi": 45.97825233163496,
    "k": 48.128112401670734,
    "d": 57.41647561373941,
    "j": 29.551385977533386,
    "ma20": 332.9304992675781,
    "ma120": 282.20834210713707,
    "ma240": 227.4321564992269,
    "golden_cross": false,
    "death_cross": false,
    "top_divergence": false,
    "bottom_divergence": false
  },
  "tsla": {
    "close": 417.32000732421875,
    "change_percent": 1.5105500216312484,
    "pe": 382.86237,
    "rsi": 44.41788547286574,
    "k": 37.99336531944239,
    "d": 31.21779638088057,
    "j": 51.544503196566026,
    "ma20": 429.0244995117188,
    "ma120": 424.50383377075195,
    "ma240": 361.2500003178914,
    "golden_cross": false,
    "death_cross": false,
    "top_divergence": false,
    "bottom_divergence": false
  },
  "smh": {
    "close": 406.6499938964844,
    "change_percent": 1.24486495107196,
    "pe": 43.128227,
    "rsi": 57.89011207527063,
    "k": 50.483347361499774,
    "d": 47.55326301315341,
    "j": 56.343516058192506,
    "ma20": 399.1645004272461,
    "ma120": 347.900198618571,
    "ma240": 296.88976860046387,
    "golden_cross": true,
    "death_cross": false,
    "top_divergence": false,
    "bottom_divergence": false
  },
  "aapl": {
    "close": 274.6199951171875,
    "change_percent": -1.166051394653174,
    "pe": 34.71808,
    "rsi": 63.21873460265437,
    "k": 85.24211431670005,
    "d": 83.71196569683704,
    "j": 88.30241155642608,
    "ma20": 260.6814224243164,
    "ma120": 259.0741713205973,
    "ma240": 234.25657354990642,
    "golden_cross": false,
    "death_cross": false,
    "top_divergence": false,
    "bottom_divergence": false
  },
  "amzn": {
    "close": 208.72000122070312,
    "change_percent": -0.7607484061414738,
    "pe": 29.06964,
    "rsi": 27.843685496247744,
    "k": 24.73698857652343,
    "d": 36.137325989319564,
    "j": 1.9363137509311628,
    "ma20": 235.1134994506836,
    "ma120": 230.16058324178059,
    "ma240": 218.08379185994465,
    "golden_cross": false,
    "death_cross": false,
    "top_divergence": false,
    "bottom_divergence": false
  },
  "meta": {
    "close": 677.219970703125,
    "change_percent": 2.382600339695245,
    "pe": 28.817871,
    "rsi": 53.29130335010753,
    "k": 33.37414203776949,
    "d": 45.77016618624713,
    "j": 8.582093740814202,
    "ma20": 659.897998046875,
    "ma120": 686.7601013183594,
    "ma240": 668.2208531697592,
    "golden_cross": false,
    "death_cross": false,
    "top_divergence": false,
    "bottom_divergence": false
  },
  "btc": {
    "close": 68904.28125,
    "change_percent": -1.7348637284328603,
    "pe": null,
    "rsi": 32.15534609617458,
    "k": 40.69826842904065,
    "d": 32.59103581011096,
    "j": 56.91273366690004,
    "ma20": 79233.0314453125,
    "ma120": 92906.54495442708,
    "ma240": 103403.2692545573,
    "golden_cross": false,
    "death_cross": false,
    "top_divergence": false,
    "bottom_divergence": false
  },
  "gld": {
    "close": 467.0299987792969,
    "change_percent": 2.540290594406665,
    "pe": null,
    "rsi": 59.25286090094628,
    "k": 40.809004608819706,
    "d": 43.01722226936943,
    "j": 36.392569287720264,
    "ma20": 449.0505035400391,
    "ma120": 381.5629170735677,
    "ma240": 340.11545817057294,
    "golden_cross": false,
    "death_cross": false,
    "top_divergence": false,
    "bottom_divergence": false
  }
}