{
  "twii": {
    "close": 33605.7109375,
    "change_percent": 1.6108084869157686,
    "pe": null,
    "rsi": 71.98040667175904,
    "k": 76.71315920961084,
    "d": 63.67631877119635,
    "j": 102.78684008643981,
    "ma20": 32056.77421875,
    "ma120": 27932.574934895834,
    "ma240": 24931.18438313802,
    "golden_cross": false,
    "death_cross": false,
    "top_divergence": false,
    "bottom_divergence": false
  },
  "tsmc": {
    "close": 1915.0,
    "change_percent": 1.8617021276595744,
    "pe": 28.901297,
    "rsi": 74.489682936999,
    "k": 77.99544960934925,
    "d": 64.68110260067056,
    "j": 104.62414362670665,
    "ma20": 1783.75,
    "ma120": 1466.7670450846354,
    "ma240": 1235.6484771728515,
    "golden_cross": false,
    "death_cross": false,
    "top_divergence": false,
    "bottom_divergence": false
  },
  "etf0050": {
    "close": 77.19999694824219,
    "change_percent": 2.2516515870757448,
    "pe": 26.511936,
    "rsi": 75.59846764435702,
    "k": 79.38851751432932,
    "d": 66.67599099728696,
    "j": 104.81357054841405,
    "ma20": 72.62468681335449,
    "ma120": 62.124363803863524,
    "ma240": 53.85169428189595,
    "golden_cross": false,
    "death_cross": false,
    "top_divergence": false,
    "bottom_divergence": false
  },
  "etf00631l": {
    "close": 486.1000061035156,
    "change_percent": 3.5687652673228625,
    "pe": null,
    "rsi": 70.44756999857158,
    "k": 77.2615529974486,
    "d": 64.3864314132075,
    "j": 103.0117961659308,
    "ma20": 443.0925033569336,
    "ma120": 343.292916615804,
    "ma240": 275.5156249364217,
    "golden_cross": false,
    "death_cross": false,
    "top_divergence": false,
    "bottom_divergence": false
  },
  "etf00675l": {
    "close": 192.3000030517578,
    "change_percent": 3.3315404325099927,
    "pe": null,
    "rsi": 70.40205499933093,
    "k": 77.54725728376644,
    "d": 64.85719606255492,
    "j": 102.92737972618949,
    "ma20": 175.75750045776368,
    "ma120": 136.3200003306071,
    "ma240": 109.51875009536744,
    "golden_cross": false,
    "death_cross": false,
    "top_divergence": false,
    "bottom_divergence": false
  },
  "nasdaq": {
    "close": 23066.470703125,
    "change_percent": -0.1558274890275281,
    "pe": null,
    "rsi": 45.355047120932504,
    "k": 43.57440748030084,
    "d": 41.36029931514827,
    "j": 48.002623810605996,
    "ma20": 23339.3849609375,
    "ma120": 22935.5771484375,
    "ma240": 20986.209611002603,
    "golden_cross": false,
    "death_cross": false,
    "top_divergence": false,
    "bottom_divergence": false
  },
  "tqqq": {
    "close": 51.400001525878906,
    "change_percent": 0.7448080452876789,
    "pe": 31.476583,
    "rsi": 45.53183317831585,
    "k": 40.138472501972615,
    "d": 37.780073526232286,
    "j": 44.85527045345327,
    "ma20": 53.12900047302246,
    "ma120": 52.27097142537435,
    "ma240": 43.72983701229096,
    "golden_cross": true,
    "death_cross": false,
    "top_divergence": false,
    "bottom_divergence": false
  },
  "qld": {
    "close": 69.5199966430664,
    "change_percent": 0.4914662277981918,
    "pe": 32.06719,
    "rsi": 46.034137472395386,
    "k": 41.58441219425463,
    "d": 38.964128856791795,
    "j": 46.8249788691803,
    "ma20": 70.9425006866455,
    "ma120": 69.59702577590943,
    "ma240": 60.84003856976827,
    "golden_cross": true,
    "death_cross": false,
    "top_divergence": false,
    "bottom_divergence": false
  },
  "nvda": {
    "close": 190.0500030517578,
    "change_percent": 0.8008962657240435,
    "pe": 46.914814,
    "rsi": 55.16036863271248,
    "k": 67.06257487364863,
    "d": 56.60005578568678,
    "j": 87.98761304957233,
    "ma20": 185.3265007019043,
    "ma120": 183.78022549947102,
    "ma240": 160.86014095942178,
    "golden_cross": false,
    "death_cross": false,
    "top_divergence": false,
    "bottom_divergence": true
  },
  "msft": {
    "close": 404.3699951171875,
    "change_percent": -2.15355436714035,
    "pe": 25.3206,
    "rsi": 33.2955693133032,
    "k": 24.453165857177986,
    "d": 21.464013098896544,
    "j": 30.431471373740862,
    "ma20": 438.13600006103513,
    "ma120": 489.95190302530926,
    "ma240": 468.6253578186035,
    "golden_cross": false,
    "death_cross": false,
    "top_divergence": false,
    "bottom_divergence": false
  },
  "goog": {
    "close": 311.3299865722656,
    "change_percent": -2.2910643061477267,
    "pe": 28.818518,
    "rsi": 35.75947922305151,
    "k": 30.81015006736529,
    "d": 44.92506791555729,
    "j": 2.5803143709812844,
    "ma20": 330.9704986572266,
    "ma120": 284.10752436319984,
    "ma240": 228.6254373550415,
    "golden_cross": false,
    "death_cross": false,
    "top_divergence": false,
    "bottom_divergence": false
  },
  "tsla": {
    "close": 428.2699890136719,
    "change_percent": 0.7196438512938912,
    "pe": 400.5654,
    "rsi": 49.33109293627237,
    "k": 58.71538537252974,
    "d": 44.37124176848188,
    "j": 87.40367258062545,
    "ma20": 426.89049835205077,
    "ma120": 426.1727503458659,
    "ma240": 362.41970856984454,
    "golden_cross": false,
    "death_cross": false,
    "top_divergence": false,
    "bottom_divergence": false
  },
  "smh": {
    "close": 414.7799987792969,
    "change_percent": 2.475538287360433,
    "pe": 43.990475,
    "rsi": 61.14487530274373,
    "k": 67.8907357933267,
    "d": 56.120534651069725,
    "j": 91.43113807784063,
    "ma20": 401.03200073242186,
    "ma120": 349.91277033487955,
    "ma240": 298.3414187113444,
    "golden_cross": false,
    "death_cross": false,
    "top_divergence": false,
    "bottom_divergence": false
  },
  "aapl": {
    "close": 275.5,
    "change_percent": 0.6650129249217156,
    "pe": 34.82933,
    "rsi": 63.54634504433647,
    "k": 82.06900162649005,
    "d": 82.79944934325457,
    "j": 80.60810619296103,
    "ma20": 262.09978942871095,
    "ma120": 259.853159459432,
    "ma240": 234.56320991516114,
    "golden_cross": false,
    "death_cross": false,
    "top_divergence": false,
    "bottom_divergence": false
  },
  "amzn": {
    "close": 204.0800018310547,
    "change_percent": -1.391575565028974,
    "pe": 28.518856,
    "rsi": 25.537518331312377,
    "k": 16.93350340836203,
    "d": 26.44019832619788,
    "j": -2.079886427309674,
    "ma20": 231.21199951171874,
    "ma120": 229.82075004577638,
    "ma240": 218.03358351389568,
    "golden_cross": false,
    "death_cross": false,
    "top_divergence": false,
    "bottom_divergence": false
  },
  "meta": {
    "close": 668.6900024414062,
    "change_percent": -0.30265510949237223,
    "pe": 28.491266,
    "rsi": 50.767179359340076,
    "k": 28.987081227435763,
    "d": 36.7890475784764,
    "j": 13.383148525354486,
    "ma20": 663.2154968261718,
    "ma120": 685.4471196492512,
    "ma240": 668.269426981608,
    "golden_cross": false,
    "death_cross": false,
    "top_divergence": false,
    "bottom_divergence": false
  },
  "btc": {
    "close": 67128.8984375,
    "change_percent": 0.2043971688770529,
    "pe": null,
    "rsi": 30.54434072554451,
    "k": 40.080281972922855,
    "d": 36.508238451590614,
    "j": 47.22436901558734,
    "ma20": 76985.2423828125,
    "ma120": 92157.45094401042,
    "ma240": 103080.82205403646,
    "golden_cross": false,
    "death_cross": false,
    "top_divergence": false,
    "bottom_divergence": false
  },
  "gld": {
    "close": 467.6300048828125,
    "change_percent": 1.1310577541873728,
    "pe": null,
    "rsi": 58.9553957165464,
    "k": 59.92704872406158,
    "d": 48.527319738492196,
    "j": 82.72650669520033,
    "ma20": 453.3590026855469,
    "ma120": 384.1995839436849,
    "ma240": 341.76574986775717,
    "golden_cross": true,
    "death_cross": false,
    "top_divergence": false,
    "bottom_divergence": false
  }
}