{
  "twii": {
    "close": 32289.810546875,
    "change_percent": 0.29336890070046,
    "pe": null,
    "rsi": 65.19279837101116,
    "k": 55.83344039564094,
    "d": 64.56960762884887,
    "j": 38.36110592922509,
    "ma20": 31566.68984375,
    "ma120": 27591.834358723958,
    "ma240": 24743.706608072916,
    "golden_cross": false,
    "death_cross": false,
    "top_divergence": false,
    "bottom_divergence": false
  },
  "tsmc": {
    "close": 1785.0,
    "change_percent": -0.8333333333333334,
    "pe": 26.947464,
    "rsi": 63.2868178712951,
    "k": 52.57952995021202,
    "d": 61.78581261753557,
    "j": 34.16696461556492,
    "ma20": 1749.75,
    "ma120": 1439.4489186604817,
    "ma240": 1219.8049858093261,
    "golden_cross": false,
    "death_cross": false,
    "top_divergence": false,
    "bottom_divergence": false
  },
  "etf0050": {
    "close": 72.9000015258789,
    "change_percent": -0.0685338237899487,
    "pe": 25.035238,
    "rsi": 65.86774677896892,
    "k": 57.14557278943842,
    "d": 66.40560882343856,
    "j": 38.62550072143816,
    "ma20": 71.43990669250488,
    "ma120": 61.223495197296145,
    "ma240": 53.309000905354814,
    "golden_cross": false,
    "death_cross": false,
    "top_divergence": false,
    "bottom_divergence": false
  },
  "etf00631l": {
    "close": 449.04998779296875,
    "change_percent": 1.0577206312355083,
    "pe": null,
    "rsi": 64.4106770627483,
    "k": 57.685712679225695,
    "d": 66.10693294850131,
    "j": 40.84327214067446,
    "ma20": 431.0125030517578,
    "ma120": 335.21499989827475,
    "ma240": 271.18145821889243,
    "golden_cross": false,
    "death_cross": false,
    "top_divergence": false,
    "bottom_divergence": false
  },
  "etf00675l": {
    "close": 178.25,
    "change_percent": 1.0773993936632462,
    "pe": null,
    "rsi": 64.67841127591463,
    "k": 58.39958746595536,
    "d": 66.60039330635794,
    "j": 41.9979757851502,
    "ma20": 171.00250015258788,
    "ma120": 133.1333335240682,
    "ma240": 107.81333335240681,
    "golden_cross": false,
    "death_cross": false,
    "top_divergence": false,
    "bottom_divergence": false
  },
  "nasdaq": {
    "close": 23255.189453125,
    "change_percent": -1.4281042721513748,
    "pe": null,
    "rsi": 44.94308868941378,
    "k": 51.609509547605974,
    "d": 61.88529712243801,
    "j": 31.057934397941906,
    "ma20": 23531.51474609375,
    "ma120": 22862.913623046876,
    "ma240": 20892.607014973957,
    "golden_cross": false,
    "death_cross": false,
    "top_divergence": true,
    "bottom_divergence": false
  },
  "tqqq": {
    "close": 52.52000045776367,
    "change_percent": -4.6823921738748755,
    "pe": 33.085567,
    "rsi": 44.2297447747158,
    "k": 49.7341710258992,
    "d": 60.913540361301536,
    "j": 27.37543235509453,
    "ma20": 54.60249996185303,
    "ma120": 52.05104796091715,
    "ma240": 43.46490363279978,
    "golden_cross": false,
    "death_cross": false,
    "top_divergence": true,
    "bottom_divergence": false
  },
  "qld": {
    "close": 70.45999908447266,
    "change_percent": -3.1211386878679837,
    "pe": 33.244682,
    "rsi": 44.74621837681615,
    "k": 50.637229205078626,
    "d": 61.896127494133054,
    "j": 28.11943262696977,
    "ma20": 72.18650016784667,
    "ma120": 69.33331807454427,
    "ma240": 60.49727826118469,
    "golden_cross": false,
    "death_cross": false,
    "top_divergence": true,
    "bottom_divergence": false
  },
  "nvda": {
    "close": 180.33999633789062,
    "change_percent": -2.839288968876296,
    "pe": 44.638615,
    "rsi": 42.34276325128297,
    "k": 53.6650820648356,
    "d": 65.50851529741215,
    "j": 29.978215599682528,
    "ma20": 186.1710006713867,
    "ma120": 183.58755276997883,
    "ma240": 159.53745733896892,
    "golden_cross": false,
    "death_cross": false,
    "top_divergence": true,
    "bottom_divergence": false
  },
  "msft": {
    "close": 411.2099914550781,
    "change_percent": -2.872193070447405,
    "pe": 25.700624,
    "rsi": 27.47147461214265,
    "k": 21.103272901705427,
    "d": 36.48661550531843,
    "j": -9.66341230552058,
    "ma20": 459.48499908447263,
    "ma120": 495.3246121724447,
    "ma240": 468.4810387929281,
    "golden_cross": false,
    "death_cross": false,
    "top_divergence": false,
    "bottom_divergence": false
  },
  "goog": {
    "close": 340.70001220703125,
    "change_percent": -1.2177389863084995,
    "pe": 33.666008,
    "rsi": 64.13084019852788,
    "k": 76.8323557906304,
    "d": 76.22709842534647,
    "j": 78.04287052119827,
    "ma20": 331.9285003662109,
    "ma120": 278.0635058085124,
    "ma240": 224.98128757476806,
    "golden_cross": false,
    "death_cross": false,
    "top_divergence": false,
    "bottom_divergence": false
  },
  "tsla": {
    "close": 421.9599914550781,
    "change_percent": 0.03555958781264764,
    "pe": 383.59998,
    "rsi": 42.5500084816201,
    "k": 27.577413189295378,
    "d": 34.74087161773483,
    "j": 13.25049633241646,
    "ma20": 434.7009994506836,
    "ma120": 422.0790837605794,
    "ma240": 359.97450021107994,
    "golden_cross": false,
    "death_cross": false,
    "top_divergence": false,
    "bottom_divergence": true
  },
  "smh": {
    "close": 397.67999267578125,
    "change_percent": -2.5222463696185344,
    "pe": 44.312515,
    "rsi": 54.050184887228326,
    "k": 51.64482102787817,
    "d": 65.97420711450873,
    "j": 22.986048854617053,
    "ma20": 397.63700103759766,
    "ma120": 344.7386235555013,
    "ma240": 294.45227171579995,
    "golden_cross": false,
    "death_cross": false,
    "top_divergence": true,
    "bottom_divergence": false
  },
  "aapl": {
    "close": 269.4800109863281,
    "change_percent": -0.1962885671375392,
    "pe": 34.111393,
    "rsi": 61.55024146076092,
    "k": 84.30394396914468,
    "d": 71.41640888173544,
    "j": 110.07901414396318,
    "ma20": 257.710498046875,
    "ma120": 257.83570556640626,
    "ma240": 233.96228930155436,
    "golden_cross": false,
    "death_cross": false,
    "top_divergence": false,
    "bottom_divergence": false
  },
  "amzn": {
    "close": 238.6199951171875,
    "change_percent": -1.786306995698637,
    "pe": 33.655853,
    "rsi": 51.245481947941364,
    "k": 61.623181504545926,
    "d": 63.78999500238639,
    "j": 57.289554508864995,
    "ma20": 240.185498046875,
    "ma120": 230.52174975077313,
    "ma240": 218.04316685994465,
    "golden_cross": false,
    "death_cross": true,
    "top_divergence": false,
    "bottom_divergence": false
  },
  "meta": {
    "close": 691.7000122070312,
    "change_percent": -2.082354651933877,
    "pe": 29.409014,
    "rsi": 57.54393448415948,
    "k": 72.35231061473638,
    "d": 75.72892500501067,
    "j": 65.59908183418781,
    "ma20": 656.4254974365234,
    "ma120": 690.3625401814778,
    "ma240": 668.2943575541178,
    "golden_cross": false,
    "death_cross": true,
    "top_divergence": false,
    "bottom_divergence": false
  },
  "btc": {
    "close": 76463.9609375,
    "change_percent": 1.0979440959874989,
    "pe": null,
    "rsi": 28.188559220548154,
    "k": 19.95751893908082,
    "d": 21.635156811682293,
    "j": 16.602243193877875,
    "ma20": 86538.828515625,
    "ma120": 95332.699609375,
    "ma240": 104376.61643880208,
    "golden_cross": false,
    "death_cross": false,
    "top_divergence": false,
    "bottom_divergence": false
  },
  "gld": {
    "close": 454.2900085449219,
    "change_percent": 6.358720612372104,
    "pe": null,
    "rsi": 56.225982810734145,
    "k": 43.32392509857954,
    "d": 62.30816510648585,
    "j": 5.355445082766906,
    "ma20": 440.55200347900393,
    "ma120": 376.6670837402344,
    "ma240": 337.0497080485026,
    "golden_cross": false,
    "death_cross": false,
    "top_divergence": false,
    "bottom_divergence": false
  }
}