{
  "twii": {
    "close": 29349.810546875,
    "change_percent": 1.3334355629436003,
    "pe": null,
    "rsi": 70.08746485676895,
    "k": 92.80144693435818,
    "d": 83.4692354342038,
    "j": 111.46586993466696,
    "ma20": 28209.98359375,
    "ma120": 26054.624381510417,
    "ma240": 23952.91525065104,
    "golden_cross": false,
    "death_cross": false,
    "top_divergence": false,
    "bottom_divergence": false
  },
  "tsmc": {
    "close": 1585.0,
    "change_percent": 2.258064516129032,
    "pe": 26.176714,
    "rsi": 71.01840455386925,
    "k": 93.70001862689045,
    "d": 83.26933161849846,
    "j": 114.56139264367442,
    "ma20": 1481.523260498047,
    "ma120": 1322.9365793863933,
    "ma240": 1156.7960456848145,
    "golden_cross": false,
    "death_cross": false,
    "top_divergence": false,
    "bottom_divergence": false
  },
  "etf0050": {
    "close": 66.94999694824219,
    "change_percent": 2.057924551101418,
    "pe": 23.739239,
    "rsi": 73.50027854319156,
    "k": 92.4247798865378,
    "d": 83.24999469038877,
    "j": 110.77435027883587,
    "ma20": 63.63750019073486,
    "ma120": 58.03575328191121,
    "ma240": 51.81806650161743,
    "golden_cross": false,
    "death_cross": false,
    "top_divergence": false,
    "bottom_divergence": false
  },
  "etf00631l": {
    "close": 375.25,
    "change_percent": 3.4031431003656647,
    "pe": null,
    "rsi": 70.68683823337832,
    "k": 93.44921987008527,
    "d": 84.62033366709642,
    "j": 111.10699227606301,
    "ma20": 346.94249725341797,
    "ma120": 299.2612491607666,
    "ma240": 253.2814578374227,
    "golden_cross": false,
    "death_cross": false,
    "top_divergence": false,
    "bottom_divergence": false
  },
  "etf00675l": {
    "close": 149.0,
    "change_percent": 3.400411997876265,
    "pe": null,
    "rsi": 71.09381963216171,
    "k": 93.69640298206048,
    "d": 84.73994525475288,
    "j": 111.60931843667566,
    "ma20": 137.68000106811525,
    "ma120": 118.92125015258789,
    "ma240": 100.753125,
    "golden_cross": false,
    "death_cross": false,
    "top_divergence": false,
    "bottom_divergence": false
  },
  "nasdaq": {
    "close": 23235.630859375,
    "change_percent": -0.027361576766323815,
    "pe": null,
    "rsi": 48.6382332070959,
    "k": 52.70460661905962,
    "d": 65.4539310612424,
    "j": 27.20595773469404,
    "ma20": 23369.65712890625,
    "ma120": 22432.041422526043,
    "ma240": 20563.0095703125,
    "golden_cross": false,
    "death_cross": false,
    "top_divergence": false,
    "bottom_divergence": false
  },
  "tqqq": {
    "close": 52.349998474121094,
    "change_percent": -0.7018261343224919,
    "pe": 32.725742,
    "rsi": 45.25882961010082,
    "k": 48.74112198567528,
    "d": 62.014484999559706,
    "j": 22.194395957906423,
    "ma20": 54.01181964874267,
    "ma120": 50.20765107472737,
    "ma240": 42.39059200286865,
    "golden_cross": false,
    "death_cross": false,
    "top_divergence": false,
    "bottom_divergence": false
  },
  "qld": {
    "close": 70.0999984741211,
    "change_percent": -0.4402857149048953,
    "pe": 33.272095,
    "rsi": 45.91768389637998,
    "k": 49.56706984998961,
    "d": 62.953604398876756,
    "j": 22.794000752215325,
    "ma20": 71.46560401916504,
    "ma120": 67.45229641596477,
    "ma240": 59.17654778162638,
    "golden_cross": false,
    "death_cross": false,
    "top_divergence": false,
    "bottom_divergence": false
  },
  "nvda": {
    "close": 188.85000610351562,
    "change_percent": 1.2600568919654827,
    "pe": 46.745052,
    "rsi": 56.12643462023536,
    "k": 76.33671606562966,
    "d": 75.669593975964,
    "j": 77.67096024496095,
    "ma20": 182.9635009765625,
    "ma120": 181.76627057393392,
    "ma240": 154.7466849644979,
    "golden_cross": false,
    "death_cross": false,
    "top_divergence": false,
    "bottom_divergence": false
  },
  "msft": {
    "close": 472.94000244140625,
    "change_percent": -2.20834390298386,
    "pe": 33.66121,
    "rsi": 37.35800605157624,
    "k": 52.5346165550403,
    "d": 67.19887542419886,
    "j": 23.20609881672317,
    "ma20": 483.1735015869141,
    "ma120": 504.9621287027995,
    "ma240": 464.85781428019203,
    "golden_cross": false,
    "death_cross": false,
    "top_divergence": false,
    "bottom_divergence": false
  },
  "goog": {
    "close": 315.32000732421875,
    "change_percent": 0.4843912015231948,
    "pe": 31.158104,
    "rsi": 58.284217097647094,
    "k": 74.13750617014156,
    "d": 73.33864094725544,
    "j": 75.7352366159138,
    "ma20": 313.0326202392578,
    "ma120": 253.90221710205077,
    "ma240": 212.9734530766805,
    "golden_cross": false,
    "death_cross": false,
    "top_divergence": false,
    "bottom_divergence": false
  },
  "tsla": {
    "close": 438.07000732421875,
    "change_percent": -2.590499391813143,
    "pe": 302.11725,
    "rsi": 42.4281286531287,
    "k": 14.105581986149605,
    "d": 31.510308256354975,
    "j": -20.70387055426113,
    "ma20": 464.26700286865236,
    "ma120": 402.05200017293294,
    "ma240": 355.1155834833781,
    "golden_cross": false,
    "death_cross": false,
    "top_divergence": false,
    "bottom_divergence": false
  },
  "smh": {
    "close": 373.29998779296875,
    "change_percent": 3.657007950348876,
    "pe": 42.133938,
    "rsi": 61.904567450589866,
    "k": 81.46270715488848,
    "d": 76.38572745866698,
    "j": 91.61666654733148,
    "ma20": 360.5354949951172,
    "ma120": 325.955313873291,
    "ma240": 281.5468837102254,
    "golden_cross": false,
    "death_cross": false,
    "top_divergence": false,
    "bottom_divergence": false
  },
  "aapl": {
    "close": 271.010009765625,
    "change_percent": -0.3126519648849142,
    "pe": 36.377182,
    "rsi": 43.835336328912426,
    "k": 46.18247544228598,
    "d": 49.49667479391398,
    "j": 39.554076739029966,
    "ma20": 274.8154983520508,
    "ma120": 249.90926144917805,
    "ma240": 231.70818843841553,
    "golden_cross": false,
    "death_cross": true,
    "top_divergence": false,
    "bottom_divergence": false
  },
  "amzn": {
    "close": 226.5,
    "change_percent": -1.87159136432688,
    "pe": 31.946404,
    "rsi": 44.88193378938569,
    "k": 61.56088356599187,
    "d": 73.07905776842014,
    "j": 38.52453516113533,
    "ma20": 228.47850036621094,
    "ma120": 227.94391682942708,
    "ma240": 217.51387519836425,
    "golden_cross": false,
    "death_cross": true,
    "top_divergence": false,
    "bottom_divergence": false
  },
  "meta": {
    "close": 650.4099731445312,
    "change_percent": -1.4664747711840544,
    "pe": 28.817455,
    "rsi": 47.48724688898622,
    "k": 38.74109050323823,
    "d": 43.633920011134705,
    "j": 28.95543148744528,
    "ma20": 658.591342163086,
    "ma120": 703.7183090209961,
    "ma240": 671.0398001352946,
    "golden_cross": false,
    "death_cross": true,
    "top_divergence": false,
    "bottom_divergence": false
  },
  "btc": {
    "close": 89537.328125,
    "change_percent": -0.4529085190456879,
    "pe": null,
    "rsi": 52.24435404773112,
    "k": 59.65541775679036,
    "d": 50.592843061354046,
    "j": 77.78056714766296,
    "ma20": 87796.020703125,
    "ma120": 102428.17278645834,
    "ma240": 106639.0666015625,
    "golden_cross": false,
    "death_cross": false,
    "top_divergence": false,
    "bottom_divergence": false
  },
  "gld": {
    "close": 398.2799987792969,
    "change_percent": 0.4970859258759587,
    "pe": null,
    "rsi": 53.739480930656,
    "k": 27.27433558193249,
    "d": 48.180685612216806,
    "j": -14.53836447863614,
    "ma20": 397.76550140380857,
    "ma120": 353.92124938964844,
    "ma240": 321.51612447102866,
    "golden_cross": false,
    "death_cross": false,
    "top_divergence": false,
    "bottom_divergence": false
  }
}