{
  "twii": {
    "close": 28182.599609375,
    "change_percent": -0.42813960011827595,
    "pe": null,
    "rsi": 59.7646982486774,
    "k": 88.82252313512089,
    "d": 84.89392584890518,
    "j": 96.6797177075523,
    "ma20": 27443.13876953125,
    "ma120": 25272.920703125,
    "ma240": 23610.684244791668,
    "golden_cross": false,
    "death_cross": false,
    "top_divergence": false,
    "bottom_divergence": false
  },
  "tsmc": {
    "close": 1480.0,
    "change_percent": -1.0033444816053512,
    "pe": 24.426474,
    "rsi": 57.148968420846266,
    "k": 85.27207668330512,
    "d": 79.08379812752875,
    "j": 97.64863379485786,
    "ma20": 1436.25,
    "ma120": 1270.4935094197592,
    "ma240": 1132.2973518371582,
    "golden_cross": false,
    "death_cross": false,
    "top_divergence": false,
    "bottom_divergence": false
  },
  "etf0050": {
    "close": 63.599998474121094,
    "change_percent": -0.15698946251275483,
    "pe": 22.551392,
    "rsi": 59.786466505321926,
    "k": 91.39741459134743,
    "d": 85.13843916795497,
    "j": 103.91536543813231,
    "ma20": 61.76000003814697,
    "ma120": 55.919739723205566,
    "ma240": 50.788067197799684,
    "golden_cross": false,
    "death_cross": false,
    "top_divergence": false,
    "bottom_divergence": false
  },
  "etf00631l": {
    "close": 346.5,
    "change_percent": -0.402412739593475,
    "pe": null,
    "rsi": 59.024404414524454,
    "k": 90.80608611259723,
    "d": 85.47224887121756,
    "j": 101.4737605953566,
    "ma20": 329.35499877929686,
    "ma120": 281.3729160308838,
    "ma240": 246.21916631062825,
    "golden_cross": false,
    "death_cross": false,
    "top_divergence": false,
    "bottom_divergence": false
  },
  "etf00675l": {
    "close": 137.5500030517578,
    "change_percent": -0.21763006055475353,
    "pe": null,
    "rsi": 59.14787221154094,
    "k": 90.77995703272492,
    "d": 85.36359351695219,
    "j": 101.61268406427035,
    "ma20": 130.73000221252443,
    "ma120": 111.85375016530355,
    "ma240": 97.98229160308838,
    "golden_cross": false,
    "death_cross": false,
    "top_divergence": false,
    "bottom_divergence": false
  },
  "nasdaq": {
    "close": 23545.900390625,
    "change_percent": -0.1366964537699336,
    "pe": null,
    "rsi": 58.65753132772492,
    "k": 90.08954731457504,
    "d": 87.10645056301821,
    "j": 96.0557408176887,
    "ma20": 23073.999609375,
    "ma120": 21990.823274739585,
    "ma240": 20292.517309570314,
    "golden_cross": false,
    "death_cross": false,
    "top_divergence": false,
    "bottom_divergence": false
  },
  "tqqq": {
    "close": 55.79999923706055,
    "change_percent": -0.623334424411453,
    "pe": 34.882454,
    "rsi": 56.718762322650576,
    "k": 88.35772787020358,
    "d": 85.59911458926331,
    "j": 93.87495443208411,
    "ma20": 53.01900005340576,
    "ma120": 48.3810554822286,
    "ma240": 41.51534763177236,
    "golden_cross": false,
    "death_cross": false,
    "top_divergence": false,
    "bottom_divergence": false
  },
  "qld": {
    "close": 72.88999938964844,
    "change_percent": -0.45069902424609454,
    "pe": 34.596333,
    "rsi": 57.186907840028475,
    "k": 88.65898915717065,
    "d": 86.00176158291345,
    "j": 93.97344430568506,
    "ma20": 70.33100051879883,
    "ma120": 65.56551634470621,
    "ma240": 58.05573137601217,
    "golden_cross": false,
    "death_cross": false,
    "top_divergence": false,
    "bottom_divergence": false
  },
  "nvda": {
    "close": 185.5500030517578,
    "change_percent": 1.7213964840792806,
    "pe": 46.042183,
    "rsi": 51.03863873070756,
    "k": 70.61712246280298,
    "d": 55.89869385573146,
    "j": 100.05397967694604,
    "ma20": 184.34027252197265,
    "ma120": 177.95246225992838,
    "ma240": 151.58384135564168,
    "golden_cross": false,
    "death_cross": false,
    "top_divergence": false,
    "bottom_divergence": false
  },
  "msft": {
    "close": 491.0199890136719,
    "change_percent": 1.6267872530813337,
    "pe": 34.923183,
    "rsi": 48.084876205553826,
    "k": 68.89920752789405,
    "d": 57.65793899679177,
    "j": 91.3817445900986,
    "ma20": 490.435285949707,
    "ma120": 506.3500579833984,
    "ma240": 460.59338862101237,
    "golden_cross": false,
    "death_cross": false,
    "top_divergence": false,
    "bottom_divergence": false
  },
  "goog": {
    "close": 314.45001220703125,
    "change_percent": -2.308302084606361,
    "pe": 31.041462,
    "rsi": 62.725204179982974,
    "k": 52.96487613703451,
    "d": 67.50285738737581,
    "j": 23.8889136363519,
    "ma20": 303.2244216918945,
    "ma120": 234.54143447875975,
    "ma240": 204.59068253835042,
    "golden_cross": false,
    "death_cross": false,
    "top_divergence": false,
    "bottom_divergence": false
  },
  "tsla": {
    "close": 439.5799865722656,
    "change_percent": -3.3890139401614015,
    "pe": 303.1586,
    "rsi": 53.72575817435627,
    "k": 82.64823991679361,
    "d": 83.98949616213201,
    "j": 79.96572742611681,
    "ma20": 423.5714996337891,
    "ma120": 380.8134160359701,
    "ma240": 351.43520806630454,
    "golden_cross": false,
    "death_cross": true,
    "top_divergence": false,
    "bottom_divergence": false
  },
  "smh": {
    "close": 368.54998779296875,
    "change_percent": 1.133300645699406,
    "pe": 41.59781,
    "rsi": 63.37069776038382,
    "k": 92.40829860796823,
    "d": 87.46980758537197,
    "j": 102.28528065316078,
    "ma20": 348.49400024414064,
    "ma120": 315.11241607666017,
    "ma240": 274.5494162241618,
    "golden_cross": false,
    "death_cross": false,
    "top_divergence": false,
    "bottom_divergence": false
  },
  "aapl": {
    "close": 277.8900146484375,
    "change_percent": -0.31924246171044474,
    "pe": 37.300674,
    "rsi": 57.82127280540045,
    "k": 51.2632899199055,
    "d": 66.73106102188359,
    "j": 20.32774771594933,
    "ma20": 275.2405014038086,
    "ma120": 240.23414090474446,
    "ma240": 229.5033633550008,
    "golden_cross": false,
    "death_cross": false,
    "top_divergence": false,
    "bottom_divergence": false
  },
  "amzn": {
    "close": 226.88999938964844,
    "change_percent": -1.1501761877265169,
    "pe": 32.04661,
    "rsi": 45.33742255879791,
    "k": 46.59324856127294,
    "d": 57.07945216793785,
    "j": 25.620841347943113,
    "ma20": 231.72250061035157,
    "ma120": 226.55508359273276,
    "ma240": 217.10941696166992,
    "golden_cross": false,
    "death_cross": false,
    "top_divergence": false,
    "bottom_divergence": false
  },
  "meta": {
    "close": 666.7999877929688,
    "change_percent": -0.9830410865711868,
    "pe": 29.504423,
    "rsi": 57.06520830891972,
    "k": 87.52188034874503,
    "d": 84.98231267103904,
    "j": 92.60101570415702,
    "ma20": 626.0385009765625,
    "ma120": 712.5886840820312,
    "ma240": 667.8578136444091,
    "golden_cross": false,
    "death_cross": false,
    "top_divergence": false,
    "bottom_divergence": false
  },
  "btc": {
    "close": 90327.890625,
    "change_percent": -0.3445628862606325,
    "pe": null,
    "rsi": 44.58269034798541,
    "k": 64.40754046570652,
    "d": 65.61574631330237,
    "j": 61.99112877051482,
    "ma20": 89306.627734375,
    "ma120": 107668.5150390625,
    "ma240": 107017.81669921875,
    "golden_cross": false,
    "death_cross": false,
    "top_divergence": false,
    "bottom_divergence": false
  },
  "gld": {
    "close": 385.4200134277344,
    "change_percent": -0.2639449868615841,
    "pe": null,
    "rsi": 58.761720921368024,
    "k": 69.42196449177848,
    "d": 74.77087108755872,
    "j": 58.72415130021801,
    "ma20": 381.3644989013672,
    "ma120": 340.80149943033854,
    "ma240": 310.53929131825765,
    "golden_cross": false,
    "death_cross": false,
    "top_divergence": false,
    "bottom_divergence": false
  }
}