{
  "twii": {
    "close": 26504.240234375,
    "change_percent": 0.26215600521001997,
    "pe": null,
    "rsi": 41.02674306354157,
    "k": 13.461724423800302,
    "d": 18.47656570464903,
    "j": 3.4320418621028423,
    "ma20": 27626.7748046875,
    "ma120": 24755.99705403646,
    "ma240": 23396.71397298177,
    "golden_cross": false,
    "death_cross": false,
    "top_divergence": false,
    "bottom_divergence": false
  },
  "tsmc": {
    "close": 1375.0,
    "change_percent": -0.7220216606498195,
    "pe": 22.667326,
    "rsi": 41.00012926920702,
    "k": 11.469015356275792,
    "d": 16.24853204561503,
    "j": 1.9099819775973188,
    "ma20": 1457.5,
    "ma120": 1230.649712117513,
    "ma240": 1113.3751159667968,
    "golden_cross": false,
    "death_cross": false,
    "top_divergence": false,
    "bottom_divergence": false
  },
  "etf0050": {
    "close": 59.54999923706055,
    "change_percent": -0.5012518708588862,
    "pe": 21.115335,
    "rsi": 39.98085056541904,
    "k": 14.260496359728435,
    "d": 19.533117050950167,
    "j": 3.715254977284971,
    "ma20": 62.587500381469724,
    "ma120": 54.46480312347412,
    "ma240": 50.117505423227946,
    "golden_cross": false,
    "death_cross": false,
    "top_divergence": false,
    "bottom_divergence": false
  },
  "etf00631l": {
    "close": 308.1000061035156,
    "change_percent": 0.30929911310739694,
    "pe": null,
    "rsi": 41.15255710815665,
    "k": 18.330970500945657,
    "d": 23.11873132486976,
    "j": 8.755448853097455,
    "ma20": 335.63499908447267,
    "ma120": 269.4249994913737,
    "ma240": 241.92854137420653,
    "golden_cross": false,
    "death_cross": false,
    "top_divergence": false,
    "bottom_divergence": false
  },
  "etf00675l": {
    "close": 122.4000015258789,
    "change_percent": 0.36900745297083437,
    "pe": null,
    "rsi": 41.265158405857704,
    "k": 18.195965960224903,
    "d": 23.02565355616632,
    "j": 8.536590768342073,
    "ma20": 133.27750053405762,
    "ma120": 107.12999992370605,
    "ma240": 96.30374981562296,
    "golden_cross": false,
    "death_cross": false,
    "top_divergence": false,
    "bottom_divergence": false
  },
  "nasdaq": {
    "close": 22273.080078125,
    "change_percent": 0.8833628421610052,
    "pe": null,
    "rsi": 39.78911137486339,
    "k": 20.233457143680425,
    "d": 26.5562316022666,
    "j": 7.587908226508077,
    "ma20": 23185.01884765625,
    "ma120": 21676.25486653646,
    "ma240": 20145.261311848957,
    "golden_cross": false,
    "death_cross": false,
    "top_divergence": false,
    "bottom_divergence": false
  },
  "tqqq": {
    "close": 47.47999954223633,
    "change_percent": 2.217435441074672,
    "pe": 15.544603,
    "rsi": 37.48652658947663,
    "k": 18.473947212967293,
    "d": 24.706166963343378,
    "j": 6.009507712215125,
    "ma20": 54.42525005340576,
    "ma120": 46.9395778020223,
    "ma240": 41.04116159280141,
    "golden_cross": false,
    "death_cross": false,
    "top_divergence": false,
    "bottom_divergence": false
  },
  "qld": {
    "close": 65.36000061035156,
    "change_percent": 1.4749214318102026,
    "pe": 16.119898,
    "rsi": 37.90515987426293,
    "k": 18.963944906366528,
    "d": 25.328566730964184,
    "j": 6.234701257171217,
    "ma20": 71.3745002746582,
    "ma120": 64.13857415517171,
    "ma240": 57.453814601898195,
    "golden_cross": false,
    "death_cross": false,
    "top_divergence": false,
    "bottom_divergence": false
  },
  "nvda": {
    "close": 178.8800048828125,
    "change_percent": -0.9743105141622325,
    "pe": 44.27723,
    "rsi": 41.480349541578136,
    "k": 23.642842157622653,
    "d": 28.583218987027095,
    "j": 13.762088498813768,
    "ma20": 192.94950180053712,
    "ma120": 174.7851146697998,
    "ma240": 149.6389352162679,
    "golden_cross": false,
    "death_cross": false,
    "top_divergence": false,
    "bottom_divergence": false
  },
  "msft": {
    "close": 472.1199951171875,
    "change_percent": -1.3188967362399164,
    "pe": 33.55508,
    "rsi": 28.393262148898103,
    "k": 19.75997352435602,
    "d": 29.419186505518308,
    "j": 0.4415475620314453,
    "ma20": 507.60840759277346,
    "ma120": 505.30554173787436,
    "ma240": 458.85025164286293,
    "golden_cross": false,
    "death_cross": false,
    "top_divergence": false,
    "bottom_divergence": false
  },
  "goog": {
    "close": 299.6499938964844,
    "change_percent": 3.334706719013183,
    "pe": 29.580454,
    "rsi": 68.30443448178268,
    "k": 64.12113216615019,
    "d": 59.919874512519584,
    "j": 72.52364747341142,
    "ma20": 283.41299896240236,
    "ma120": 222.75260632832845,
    "ma240": 199.38190778096518,
    "golden_cross": true,
    "death_cross": false,
    "top_divergence": false,
    "bottom_divergence": false
  },
  "tsla": {
    "close": 391.0899963378906,
    "change_percent": -1.0474950113494068,
    "pe": 269.71722,
    "rsi": 38.25814010090768,
    "k": 20.885192884210046,
    "d": 24.97176947291439,
    "j": 12.712039706801363,
    "ma20": 432.177001953125,
    "ma120": 370.92783279418944,
    "ma240": 351.27254149119057,
    "golden_cross": false,
    "death_cross": false,
    "top_divergence": false,
    "bottom_divergence": false
  },
  "smh": {
    "close": 326.1300048828125,
    "change_percent": 0.3168252106919098,
    "pe": 36.35123,
    "rsi": 39.30942423041346,
    "k": 22.503605804565822,
    "d": 27.178438081396095,
    "j": 13.153941250905277,
    "ma20": 350.77050018310547,
    "ma120": 307.04033279418945,
    "ma240": 269.9247210184733,
    "golden_cross": false,
    "death_cross": false,
    "top_divergence": false,
    "bottom_divergence": false
  },
  "aapl": {
    "close": 271.489990234375,
    "change_percent": 1.9680714495305163,
    "pe": 36.344044,
    "rsi": 59.852250416251174,
    "k": 34.89554494425319,
    "d": 36.53038931593436,
    "j": 31.62585620089085,
    "ma20": 269.9424118041992,
    "ma120": 233.53145815531414,
    "ma240": 228.18095169067382,
    "golden_cross": false,
    "death_cross": false,
    "top_divergence": false,
    "bottom_divergence": false
  },
  "amzn": {
    "close": 220.69000244140625,
    "change_percent": 1.6348913427910092,
    "pe": 31.170904,
    "rsi": 40.64971001044431,
    "k": 12.220196395000176,
    "d": 18.168994913111163,
    "j": 0.32259935877820567,
    "ma20": 236.2240005493164,
    "ma120": 225.12358373006185,
    "ma240": 216.9681251525879,
    "golden_cross": false,
    "death_cross": false,
    "top_divergence": false,
    "bottom_divergence": false
  },
  "meta": {
    "close": 594.25,
    "change_percent": 0.8656497283539394,
    "pe": 26.317537,
    "rsi": 26.371607978070205,
    "k": 21.081314593601824,
    "d": 19.834399972224446,
    "j": 23.57514383635658,
    "ma20": 638.5500061035157,
    "ma120": 716.4834950764974,
    "ma240": 666.4471424102783,
    "golden_cross": true,
    "death_cross": false,
    "top_divergence": false,
    "bottom_divergence": false
  },
  "btc": {
    "close": 86848.7890625,
    "change_percent": 0.05043631825316818,
    "pe": null,
    "rsi": 29.082012182645713,
    "k": 28.589021853765278,
    "d": 21.346068246228384,
    "j": 43.07492906883907,
    "ma20": 95828.9765625,
    "ma120": 110888.16829427083,
    "ma240": 106497.73639322916,
    "golden_cross": false,
    "death_cross": false,
    "top_divergence": false,
    "bottom_divergence": false
  },
  "gld": {
    "close": 374.2699890136719,
    "change_percent": -0.15473311468576503,
    "pe": null,
    "rsi": 52.36736290248493,
    "k": 38.26139846691415,
    "d": 47.683770958686374,
    "j": 19.4166534833697,
    "ma20": 371.88899993896484,
    "ma120": 334.51133244832357,
    "ma240": 304.6731246312459,
    "golden_cross": false,
    "death_cross": false,
    "top_divergence": false,
    "bottom_divergence": false
  }
}