{
  "twii": {
    "close": 28963.599609375,
    "change_percent": 0.893397362684345,
    "pe": null,
    "rsi": 66.10406071290708,
    "k": 89.6047750625826,
    "d": 78.80312968412662,
    "j": 111.2080658194946,
    "ma20": 28132.14501953125,
    "ma120": 25999.15304361979,
    "ma240": 23929.171329752604,
    "golden_cross": false,
    "death_cross": false,
    "top_divergence": false,
    "bottom_divergence": false
  },
  "tsmc": {
    "close": 1550.0,
    "change_percent": 1.9736842105263157,
    "pe": 25.55647,
    "rsi": 66.7474223424801,
    "k": 90.55002794033568,
    "d": 78.05398811430247,
    "j": 115.54210759240212,
    "ma20": 1474.5323974609375,
    "ma120": 1318.7453389485677,
    "ma240": 1154.8040362040201,
    "golden_cross": false,
    "death_cross": false,
    "top_divergence": false,
    "bottom_divergence": false
  },
  "etf0050": {
    "close": 65.5999984741211,
    "change_percent": 0.6907090371493537,
    "pe": 23.260555,
    "rsi": 68.05979259279418,
    "k": 89.17483687657571,
    "d": 78.66260209231426,
    "j": 110.19930644509864,
    "ma20": 63.40500030517578,
    "ma120": 57.886705589294436,
    "ma240": 51.747652705510454,
    "golden_cross": false,
    "death_cross": false,
    "top_divergence": false,
    "bottom_divergence": false
  },
  "etf00631l": {
    "close": 362.8999938964844,
    "change_percent": 0.707641945269242,
    "pe": null,
    "rsi": 65.17893162456649,
    "k": 90.41509898260395,
    "d": 80.205890565602,
    "j": 110.83351581660787,
    "ma20": 344.9499969482422,
    "ma120": 297.98124910990396,
    "ma240": 252.77645785013834,
    "golden_cross": false,
    "death_cross": false,
    "top_divergence": false,
    "bottom_divergence": false
  },
  "etf00675l": {
    "close": 144.10000610351562,
    "change_percent": 0.6636480946818828,
    "pe": null,
    "rsi": 65.56480919183653,
    "k": 90.54460447309071,
    "d": 80.26171639109909,
    "j": 111.11038063707397,
    "ma20": 136.885001373291,
    "ma120": 118.41541684468588,
    "ma240": 100.55416666666666,
    "golden_cross": false,
    "death_cross": false,
    "top_divergence": false,
    "bottom_divergence": false
  },
  "nasdaq": {
    "close": 23419.080078125,
    "change_percent": -0.23544648592916453,
    "pe": null,
    "rsi": 53.06254338423444,
    "k": 79.09634075467363,
    "d": 74.00381117344277,
    "j": 89.28139991713536,
    "ma20": 23389.1640625,
    "ma120": 22388.276741536458,
    "ma240": 20531.721516927082,
    "golden_cross": false,
    "death_cross": false,
    "top_divergence": false,
    "bottom_divergence": false
  },
  "tqqq": {
    "close": 54.099998474121094,
    "change_percent": -0.7157335150162483,
    "pe": 33.819725,
    "rsi": 51.07294233094465,
    "k": 77.50079630141832,
    "d": 70.88949506316484,
    "j": 90.72339877792527,
    "ma20": 54.29914379119873,
    "ma120": 50.031677436828616,
    "ma240": 42.28828810850779,
    "golden_cross": false,
    "death_cross": false,
    "top_divergence": false,
    "bottom_divergence": false
  },
  "qld": {
    "close": 71.61000061035156,
    "change_percent": -0.4863792086909789,
    "pe": 33.988796,
    "rsi": 51.60748900064169,
    "k": 78.35649234430912,
    "d": 71.86561399456389,
    "j": 91.33824904379958,
    "ma20": 71.70079536437989,
    "ma120": 67.27164204915364,
    "ma240": 59.05017927487691,
    "golden_cross": false,
    "death_cross": false,
    "top_divergence": false,
    "bottom_divergence": false
  },
  "nvda": {
    "close": 187.5399932861328,
    "change_percent": -0.36128356718739385,
    "pe": 46.535976,
    "rsi": 54.796048593866274,
    "k": 80.03230950394052,
    "d": 74.6032491273267,
    "j": 90.89043025716816,
    "ma20": 182.24749603271485,
    "ma120": 181.379630279541,
    "ma240": 154.31275110244752,
    "golden_cross": false,
    "death_cross": false,
    "top_divergence": false,
    "bottom_divergence": false
  },
  "msft": {
    "close": 487.4800109863281,
    "change_percent": 0.07801372984005744,
    "pe": 34.7208,
    "rsi": 50.099331679938686,
    "k": 83.22131655754563,
    "d": 75.95599613206667,
    "j": 97.75195740850356,
    "ma20": 483.7320022583008,
    "ma120": 505.3475575764974,
    "ma240": 464.40281105041504,
    "golden_cross": false,
    "death_cross": false,
    "top_divergence": false,
    "bottom_divergence": false
  },
  "goog": {
    "close": 314.54998779296875,
    "change_percent": 0.05088365949221952,
    "pe": 31.05133,
    "rsi": 57.739396898767545,
    "k": 80.91597528124721,
    "d": 69.57802630928718,
    "j": 103.59187322516729,
    "ma20": 313.3878646850586,
    "ma120": 251.68919741312664,
    "ma240": 211.97895304361978,
    "golden_cross": false,
    "death_cross": false,
    "top_divergence": false,
    "bottom_divergence": false
  },
  "tsla": {
    "close": 454.42999267578125,
    "change_percent": -1.1335005235871842,
    "pe": 313.4,
    "rsi": 48.541520655055486,
    "k": 28.04342870942658,
    "d": 50.82986450772492,
    "j": -17.529442887170106,
    "ma20": 463.67650146484374,
    "ma120": 399.9071667989095,
    "ma240": 354.91779181162514,
    "golden_cross": false,
    "death_cross": false,
    "top_divergence": false,
    "bottom_divergence": false
  },
  "smh": {
    "close": 363.30999755859375,
    "change_percent": -0.24710851365959322,
    "pe": 41.00638,
    "rsi": 56.11492024367044,
    "k": 82.67780477654155,
    "d": 71.87111168475307,
    "j": 104.29119096011848,
    "ma20": 359.9417358398438,
    "ma120": 324.602007039388,
    "ma240": 280.61157671610516,
    "golden_cross": false,
    "death_cross": false,
    "top_divergence": false,
    "bottom_divergence": false
  },
  "aapl": {
    "close": 273.0799865722656,
    "change_percent": -0.24840121606569393,
    "pe": 36.605896,
    "rsi": 48.42091457466145,
    "k": 57.906932375501526,
    "d": 47.778224235726995,
    "j": 78.16434865505059,
    "ma20": 276.1889984130859,
    "ma120": 248.87616182963055,
    "ma240": 231.3469668706258,
    "golden_cross": false,
    "death_cross": false,
    "top_divergence": false,
    "bottom_divergence": false
  },
  "amzn": {
    "close": 232.52999877929688,
    "change_percent": 0.198212367199818,
    "pe": 32.889675,
    "rsi": 55.215339892666826,
    "k": 88.6111840139533,
    "d": 76.26871405863265,
    "j": 113.29612392459458,
    "ma20": 228.9525001525879,
    "ma120": 227.8888334910075,
    "ma240": 217.46920852661134,
    "golden_cross": false,
    "death_cross": false,
    "top_divergence": false,
    "bottom_divergence": false
  },
  "meta": {
    "close": 665.9500122070312,
    "change_percent": 1.102189154035447,
    "pe": 29.492914,
    "rsi": 55.57192744730622,
    "k": 55.08695946514392,
    "d": 45.80767730431899,
    "j": 73.64552378679376,
    "ma20": 657.348910522461,
    "ma120": 704.7665456136068,
    "ma240": 670.6636427561442,
    "golden_cross": false,
    "death_cross": false,
    "top_divergence": false,
    "bottom_divergence": false
  },
  "btc": {
    "close": 88442.1953125,
    "change_percent": 0.01364071229608615,
    "pe": null,
    "rsi": 47.91613811024908,
    "k": 44.16367311336263,
    "d": 42.82416769091273,
    "j": 46.84268395826243,
    "ma20": 87869.20390625,
    "ma120": 102976.64908854167,
    "ma240": 106763.21500651042,
    "golden_cross": true,
    "death_cross": false,
    "top_divergence": false,
    "bottom_divergence": false
  },
  "gld": {
    "close": 398.8900146484375,
    "change_percent": 0.07275678386381168,
    "pe": null,
    "rsi": 54.57067765072804,
    "k": 49.67819082070937,
    "d": 70.684927810114,
    "j": 7.664716841900088,
    "ma20": 396.74200134277345,
    "ma120": 352.4425829569499,
    "ma240": 320.28812452952064,
    "golden_cross": false,
    "death_cross": false,
    "top_divergence": false,
    "bottom_divergence": false
  }
}