{
  "twii": {
    "close": 27564.26953125,
    "change_percent": 0.8109719183892137,
    "pe": null,
    "rsi": 53.39986228308344,
    "k": 71.70288420837201,
    "d": 58.35419866538915,
    "j": 98.40025529433774,
    "ma20": 27386.45673828125,
    "ma120": 25030.61212565104,
    "ma240": 23507.822672526043,
    "golden_cross": false,
    "death_cross": false,
    "top_divergence": false,
    "bottom_divergence": false
  },
  "tsmc": {
    "close": 1430.0,
    "change_percent": 1.4184397163120568,
    "pe": 23.585684,
    "rsi": 50.173916243464255,
    "k": 56.909832313848355,
    "d": 49.44287150784108,
    "j": 71.84375392586288,
    "ma20": 1436.0,
    "ma120": 1252.6165171305338,
    "ma240": 1123.5307179768881,
    "golden_cross": false,
    "death_cross": false,
    "top_divergence": false,
    "bottom_divergence": false
  },
  "etf0050": {
    "close": 61.70000076293945,
    "change_percent": 0.32520449258447665,
    "pe": 21.877687,
    "rsi": 50.813892239740724,
    "k": 71.1589649756252,
    "d": 59.12366484724197,
    "j": 95.22956523239165,
    "ma20": 61.795000076293945,
    "ma120": 55.25321585337321,
    "ma240": 50.471140464146934,
    "golden_cross": false,
    "death_cross": false,
    "top_divergence": false,
    "bottom_divergence": false
  },
  "etf00631l": {
    "close": 330.3500061035156,
    "change_percent": 0.8856294971370607,
    "pe": null,
    "rsi": 51.67221191640158,
    "k": 72.79988602961137,
    "d": 61.24467745606308,
    "j": 95.91030317670796,
    "ma20": 329.0074996948242,
    "ma120": 275.77333285013833,
    "ma240": 244.12874972025554,
    "golden_cross": false,
    "death_cross": false,
    "top_divergence": false,
    "bottom_divergence": false
  },
  "etf00675l": {
    "close": 131.3000030517578,
    "change_percent": 1.0000023475060096,
    "pe": null,
    "rsi": 51.83314895174795,
    "k": 73.0037971391271,
    "d": 60.98756829418001,
    "j": 97.03625482902129,
    "ma20": 130.60500144958496,
    "ma120": 109.64124997456868,
    "ma240": 97.1649998664856,
    "golden_cross": false,
    "death_cross": false,
    "top_divergence": false,
    "bottom_divergence": false
  },
  "nasdaq": {
    "close": 23275.919921875,
    "change_percent": -0.3841938044674044,
    "pe": null,
    "rsi": 54.93297296591129,
    "k": 82.28543983398964,
    "d": 64.57343437288242,
    "j": 117.70945075620409,
    "ma20": 23036.23759765625,
    "ma120": 21827.57802734375,
    "ma240": 20213.867635091145,
    "golden_cross": false,
    "death_cross": false,
    "top_divergence": false,
    "bottom_divergence": false
  },
  "tqqq": {
    "close": 54.04999923706055,
    "change_percent": -0.8984262380664816,
    "pe": 17.695574,
    "rsi": 53.269373802373735,
    "k": 79.89781495497905,
    "d": 61.13688264996679,
    "j": 117.41967956500358,
    "ma20": 52.9792501449585,
    "ma120": 47.609319337209065,
    "ma240": 41.244892835617065,
    "golden_cross": false,
    "death_cross": false,
    "top_divergence": false,
    "bottom_divergence": false
  },
  "qld": {
    "close": 71.3499984741211,
    "change_percent": -0.640578053351579,
    "pe": 17.597225,
    "rsi": 53.89855084377789,
    "k": 80.60845465637313,
    "d": 62.08490720592529,
    "j": 117.65554955726881,
    "ma20": 70.21075019836425,
    "ma120": 64.80795453389486,
    "ma240": 57.726000769933066,
    "golden_cross": false,
    "death_cross": false,
    "top_divergence": false,
    "bottom_divergence": false
  },
  "nvda": {
    "close": 179.9199981689453,
    "change_percent": 1.64971647963012,
    "pe": 44.42469,
    "rsi": 44.56430896754559,
    "k": 34.27374439354582,
    "d": 32.17435178440309,
    "j": 38.47252961183126,
    "ma20": 187.5800018310547,
    "ma120": 176.3469425201416,
    "ma240": 150.52609841028848,
    "golden_cross": false,
    "death_cross": false,
    "top_divergence": false,
    "bottom_divergence": false
  },
  "msft": {
    "close": 486.739990234375,
    "change_percent": -1.0711203891482692,
    "pe": 34.594173,
    "rsi": 42.269131153087,
    "k": 45.22204076711517,
    "d": 34.84517398369936,
    "j": 65.97577433394677,
    "ma20": 495.68324279785156,
    "ma120": 505.95441080729165,
    "ma240": 459.668742497762,
    "golden_cross": false,
    "death_cross": false,
    "top_divergence": false,
    "bottom_divergence": false
  },
  "goog": {
    "close": 315.1199951171875,
    "change_percent": -1.5619143059681828,
    "pe": 31.13834,
    "rsi": 68.65092526776812,
    "k": 79.13468190435478,
    "d": 77.6357366803798,
    "j": 82.13257235230475,
    "ma20": 294.43199920654297,
    "ma120": 228.81314964294432,
    "ma240": 202.11245613098146,
    "golden_cross": false,
    "death_cross": false,
    "top_divergence": true,
    "bottom_divergence": false
  },
  "tsla": {
    "close": 430.1400146484375,
    "change_percent": -0.006973703038441704,
    "pe": 294.61646,
    "rsi": 52.47438016398824,
    "k": 80.46975765949627,
    "d": 63.137209475393774,
    "j": 115.13485402770124,
    "ma20": 424.82350158691406,
    "ma120": 375.740416208903,
    "ma240": 351.4983331680298,
    "golden_cross": false,
    "death_cross": false,
    "top_divergence": false,
    "bottom_divergence": false
  },
  "smh": {
    "close": 352.9599914550781,
    "change_percent": 0.19302619454341058,
    "pe": 39.341766,
    "rsi": 55.86141611845782,
    "k": 80.61517464162391,
    "d": 62.39982836647382,
    "j": 117.04586719192407,
    "ma20": 346.45400085449216,
    "ma120": 310.85091603597004,
    "ma240": 272.06190236409503,
    "golden_cross": false,
    "death_cross": false,
    "top_divergence": false,
    "bottom_divergence": false
  },
  "aapl": {
    "close": 283.1000061035156,
    "change_percent": 1.5241168753721672,
    "pe": 37.898262,
    "rsi": 72.64818208703235,
    "k": 82.9505181722503,
    "d": 68.8708733081472,
    "j": 111.1098079004565,
    "ma20": 272.1632507324219,
    "ma120": 236.7233341217041,
    "ma240": 228.85120194753011,
    "golden_cross": false,
    "death_cross": false,
    "top_divergence": false,
    "bottom_divergence": false
  },
  "amzn": {
    "close": 233.8800048828125,
    "change_percent": 0.2829961661327639,
    "pe": 32.987305,
    "rsi": 52.906873615054515,
    "k": 68.36247128488286,
    "d": 47.8481786373492,
    "j": 109.39105657995016,
    "ma20": 236.15450057983398,
    "ma120": 225.8645004272461,
    "ma240": 217.02808354695637,
    "golden_cross": false,
    "death_cross": false,
    "top_divergence": false,
    "bottom_divergence": false
  },
  "meta": {
    "close": 640.8699951171875,
    "change_percent": -1.0926795210216869,
    "pe": 28.332006,
    "rsi": 49.044102027269055,
    "k": 82.41375731184948,
    "d": 65.81360675248561,
    "j": 115.61405843057722,
    "ma20": 618.6975067138671,
    "ma120": 714.0665095011393,
    "ma240": 666.7169722239177,
    "golden_cross": false,
    "death_cross": false,
    "top_divergence": false,
    "bottom_divergence": false
  },
  "btc": {
    "close": 86917.609375,
    "change_percent": 0.690486816148303,
    "pe": null,
    "rsi": 34.73608928074394,
    "k": 49.677919820761,
    "d": 57.64912336563029,
    "j": 33.735512731022425,
    "ma20": 90316.345703125,
    "ma120": 109149.82955729167,
    "ma240": 106725.93509114583,
    "golden_cross": false,
    "death_cross": false,
    "top_divergence": false,
    "bottom_divergence": false
  },
  "gld": {
    "close": 389.75,
    "change_percent": 0.48210660349776696,
    "pe": null,
    "rsi": 65.04058990121769,
    "k": 82.69071390877204,
    "d": 68.39518655856361,
    "j": 111.2817686091889,
    "ma20": 376.3084991455078,
    "ma120": 337.6970827738444,
    "ma240": 307.52541631062826,
    "golden_cross": false,
    "death_cross": false,
    "top_divergence": false,
    "bottom_divergence": false
  }
}