{
  "twii": {
    "close": 32063.75,
    "change_percent": -1.4522855203057645,
    "pe": null,
    "rsi": 66.09299200104095,
    "k": 74.41421430802566,
    "d": 84.87595175369175,
    "j": 53.490739416693486,
    "ma20": 31317.07041015625,
    "ma120": 27393.550358072916,
    "ma240": 24636.268481445313,
    "golden_cross": false,
    "death_cross": false,
    "top_divergence": false,
    "bottom_divergence": false
  },
  "tsmc": {
    "close": 1775.0,
    "change_percent": -1.662049861495845,
    "pe": 26.7965,
    "rsi": 64.4734057497217,
    "k": 68.46468551179015,
    "d": 79.6823151133281,
    "j": 46.02942630871425,
    "ma20": 1734.75,
    "ma120": 1424.109076944987,
    "ma240": 1210.7758277893067,
    "golden_cross": false,
    "death_cross": false,
    "top_divergence": false,
    "bottom_divergence": false
  },
  "etf0050": {
    "close": 72.5999984741211,
    "change_percent": -1.5593241028866527,
    "pe": 24.93221,
    "rsi": 68.67850408713929,
    "k": 77.15337667651019,
    "d": 87.15539129806685,
    "j": 57.14934743339688,
    "ma20": 70.91394309997558,
    "ma120": 60.71223017374675,
    "ma240": 53.00373722712199,
    "golden_cross": false,
    "death_cross": false,
    "top_divergence": false,
    "bottom_divergence": false
  },
  "etf00631l": {
    "close": 444.95001220703125,
    "change_percent": -3.0081717259877383,
    "pe": null,
    "rsi": 67.66087154854912,
    "k": 78.91386030825723,
    "d": 88.16402335832652,
    "j": 60.41353420811865,
    "ma20": 425.0925033569336,
    "ma120": 330.59958305358884,
    "ma240": 268.7368748982747,
    "golden_cross": false,
    "death_cross": false,
    "top_divergence": false,
    "bottom_divergence": false
  },
  "etf00675l": {
    "close": 176.5500030517578,
    "change_percent": -2.9945038177154877,
    "pe": null,
    "rsi": 68.0452553041027,
    "k": 79.2464692320404,
    "d": 88.38195365997231,
    "j": 60.97550037617657,
    "ma20": 168.6349998474121,
    "ma120": 131.30750013987225,
    "ma240": 106.84812501271566,
    "golden_cross": false,
    "death_cross": false,
    "top_divergence": false,
    "bottom_divergence": false
  },
  "nasdaq": {
    "close": 23461.8203125,
    "change_percent": -0.9427811057196465,
    "pe": null,
    "rsi": 49.43266555579355,
    "k": 67.01014375722212,
    "d": 67.75805525109911,
    "j": 65.51432076946816,
    "ma20": 23520.72236328125,
    "ma120": 22831.413639322916,
    "ma240": 20864.48289388021,
    "golden_cross": false,
    "death_cross": true,
    "top_divergence": false,
    "bottom_divergence": false
  },
  "tqqq": {
    "close": 54.0,
    "change_percent": -3.6402585335470765,
    "pe": 34.01791,
    "rsi": 48.41798737922688,
    "k": 66.14036302585164,
    "d": 67.64901214550778,
    "j": 63.12306478653937,
    "ma20": 54.518999862670896,
    "ma120": 51.92755498886108,
    "ma240": 43.39003409544627,
    "golden_cross": false,
    "death_cross": true,
    "top_divergence": false,
    "bottom_divergence": false
  },
  "qld": {
    "close": 71.70999908447266,
    "change_percent": -2.4619119168097092,
    "pe": 33.83446,
    "rsi": 48.84795398763026,
    "k": 67.00786402182754,
    "d": 68.64102266088321,
    "j": 63.74154674371621,
    "ma20": 72.09199981689453,
    "ma120": 69.20107825597127,
    "ma240": 60.395879650115965,
    "golden_cross": false,
    "death_cross": true,
    "top_divergence": false,
    "bottom_divergence": false
  },
  "nvda": {
    "close": 191.1300048828125,
    "change_percent": -0.7168405087531363,
    "pe": 47.66334,
    "rsi": 57.333036156669046,
    "k": 81.46005481039033,
    "d": 72.52358781738474,
    "j": 99.33298879640154,
    "ma20": 186.72200088500978,
    "ma120": 183.5811284383138,
    "ma240": 159.1733065287272,
    "golden_cross": false,
    "death_cross": false,
    "top_divergence": false,
    "bottom_divergence": false
  },
  "msft": {
    "close": 430.2900085449219,
    "change_percent": -0.7404824579188293,
    "pe": 26.960527,
    "rsi": 32.63822603521291,
    "k": 42.965304191266114,
    "d": 51.32119199977587,
    "j": 26.2535285742466,
    "ma20": 465.04550018310545,
    "ma120": 497.0974863688151,
    "ma240": 468.4135097503662,
    "golden_cross": false,
    "death_cross": true,
    "top_divergence": false,
    "bottom_divergence": false
  },
  "goog": {
    "close": 338.5299987792969,
    "change_percent": -0.03838802380165611,
    "pe": 33.45158,
    "rsi": 65.68905500987941,
    "k": 78.63953302306396,
    "d": 71.1792275240517,
    "j": 93.56014402108849,
    "ma20": 329.280500793457,
    "ma120": 275.72653376261394,
    "ma240": 223.67247053782145,
    "golden_cross": false,
    "death_cross": false,
    "top_divergence": false,
    "bottom_divergence": false
  },
  "tsla": {
    "close": 430.4100036621094,
    "change_percent": 3.324852646602839,
    "pe": 398.52777,
    "rsi": 45.67850252976057,
    "k": 36.402442994926474,
    "d": 42.13769673694959,
    "j": 24.931935510880237,
    "ma20": 436.99950103759767,
    "ma120": 420.7132504781087,
    "ma240": 359.43658351898193,
    "golden_cross": false,
    "death_cross": false,
    "top_divergence": false,
    "bottom_divergence": false
  },
  "smh": {
    "close": 403.4599914550781,
    "change_percent": -3.3675028570029375,
    "pe": 44.956566,
    "rsi": 59.22490415484243,
    "k": 71.53978740505694,
    "d": 76.92553200088506,
    "j": 60.768298213400726,
    "ma20": 394.8990005493164,
    "ma120": 342.9553649902344,
    "ma240": 293.22859242757164,
    "golden_cross": false,
    "death_cross": true,
    "top_divergence": false,
    "bottom_divergence": false
  },
  "aapl": {
    "close": 259.4800109863281,
    "change_percent": 0.46461677741321106,
    "pe": 32.8872,
    "rsi": 48.44444902318937,
    "k": 72.23133558388167,
    "d": 57.02512827706586,
    "j": 102.6437501975133,
    "ma20": 257.64949798583984,
    "ma120": 257.14318504333494,
    "ma240": 233.7463825861613,
    "golden_cross": false,
    "death_cross": false,
    "top_divergence": false,
    "bottom_divergence": false
  },
  "amzn": {
    "close": 239.3000030517578,
    "change_percent": -1.0052507834071887,
    "pe": 34.136948,
    "rsi": 52.88302657365299,
    "k": 65.88229988000606,
    "d": 62.52636428819621,
    "j": 72.59417106362575,
    "ma20": 239.08449783325196,
    "ma120": 230.1983331044515,
    "ma240": 217.92525018056233,
    "golden_cross": false,
    "death_cross": false,
    "top_divergence": false,
    "bottom_divergence": false
  },
  "meta": {
    "close": 716.5,
    "change_percent": -2.954043373476446,
    "pe": 30.48936,
    "rsi": 65.6478408812995,
    "k": 84.24922731290009,
    "d": 75.72922232996766,
    "j": 101.28923727876497,
    "ma20": 651.9799957275391,
    "ma120": 691.6579020182292,
    "ma240": 668.3675472259522,
    "golden_cross": false,
    "death_cross": false,
    "top_divergence": false,
    "bottom_divergence": false
  },
  "btc": {
    "close": 83461.21875,
    "change_percent": -0.7933533349404948,
    "pe": null,
    "rsi": 32.28234798676588,
    "k": 27.141721039583825,
    "d": 27.94439122514327,
    "j": 25.53638066846493,
    "ma20": 90342.562109375,
    "ma120": 96909.55130208333,
    "ma240": 104889.8376953125,
    "golden_cross": false,
    "death_cross": true,
    "top_divergence": false,
    "bottom_divergence": false
  },
  "gld": {
    "close": 444.95001220703125,
    "change_percent": -10.274245274560052,
    "pe": null,
    "rsi": 53.935915224669465,
    "k": 67.5361845427504,
    "d": 84.31247863815436,
    "j": 33.98359635194251,
    "ma20": 436.83300323486327,
    "ma120": 374.4620834350586,
    "ma240": 335.63358306884766,
    "golden_cross": false,
    "death_cross": false,
    "top_divergence": false,
    "bottom_divergence": false
  }
}