{
  "twii": {
    "close": 28303.779296875,
    "change_percent": 1.1539613810094724,
    "pe": null,
    "rsi": 61.841477140238645,
    "k": 93.14303627045929,
    "d": 82.92962720579735,
    "j": 113.5698543997832,
    "ma20": 27423.25625,
    "ma120": 25224.37179361979,
    "ma240": 23589.175415039062,
    "golden_cross": false,
    "death_cross": false,
    "top_divergence": false,
    "bottom_divergence": false
  },
  "tsmc": {
    "close": 1495.0,
    "change_percent": 2.3972602739726026,
    "pe": 24.674038,
    "rsi": 60.22066035422271,
    "k": 89.0192261360688,
    "d": 75.98965884964058,
    "j": 115.0783607089252,
    "ma20": 1435.5,
    "ma120": 1266.8338150024415,
    "ma240": 1130.490845489502,
    "golden_cross": false,
    "death_cross": false,
    "top_divergence": false,
    "bottom_divergence": false
  },
  "etf0050": {
    "close": 63.70000076293945,
    "change_percent": 1.5139454389473357,
    "pe": 22.586851,
    "rsi": 60.46889886535573,
    "k": 92.19816905853637,
    "d": 82.00895145625876,
    "j": 112.57660426309161,
    "ma20": 61.72500019073486,
    "ma120": 55.78338263829549,
    "ma240": 50.7223272005717,
    "golden_cross": false,
    "death_cross": false,
    "top_divergence": false,
    "bottom_divergence": false
  },
  "etf00631l": {
    "close": 347.8999938964844,
    "change_percent": 2.1282842007632934,
    "pe": null,
    "rsi": 59.97154881226396,
    "k": 92.00959649170261,
    "d": 82.80533025052773,
    "j": 110.41812897405237,
    "ma20": 328.92749938964846,
    "ma120": 280.23124936421715,
    "ma240": 245.7768746693929,
    "golden_cross": false,
    "death_cross": false,
    "top_divergence": false,
    "bottom_divergence": false
  },
  "etf00675l": {
    "close": 137.85000610351562,
    "change_percent": 2.0355291456411253,
    "pe": null,
    "rsi": 59.6622635238286,
    "k": 91.7581528916885,
    "d": 82.65541175906584,
    "j": 109.9636351569338,
    "ma20": 130.5550022125244,
    "ma120": 111.40125013987223,
    "ma240": 97.80874993006388,
    "golden_cross": false,
    "death_cross": false,
    "top_divergence": false,
    "bottom_divergence": false
  },
  "nasdaq": {
    "close": 23578.130859375,
    "change_percent": 0.3105288138432484,
    "pe": null,
    "rsi": 59.421118102294955,
    "k": 92.01624672706414,
    "d": 85.6149021872398,
    "j": 104.81893580671283,
    "ma20": 23046.93154296875,
    "ma120": 21957.28318684896,
    "ma240": 20275.96188964844,
    "golden_cross": false,
    "death_cross": false,
    "top_divergence": false,
    "bottom_divergence": false
  },
  "tqqq": {
    "close": 56.150001525878906,
    "change_percent": 1.1529512226582717,
    "pe": 18.383099,
    "rsi": 57.9060942691894,
    "k": 90.53660801776874,
    "d": 84.21980794879318,
    "j": 103.17020815571988,
    "ma20": 52.87350006103516,
    "ma120": 48.22140808105469,
    "ma240": 41.45410325527191,
    "golden_cross": false,
    "death_cross": false,
    "top_divergence": false,
    "bottom_divergence": false
  },
  "qld": {
    "close": 73.22000122070312,
    "change_percent": 0.826216540110684,
    "pe": 18.058428,
    "rsi": 58.45048259264026,
    "k": 90.85366852883553,
    "d": 84.67314779578486,
    "j": 103.21470999493684,
    "ma20": 70.18925056457519,
    "ma120": 65.40900993347168,
    "ma240": 57.98369790712992,
    "golden_cross": false,
    "death_cross": false,
    "top_divergence": false,
    "bottom_divergence": false
  },
  "nvda": {
    "close": 182.41000366210938,
    "change_percent": -0.5289569172620517,
    "pe": 45.263027,
    "rsi": 47.62969962698795,
    "k": 62.561846644011176,
    "d": 48.5394795521957,
    "j": 90.60658082764212,
    "ma20": 184.46974868774413,
    "ma120": 177.6070775349935,
    "ma240": 151.37181301116942,
    "golden_cross": false,
    "death_cross": false,
    "top_divergence": false,
    "bottom_divergence": false
  },
  "msft": {
    "close": 483.1600036621094,
    "change_percent": 0.48249050451045666,
    "pe": 34.36415,
    "rsi": 42.32345615566701,
    "k": 57.68298161009447,
    "d": 52.03730473124064,
    "j": 68.97433536780213,
    "ma20": 490.6788803100586,
    "ma120": 506.22792358398436,
    "ma240": 460.3533162434896,
    "golden_cross": false,
    "death_cross": false,
    "top_divergence": false,
    "bottom_divergence": false
  },
  "goog": {
    "close": 322.0899963378906,
    "change_percent": 1.1620909950767775,
    "pe": 31.733006,
    "rsi": 70.52696244664138,
    "k": 71.7715739530231,
    "d": 74.77183470762333,
    "j": 65.77105244382261,
    "ma20": 301.67449951171875,
    "ma120": 233.5479300181071,
    "ma240": 204.21450748443604,
    "golden_cross": false,
    "death_cross": false,
    "top_divergence": false,
    "bottom_divergence": false
  },
  "tsla": {
    "close": 455.0,
    "change_percent": 0.10340378456105828,
    "pe": 311.64383,
    "rsi": 61.0108128304954,
    "k": 92.19799741712905,
    "d": 84.66012428480123,
    "j": 107.27374368178468,
    "ma20": 423.06849975585936,
    "ma120": 379.78649953206383,
    "ma240": 351.35804144541424,
    "golden_cross": false,
    "death_cross": false,
    "top_divergence": false,
    "bottom_divergence": false
  },
  "smh": {
    "close": 364.4200134277344,
    "change_percent": 0.7798692689765784,
    "pe": 40.619125,
    "rsi": 61.18750420864904,
    "k": 91.11419298002409,
    "d": 85.00056207407384,
    "j": 103.34145479192458,
    "ma20": 347.4725006103516,
    "ma120": 314.2210828145345,
    "ma240": 274.0206204732259,
    "golden_cross": false,
    "death_cross": false,
    "top_divergence": false,
    "bottom_divergence": false
  },
  "aapl": {
    "close": 278.7799987792969,
    "change_percent": -0.684009028940926,
    "pe": 37.319946,
    "rsi": 59.50590052632643,
    "k": 67.02202682978842,
    "d": 74.46494657287263,
    "j": 52.13618734361998,
    "ma20": 274.7565002441406,
    "ma120": 239.54529889424643,
    "ma240": 229.40108935038248,
    "golden_cross": false,
    "death_cross": true,
    "top_divergence": false,
    "bottom_divergence": false
  },
  "amzn": {
    "close": 229.52999877929688,
    "change_percent": 0.18331725713693542,
    "pe": 32.465347,
    "rsi": 48.18640435056919,
    "k": 59.70530886412267,
    "d": 62.32255397127032,
    "j": 54.470818649827365,
    "ma20": 232.5985008239746,
    "ma120": 226.45450032552083,
    "ma240": 217.10120862325033,
    "golden_cross": false,
    "death_cross": true,
    "top_divergence": false,
    "bottom_divergence": false
  },
  "meta": {
    "close": 673.4199829101562,
    "change_percent": 1.7973414791039506,
    "pe": 29.757843,
    "rsi": 59.84552591159267,
    "k": 89.76598126669899,
    "d": 83.71252883218605,
    "j": 101.87288613572485,
    "ma20": 623.7840026855469,
    "ma120": 712.8383483886719,
    "ma240": 667.5123373667399,
    "golden_cross": false,
    "death_cross": false,
    "top_divergence": false,
    "bottom_divergence": false
  },
  "btc": {
    "close": 91713.390625,
    "change_percent": 1.4465358477182961,
    "pe": null,
    "rsi": 47.54800977810187,
    "k": 68.42006160791578,
    "d": 67.38906805869067,
    "j": 70.48204870636602,
    "ma20": 89417.1921875,
    "ma120": 107914.15455729167,
    "ma240": 106994.60950520834,
    "golden_cross": true,
    "death_cross": false,
    "top_divergence": false,
    "bottom_divergence": false
  },
  "gld": {
    "close": 386.44000244140625,
    "change_percent": -0.17823532991588176,
    "pe": null,
    "rsi": 60.368659721771564,
    "k": 77.23228953859396,
    "d": 77.44532438544884,
    "j": 76.8062198448842,
    "ma20": 380.50899810791014,
    "ma120": 340.1891660054525,
    "ma240": 309.9421246210734,
    "golden_cross": false,
    "death_cross": true,
    "top_divergence": false,
    "bottom_divergence": false
  }
}