{
  "twii": {
    "close": 32110.419921875,
    "change_percent": -4.431963003584731,
    "pe": null,
    "rsi": 45.1802784729315,
    "k": 33.051869535135175,
    "d": 50.379088834540575,
    "j": -1.602569063675631,
    "ma20": 33215.44326171875,
    "ma120": 28765.238916015624,
    "ma240": 25406.814786783852,
    "golden_cross": false,
    "death_cross": false,
    "top_divergence": false,
    "bottom_divergence": false
  },
  "tsmc": {
    "close": 1810.0,
    "change_percent": -4.232804232804233,
    "pe": 27.283691,
    "rsi": 47.0926535121755,
    "k": 28.468444497022166,
    "d": 45.45468799049982,
    "j": -5.504042489933141,
    "ma20": 1866.75,
    "ma120": 1531.2220458984375,
    "ma240": 1274.1465380350749,
    "golden_cross": false,
    "death_cross": false,
    "top_divergence": false,
    "bottom_divergence": false
  },
  "etf0050": {
    "close": 73.5999984741211,
    "change_percent": -4.2290176506567185,
    "pe": 25.275629,
    "rsi": 46.428857052142256,
    "k": 32.875032026272095,
    "d": 49.37082650048316,
    "j": -0.1165569221500391,
    "ma20": 75.79249954223633,
    "ma120": 64.34084418614705,
    "ma240": 55.195079199473064,
    "golden_cross": false,
    "death_cross": false,
    "top_divergence": false,
    "bottom_divergence": false
  },
  "etf00631l": {
    "close": 430.20001220703125,
    "change_percent": -10.009408389873258,
    "pe": null,
    "rsi": 42.87142949878961,
    "k": 29.116757051300837,
    "d": 46.12092684575599,
    "j": -4.891582537609466,
    "ma20": 471.86500091552733,
    "ma120": 363.19333318074547,
    "ma240": 286.59166666666664,
    "golden_cross": false,
    "death_cross": false,
    "top_divergence": false,
    "bottom_divergence": false
  },
  "etf00675l": {
    "close": 171.0,
    "change_percent": -9.810129485629135,
    "pe": null,
    "rsi": 42.88850475095028,
    "k": 29.337399460101114,
    "d": 46.23244832315635,
    "j": -4.4526982660093495,
    "ma20": 187.0900016784668,
    "ma120": 144.17625045776367,
    "ma240": 113.87812512715658,
    "golden_cross": false,
    "death_cross": false,
    "top_divergence": false,
    "bottom_divergence": false
  },
  "nasdaq": {
    "close": 22387.6796875,
    "change_percent": -1.5882487229215103,
    "pe": null,
    "rsi": 40.62308727719305,
    "k": 46.105631673474605,
    "d": 51.98995353449486,
    "j": 34.33698795143411,
    "ma20": 22794.13876953125,
    "ma120": 23078.650748697917,
    "ma240": 21307.017504882813,
    "golden_cross": false,
    "death_cross": true,
    "top_divergence": false,
    "bottom_divergence": false
  },
  "tqqq": {
    "close": 47.540000915527344,
    "change_percent": -4.538149309551274,
    "pe": 31.903358,
    "rsi": 41.725668270080696,
    "k": 50.23892849995666,
    "d": 55.09514217242812,
    "j": 40.52650115501372,
    "ma20": 49.64850006103516,
    "ma120": 52.758731524149574,
    "ma240": 44.888965876897174,
    "golden_cross": false,
    "death_cross": true,
    "top_divergence": false,
    "bottom_divergence": false
  },
  "qld": {
    "close": 66.19000244140625,
    "change_percent": -3.0325221653128573,
    "pe": 32.38608,
    "rsi": 42.14719683450351,
    "k": 51.213521622212944,
    "d": 56.159064454598976,
    "j": 41.32243595744089,
    "ma20": 68.01949996948242,
    "ma120": 70.21672643025717,
    "ma240": 62.18124402364095,
    "golden_cross": false,
    "death_cross": true,
    "top_divergence": false,
    "bottom_divergence": false
  },
  "nvda": {
    "close": 177.82000732421875,
    "change_percent": -3.0107936751011413,
    "pe": 36.229126,
    "rsi": 42.41624894714386,
    "k": 28.944280981553547,
    "d": 37.668447898347964,
    "j": 11.495947147964714,
    "ma20": 186.16149978637696,
    "ma120": 185.17617479960123,
    "ma240": 165.51280816396078,
    "golden_cross": false,
    "death_cross": false,
    "top_divergence": false,
    "bottom_divergence": false
  },
  "msft": {
    "close": 408.9599914550781,
    "change_percent": -0.41881787556692857,
    "pe": 25.575985,
    "rsi": 47.57869435050364,
    "k": 81.5464686471372,
    "d": 70.0259751394345,
    "j": 104.58745566254262,
    "ma20": 400.80899200439455,
    "ma120": 475.15893681844074,
    "ma240": 468.4751469930013,
    "golden_cross": false,
    "death_cross": false,
    "top_divergence": false,
    "bottom_divergence": false
  },
  "goog": {
    "close": 298.29998779296875,
    "change_percent": -0.8673742439189231,
    "pe": 27.620369,
    "rsi": 34.2289837840429,
    "k": 26.370419045792215,
    "d": 34.973357803608636,
    "j": 9.164541530159369,
    "ma20": 309.24349822998045,
    "ma120": 295.3287675221761,
    "ma240": 237.85708688100178,
    "golden_cross": false,
    "death_cross": false,
    "top_divergence": false,
    "bottom_divergence": false
  },
  "tsla": {
    "close": 396.7300109863281,
    "change_percent": -2.1748186591348584,
    "pe": 370.7757,
    "rsi": 41.05268826962492,
    "k": 42.661056285958345,
    "d": 42.779700434688436,
    "j": 42.423767988498156,
    "ma20": 410.17849884033205,
    "ma120": 434.2985003153483,
    "ma240": 372.79945850372314,
    "golden_cross": false,
    "death_cross": true,
    "top_divergence": false,
    "bottom_divergence": true
  },
  "smh": {
    "close": 380.55999755859375,
    "change_percent": -3.7409911006930314,
    "pe": 39.03091,
    "rsi": 38.61588973351344,
    "k": 21.733807088488877,
    "d": 35.03646141584331,
    "j": -4.87150156621999,
    "ma20": 406.8000015258789,
    "ma120": 364.9522305806478,
    "ma240": 310.5705781300863,
    "golden_cross": false,
    "death_cross": false,
    "top_divergence": false,
    "bottom_divergence": false
  },
  "aapl": {
    "close": 257.4599914550781,
    "change_percent": -1.0872553678353483,
    "pe": 32.58987,
    "rsi": 40.87912406174316,
    "k": 25.360403272282365,
    "d": 36.46458935831602,
    "j": 3.152031100215055,
    "ma20": 266.5489990234375,
    "ma120": 264.1972226460775,
    "ma240": 237.29730656941732,
    "golden_cross": false,
    "death_cross": false,
    "top_divergence": false,
    "bottom_divergence": false
  },
  "amzn": {
    "close": 213.2100067138672,
    "change_percent": -2.6171534044229996,
    "pe": 29.765364,
    "rsi": 47.48538246778726,
    "k": 75.97714812061159,
    "d": 76.86569318615858,
    "j": 74.2000579895176,
    "ma20": 207.89300079345702,
    "ma120": 226.89383341471355,
    "ma240": 218.62212518056234,
    "golden_cross": false,
    "death_cross": true,
    "top_divergence": false,
    "bottom_divergence": false
  },
  "meta": {
    "close": 644.8599853515625,
    "change_percent": -2.37825238785713,
    "pe": 27.475927,
    "rsi": 45.70822745448433,
    "k": 60.41478724271319,
    "d": 62.788390893447364,
    "j": 55.667579941244824,
    "ma20": 653.3924957275391,
    "ma120": 672.2754414876302,
    "ma240": 670.6410077412924,
    "golden_cross": false,
    "death_cross": true,
    "top_divergence": false,
    "bottom_divergence": false
  },
  "btc": {
    "close": 67418.8046875,
    "change_percent": 2.1964957440267394,
    "pe": null,
    "rsi": 45.70071341939825,
    "k": 39.138928989382485,
    "d": 50.64077844564737,
    "j": 16.135230076852707,
    "ma20": 67459.83671875,
    "ma120": 83725.35257161458,
    "ma240": 98875.89695638021,
    "golden_cross": false,
    "death_cross": false,
    "top_divergence": false,
    "bottom_divergence": false
  },
  "gld": {
    "close": 473.510009765625,
    "change_percent": 1.583250339069649,
    "pe": null,
    "rsi": 54.60357702405949,
    "k": 63.547926761795985,
    "d": 70.46866147638522,
    "j": 49.706457332617504,
    "ma20": 468.0655014038086,
    "ma120": 403.67800089518227,
    "ma240": 354.8929168701172,
    "golden_cross": false,
    "death_cross": false,
    "top_divergence": false,
    "bottom_divergence": false
  }
}