{
  "twii": {
    "close": 28198.01953125,
    "change_percent": 0.6182732450780114,
    "pe": null,
    "rsi": 58.00721268166815,
    "k": 75.30588010260476,
    "d": 81.65073088461193,
    "j": 62.61617853859042,
    "ma20": 27511.90625,
    "ma120": 25429.939371744793,
    "ma240": 23674.83807779948,
    "golden_cross": false,
    "death_cross": false,
    "top_divergence": false,
    "bottom_divergence": false
  },
  "tsmc": {
    "close": 1480.0,
    "change_percent": 0.6802721088435374,
    "pe": 24.438572,
    "rsi": 56.32293882714756,
    "k": 74.8193959127928,
    "d": 79.46082998386754,
    "j": 65.53652777064332,
    "ma20": 1436.4535034179687,
    "ma120": 1277.3387583414712,
    "ma240": 1133.855736541748,
    "golden_cross": false,
    "death_cross": false,
    "top_divergence": false,
    "bottom_divergence": false
  },
  "etf0050": {
    "close": 63.45000076293945,
    "change_percent": 0.15785681330238863,
    "pe": 22.498205,
    "rsi": 57.44983813094464,
    "k": 76.13302400681167,
    "d": 82.66464571069643,
    "j": 63.06978059904213,
    "ma20": 61.9125,
    "ma120": 56.34528128306071,
    "ma240": 50.98100635210673,
    "golden_cross": false,
    "death_cross": false,
    "top_divergence": false,
    "bottom_divergence": false
  },
  "etf00631l": {
    "close": 347.8500061035156,
    "change_percent": 1.4139959485468294,
    "pe": null,
    "rsi": 58.12847751883514,
    "k": 79.42651018350911,
    "d": 83.67879191840395,
    "j": 70.92194671371945,
    "ma20": 330.7699996948242,
    "ma120": 284.9745827992757,
    "ma240": 247.54916636149088,
    "golden_cross": false,
    "death_cross": false,
    "top_divergence": false,
    "bottom_divergence": false
  },
  "etf00675l": {
    "close": 138.0,
    "change_percent": 1.3960277819820728,
    "pe": null,
    "rsi": 58.24046711782165,
    "k": 78.59605903014722,
    "d": 83.10411820690568,
    "j": 69.57994067663029,
    "ma20": 131.26500205993653,
    "ma120": 113.27333354949951,
    "ma240": 98.50312496821086,
    "golden_cross": false,
    "death_cross": false,
    "top_divergence": false,
    "bottom_divergence": false
  },
  "nasdaq": {
    "close": 23593.859375,
    "change_percent": -0.25488556819565805,
    "pe": null,
    "rsi": 58.90454196353403,
    "k": 86.10423294026623,
    "d": 87.03109322026792,
    "j": 84.25051238026285,
    "ma20": 23095.12802734375,
    "ma120": 22092.488688151043,
    "ma240": 20338.384513346355,
    "golden_cross": false,
    "death_cross": true,
    "top_divergence": false,
    "bottom_divergence": false
  },
  "tqqq": {
    "close": 56.11000061035156,
    "change_percent": -0.9532231261823709,
    "pe": 35.076244,
    "rsi": 56.9143491256502,
    "k": 83.24471614101687,
    "d": 84.84125645312182,
    "j": 80.05163551680698,
    "ma20": 53.05650005340576,
    "ma120": 48.87170508702596,
    "ma240": 41.6768831094106,
    "golden_cross": false,
    "death_cross": true,
    "top_divergence": false,
    "bottom_divergence": false
  },
  "qld": {
    "close": 73.18000030517578,
    "change_percent": -0.6516472075340216,
    "pe": 34.73398,
    "rsi": 57.37830117403255,
    "k": 83.55517545963221,
    "d": 85.22343634316832,
    "j": 80.21865369256,
    "ma20": 70.40450057983398,
    "ma120": 66.04499492645263,
    "ma240": 58.25178445180257,
    "golden_cross": false,
    "death_cross": true,
    "top_divergence": false,
    "bottom_divergence": false
  },
  "nvda": {
    "close": 180.92999267578125,
    "change_percent": -1.5507705530775544,
    "pe": 44.89578,
    "rsi": 45.760203209229786,
    "k": 65.1709888040013,
    "d": 65.24942578791973,
    "j": 65.01411483616442,
    "ma20": 182.52540283203126,
    "ma120": 178.92103385925293,
    "ma240": 152.12540318171185,
    "golden_cross": false,
    "death_cross": true,
    "top_divergence": false,
    "bottom_divergence": false
  },
  "msft": {
    "close": 483.4700012207031,
    "change_percent": 1.025995421087866,
    "pe": 34.361763,
    "rsi": 44.377190842630874,
    "k": 53.41238022689953,
    "d": 58.97490703205385,
    "j": 42.28732661659089,
    "ma20": 486.989306640625,
    "ma120": 506.47898966471354,
    "ma240": 461.22244084676106,
    "golden_cross": false,
    "death_cross": false,
    "top_divergence": false,
    "bottom_divergence": false
  },
  "goog": {
    "close": 313.70001220703125,
    "change_percent": -2.274139499367212,
    "pe": 30.967424,
    "rsi": 59.14974340421768,
    "k": 44.512896071095014,
    "d": 53.77213156853358,
    "j": 25.99442507621788,
    "ma20": 307.3872787475586,
    "ma120": 238.25405146280926,
    "ma240": 206.1076841990153,
    "golden_cross": false,
    "death_cross": false,
    "top_divergence": false,
    "bottom_divergence": false
  },
  "tsla": {
    "close": 446.8900146484375,
    "change_percent": -1.010078067403523,
    "pe": 312.5105,
    "rsi": 55.81580991904038,
    "k": 74.67103061347375,
    "d": 78.66689529974037,
    "j": 66.67930124094048,
    "ma20": 424.97450103759763,
    "ma120": 383.73524983723956,
    "ma240": 351.42062486012776,
    "golden_cross": false,
    "death_cross": false,
    "top_divergence": false,
    "bottom_divergence": false
  },
  "smh": {
    "close": 370.8900146484375,
    "change_percent": -0.8580570442947016,
    "pe": 41.861923,
    "rsi": 63.136185675999,
    "k": 89.93851579225095,
    "d": 90.41556648197022,
    "j": 88.98441441281244,
    "ma20": 350.9250015258789,
    "ma120": 317.8558329264323,
    "ma240": 276.05970802307127,
    "golden_cross": false,
    "death_cross": true,
    "top_divergence": false,
    "bottom_divergence": false
  },
  "aapl": {
    "close": 278.0299987792969,
    "change_percent": -0.2690293433115896,
    "pe": 37.319466,
    "rsi": 57.24667411002572,
    "k": 30.992030037301323,
    "d": 42.7958154422068,
    "j": 7.3844592274903675,
    "ma20": 276.0325012207031,
    "ma120": 242.20221290588378,
    "ma240": 229.77410507202148,
    "golden_cross": false,
    "death_cross": false,
    "top_divergence": false,
    "bottom_divergence": false
  },
  "amzn": {
    "close": 230.27999877929688,
    "change_percent": -0.6471654188885877,
    "pe": 32.571426,
    "rsi": 49.56689304893029,
    "k": 39.9370831240785,
    "d": 44.99552820069748,
    "j": 29.820192970840537,
    "ma20": 229.1365005493164,
    "ma120": 227.04925015767415,
    "ma240": 217.1461669286092,
    "golden_cross": false,
    "death_cross": false,
    "top_divergence": false,
    "bottom_divergence": false
  },
  "meta": {
    "close": 652.7100219726562,
    "change_percent": 0.39684633388191404,
    "pe": 28.906555,
    "rsi": 51.473266982585976,
    "k": 55.05017930093105,
    "d": 68.99751915693426,
    "j": 27.155499588924613,
    "ma20": 630.6360015869141,
    "ma120": 711.6266067504882,
    "ma240": 668.4956043243408,
    "golden_cross": false,
    "death_cross": false,
    "top_divergence": false,
    "bottom_divergence": false
  },
  "btc": {
    "close": 92447.484375,
    "change_percent": -0.06902025773699524,
    "pe": null,
    "rsi": 49.374701271822715,
    "k": 69.37604385296609,
    "d": 69.12134250199415,
    "j": 69.88544655490998,
    "ma20": 90455.259765625,
    "ma120": 106980.74036458334,
    "ma240": 107130.72643229166,
    "golden_cross": false,
    "death_cross": false,
    "top_divergence": false,
    "bottom_divergence": false
  },
  "gld": {
    "close": 393.239990234375,
    "change_percent": 1.0769830543307821,
    "pe": null,
    "rsi": 66.80109064476095,
    "k": 75.93564528327293,
    "d": 72.40650824409468,
    "j": 82.99391936162942,
    "ma20": 382.63699798583986,
    "ma120": 342.7866658528646,
    "ma240": 312.39020779927574,
    "golden_cross": true,
    "death_cross": false,
    "top_divergence": false,
    "bottom_divergence": false
  }
}