{
  "twii": {
    "close": 33605.7109375,
    "change_percent": 1.6108084869157686,
    "pe": null,
    "rsi": 71.98040667175904,
    "k": 76.71315920961084,
    "d": 63.67631877119635,
    "j": 102.78684008643981,
    "ma20": 32056.77421875,
    "ma120": 27932.574934895834,
    "ma240": 24931.18438313802,
    "golden_cross": false,
    "death_cross": false,
    "top_divergence": false,
    "bottom_divergence": false
  },
  "tsmc": {
    "close": 1915.0,
    "change_percent": 1.8617021276595744,
    "pe": 28.901297,
    "rsi": 74.48968293698715,
    "k": 77.99544960934925,
    "d": 64.68110260067056,
    "j": 104.62414362670665,
    "ma20": 1783.75,
    "ma120": 1466.7670450846354,
    "ma240": 1235.6484817504884,
    "golden_cross": false,
    "death_cross": false,
    "top_divergence": false,
    "bottom_divergence": false
  },
  "etf0050": {
    "close": 77.19999694824219,
    "change_percent": 2.2516515870757448,
    "pe": 26.511936,
    "rsi": 75.59846764435702,
    "k": 79.38851751432932,
    "d": 66.67599099728696,
    "j": 104.81357054841405,
    "ma20": 72.62468681335449,
    "ma120": 62.124363803863524,
    "ma240": 53.85169428189595,
    "golden_cross": false,
    "death_cross": false,
    "top_divergence": false,
    "bottom_divergence": false
  },
  "etf00631l": {
    "close": 486.1000061035156,
    "change_percent": 3.5687652673228625,
    "pe": null,
    "rsi": 70.44756999857158,
    "k": 77.2615529974486,
    "d": 64.3864314132075,
    "j": 103.0117961659308,
    "ma20": 443.0925033569336,
    "ma120": 343.292916615804,
    "ma240": 275.5156249364217,
    "golden_cross": false,
    "death_cross": false,
    "top_divergence": false,
    "bottom_divergence": false
  },
  "etf00675l": {
    "close": 192.3000030517578,
    "change_percent": 3.3315404325099927,
    "pe": null,
    "rsi": 70.40205499933093,
    "k": 77.54725728376644,
    "d": 64.85719606255492,
    "j": 102.92737972618949,
    "ma20": 175.75750045776368,
    "ma120": 136.3200003306071,
    "ma240": 109.51875009536744,
    "golden_cross": false,
    "death_cross": false,
    "top_divergence": false,
    "bottom_divergence": false
  },
  "nasdaq": {
    "close": 22578.380859375,
    "change_percent": 0.1406457699069508,
    "pe": null,
    "rsi": 38.37597181635567,
    "k": 27.11278953199531,
    "d": 31.82053727549792,
    "j": 17.6972940449901,
    "ma20": 23199.63701171875,
    "ma120": 22966.211002604166,
    "ma240": 21037.20782877604,
    "golden_cross": false,
    "death_cross": false,
    "top_divergence": false,
    "bottom_divergence": false
  },
  "tqqq": {
    "close": 48.349998474121094,
    "change_percent": -0.2475814804204588,
    "pe": 29.608809,
    "rsi": 39.03695989522259,
    "k": 28.11897127249707,
    "d": 31.05846342699677,
    "j": 22.239986963497664,
    "ma20": 52.26550025939942,
    "ma120": 52.37251586914063,
    "ma240": 43.891531109809875,
    "golden_cross": false,
    "death_cross": false,
    "top_divergence": false,
    "bottom_divergence": false
  },
  "qld": {
    "close": 66.7699966430664,
    "change_percent": -0.22415052298748492,
    "pe": 30.798708,
    "rsi": 39.457838204407246,
    "k": 29.201755947711007,
    "d": 32.33350593335595,
    "j": 22.938255976421118,
    "ma20": 70.20250053405762,
    "ma120": 69.72206484476725,
    "ma240": 61.038446474075315,
    "golden_cross": false,
    "death_cross": false,
    "top_divergence": false,
    "bottom_divergence": false
  },
  "nvda": {
    "close": 184.97000122070312,
    "change_percent": 1.1815566385624268,
    "pe": 45.898262,
    "rsi": 49.69542492151558,
    "k": 62.38687726814983,
    "d": 61.61254491968109,
    "j": 63.935541965087324,
    "ma20": 185.2415008544922,
    "ma120": 183.96355628967285,
    "ma240": 161.6928371111552,
    "golden_cross": false,
    "death_cross": false,
    "top_divergence": false,
    "bottom_divergence": false
  },
  "msft": {
    "close": 396.8599853515625,
    "change_percent": -1.111338057226009,
    "pe": 24.819262,
    "rsi": 30.970162860211037,
    "k": 22.11952060778841,
    "d": 23.136270745571267,
    "j": 20.086020332222688,
    "ma20": 429.34199981689454,
    "ma120": 487.3445826212565,
    "ma240": 468.75948473612465,
    "golden_cross": false,
    "death_cross": true,
    "top_divergence": false,
    "bottom_divergence": false
  },
  "goog": {
    "close": 302.82000732421875,
    "change_percent": -1.0456773427667045,
    "pe": 28.01295,
    "rsi": 30.421800058498537,
    "k": 15.154708266393863,
    "d": 25.34793037371001,
    "j": -5.2317359482384305,
    "ma20": 326.89049835205077,
    "ma120": 286.6297088623047,
    "ma240": 230.32006753285725,
    "golden_cross": false,
    "death_cross": false,
    "top_divergence": false,
    "bottom_divergence": false
  },
  "tsla": {
    "close": 410.6300048828125,
    "change_percent": -1.6313715788533305,
    "pe": 383.76633,
    "rsi": 42.162251500468855,
    "k": 55.74816365138083,
    "d": 53.84216790537705,
    "j": 59.560155143388386,
    "ma20": 423.38399810791014,
    "ma120": 428.159583791097,
    "ma240": 364.0675002415975,
    "golden_cross": false,
    "death_cross": false,
    "top_divergence": false,
    "bottom_divergence": false
  },
  "smh": {
    "close": 407.510009765625,
    "change_percent": -0.05150383950981458,
    "pe": 43.219437,
    "rsi": 56.463899938833706,
    "k": 70.88319805339682,
    "d": 65.95400562078757,
    "j": 80.74158291861534,
    "ma20": 402.8414993286133,
    "ma120": 352.82138900756837,
    "ma240": 300.60159562428794,
    "golden_cross": false,
    "death_cross": false,
    "top_divergence": false,
    "bottom_divergence": false
  },
  "aapl": {
    "close": 263.8800048828125,
    "change_percent": 3.16678635631116,
    "pe": 33.44487,
    "rsi": 48.607349276086566,
    "k": 37.64737742423061,
    "d": 54.648895389526174,
    "j": 3.6443414936394873,
    "ma20": 262.52045516967775,
    "ma120": 260.7103535970052,
    "ma240": 234.84944394429525,
    "golden_cross": false,
    "death_cross": false,
    "top_divergence": false,
    "bottom_divergence": false
  },
  "amzn": {
    "close": 201.14999389648438,
    "change_percent": 1.187182800974616,
    "pe": 28.093575,
    "rsi": 26.680998014961666,
    "k": 10.325883093528741,
    "d": 15.261884187313457,
    "j": 0.4538809059593092,
    "ma20": 225.49150009155272,
    "ma120": 229.16083335876465,
    "ma240": 217.94375012715656,
    "golden_cross": false,
    "death_cross": false,
    "top_divergence": false,
    "bottom_divergence": false
  },
  "meta": {
    "close": 639.2899780273438,
    "change_percent": -0.07503344784083026,
    "pe": 27.250214,
    "rsi": 42.615031419564104,
    "k": 16.698291077782624,
    "d": 23.248222807901122,
    "j": 3.5984276175456245,
    "ma20": 666.8304962158203,
    "ma120": 682.8223337809245,
    "ma240": 668.1518889109294,
    "golden_cross": false,
    "death_cross": false,
    "top_divergence": false,
    "bottom_divergence": false
  },
  "btc": {
    "close": 68124.5,
    "change_percent": 0.9338299808085414,
    "pe": null,
    "rsi": 36.12769211736786,
    "k": 50.29853871082339,
    "d": 50.61605043047268,
    "j": 49.6635152715248,
    "ma20": 71193.7251953125,
    "ma120": 90168.98304036459,
    "ma240": 102202.77596028645,
    "golden_cross": false,
    "death_cross": false,
    "top_divergence": false,
    "bottom_divergence": false
  },
  "gld": {
    "close": 448.20001220703125,
    "change_percent": -3.1170254339100683,
    "pe": null,
    "rsi": 50.68835567668326,
    "k": 53.8035864609112,
    "d": 56.17187071597317,
    "j": 49.06701795078726,
    "ma20": 457.94150390625,
    "ma120": 387.82050094604494,
    "ma240": 344.11216672261554,
    "golden_cross": false,
    "death_cross": true,
    "top_divergence": false,
    "bottom_divergence": false
  }
}