{
  "twii": {
    "close": 30105.0390625,
    "change_percent": 2.573197242342719,
    "pe": null,
    "rsi": 76.02168666762805,
    "k": 91.88158380232503,
    "d": 86.27335155691087,
    "j": 103.09804829315331,
    "ma20": 28325.45,
    "ma120": 26115.907796223957,
    "ma240": 23980.82237141927,
    "golden_cross": false,
    "death_cross": false,
    "top_divergence": false,
    "bottom_divergence": false
  },
  "tsmc": {
    "close": 1670.0,
    "change_percent": 5.3627760252365935,
    "pe": 27.580513,
    "rsi": 78.30591639114931,
    "k": 92.32779019570475,
    "d": 86.28881781090055,
    "j": 104.40573496531312,
    "ma20": 1493.0132934570313,
    "ma120": 1327.7534322102865,
    "ma240": 1159.1217252095541,
    "golden_cross": false,
    "death_cross": false,
    "top_divergence": false,
    "bottom_divergence": false
  },
  "etf0050": {
    "close": 69.5,
    "change_percent": 3.8088172785566714,
    "pe": 24.643423,
    "rsi": 80.3194226089351,
    "k": 92.33079253373901,
    "d": 86.27692730483885,
    "j": 104.43852299153937,
    "ma20": 64.00250015258788,
    "ma120": 58.2043132464091,
    "ma240": 51.90221716562907,
    "golden_cross": false,
    "death_cross": false,
    "top_divergence": false,
    "bottom_divergence": false
  },
  "etf00631l": {
    "close": 396.20001220703125,
    "change_percent": 5.58294795657062,
    "pe": null,
    "rsi": 77.25838412951276,
    "k": 93.22911062518219,
    "d": 87.48992598645833,
    "j": 104.70747990262987,
    "ma20": 349.95749816894534,
    "ma120": 300.6895825703939,
    "ma240": 253.89729124704996,
    "golden_cross": false,
    "death_cross": false,
    "top_divergence": false,
    "bottom_divergence": false
  },
  "etf00675l": {
    "close": 156.85000610351562,
    "change_percent": 5.268460472158138,
    "pe": null,
    "rsi": 77.36426756253569,
    "k": 92.81363060616225,
    "d": 87.43117370522268,
    "j": 103.57854440804141,
    "ma20": 138.86000137329103,
    "ma120": 119.48250020345053,
    "ma240": 100.99395834604898,
    "golden_cross": false,
    "death_cross": false,
    "top_divergence": false,
    "bottom_divergence": false
  },
  "nasdaq": {
    "close": 23235.630859375,
    "change_percent": -0.027361576766323815,
    "pe": null,
    "rsi": 48.6382332070959,
    "k": 52.70460661905962,
    "d": 65.4539310612424,
    "j": 27.20595773469404,
    "ma20": 23369.65712890625,
    "ma120": 22432.041422526043,
    "ma240": 20563.0095703125,
    "golden_cross": false,
    "death_cross": false,
    "top_divergence": false,
    "bottom_divergence": false
  },
  "tqqq": {
    "close": 52.349998474121094,
    "change_percent": -0.7018261343224919,
    "pe": 32.725742,
    "rsi": 45.25882961612397,
    "k": 48.74112198567528,
    "d": 62.014484999559706,
    "j": 22.194395957906423,
    "ma20": 54.01181964874267,
    "ma120": 50.20765104293823,
    "ma240": 42.39059185187022,
    "golden_cross": false,
    "death_cross": false,
    "top_divergence": false,
    "bottom_divergence": false
  },
  "qld": {
    "close": 70.0999984741211,
    "change_percent": -0.4402857149048953,
    "pe": 33.272095,
    "rsi": 45.917683850171606,
    "k": 49.56706984998961,
    "d": 62.953604398876756,
    "j": 22.794000752215325,
    "ma20": 71.46560401916504,
    "ma120": 67.45229638417563,
    "ma240": 59.17654767036438,
    "golden_cross": false,
    "death_cross": false,
    "top_divergence": false,
    "bottom_divergence": false
  },
  "nvda": {
    "close": 188.85000610351562,
    "change_percent": 1.2600568919654827,
    "pe": 46.745052,
    "rsi": 56.12643462024063,
    "k": 76.33671606562966,
    "d": 75.669593975964,
    "j": 77.67096024496095,
    "ma20": 182.9635009765625,
    "ma120": 181.76627057393392,
    "ma240": 154.7466849009196,
    "golden_cross": false,
    "death_cross": false,
    "top_divergence": false,
    "bottom_divergence": false
  },
  "msft": {
    "close": 472.94000244140625,
    "change_percent": -2.20834390298386,
    "pe": 33.66121,
    "rsi": 37.358006051535,
    "k": 52.5346165550403,
    "d": 67.19887542419886,
    "j": 23.20609881672317,
    "ma20": 483.1735015869141,
    "ma120": 504.9621287027995,
    "ma240": 464.8578138987223,
    "golden_cross": false,
    "death_cross": false,
    "top_divergence": false,
    "bottom_divergence": false
  },
  "goog": {
    "close": 315.32000732421875,
    "change_percent": 0.4843912015231948,
    "pe": 31.158104,
    "rsi": 58.28421709764896,
    "k": 74.13750617014156,
    "d": 73.33864094725544,
    "j": 75.7352366159138,
    "ma20": 313.0326202392578,
    "ma120": 253.90221710205077,
    "ma240": 212.97345314025878,
    "golden_cross": false,
    "death_cross": false,
    "top_divergence": false,
    "bottom_divergence": false
  },
  "tsla": {
    "close": 438.07000732421875,
    "change_percent": -2.590499391813143,
    "pe": 302.11725,
    "rsi": 42.4281286531287,
    "k": 14.105581986149605,
    "d": 31.510308256354975,
    "j": -20.70387055426113,
    "ma20": 464.26700286865236,
    "ma120": 402.05200017293294,
    "ma240": 355.1155834833781,
    "golden_cross": false,
    "death_cross": false,
    "top_divergence": false,
    "bottom_divergence": false
  },
  "smh": {
    "close": 373.29998779296875,
    "change_percent": 3.657007950348876,
    "pe": 42.133938,
    "rsi": 61.904567450589866,
    "k": 81.46270715488848,
    "d": 76.38572745866698,
    "j": 91.61666654733148,
    "ma20": 360.5354949951172,
    "ma120": 325.955313873291,
    "ma240": 281.5468837102254,
    "golden_cross": false,
    "death_cross": false,
    "top_divergence": false,
    "bottom_divergence": false
  },
  "aapl": {
    "close": 271.010009765625,
    "change_percent": -0.3126519648849142,
    "pe": 36.377182,
    "rsi": 43.835336333033794,
    "k": 46.18247544228598,
    "d": 49.49667479391398,
    "j": 39.554076739029966,
    "ma20": 274.8154983520508,
    "ma120": 249.90926183064778,
    "ma240": 231.70818837483725,
    "golden_cross": false,
    "death_cross": true,
    "top_divergence": false,
    "bottom_divergence": false
  },
  "amzn": {
    "close": 226.5,
    "change_percent": -1.87159136432688,
    "pe": 31.946404,
    "rsi": 44.88193378938569,
    "k": 61.56088356599187,
    "d": 73.07905776842014,
    "j": 38.52453516113533,
    "ma20": 228.47850036621094,
    "ma120": 227.94391682942708,
    "ma240": 217.51387519836425,
    "golden_cross": false,
    "death_cross": true,
    "top_divergence": false,
    "bottom_divergence": false
  },
  "meta": {
    "close": 650.4099731445312,
    "change_percent": -1.4664747711840544,
    "pe": 28.817455,
    "rsi": 47.487246888987315,
    "k": 38.74109050323823,
    "d": 43.633920011134705,
    "j": 28.95543148744528,
    "ma20": 658.591342163086,
    "ma120": 703.7183090209961,
    "ma240": 671.039799118042,
    "golden_cross": false,
    "death_cross": true,
    "top_divergence": false,
    "bottom_divergence": false
  },
  "btc": {
    "close": 92493.9453125,
    "change_percent": 1.1819405419758622,
    "pe": null,
    "rsi": 61.990128677699715,
    "k": 81.02501811241297,
    "d": 67.76898449434917,
    "j": 107.53708534854056,
    "ma20": 88331.497265625,
    "ma120": 102124.68098958333,
    "ma240": 106544.50875651042,
    "golden_cross": false,
    "death_cross": false,
    "top_divergence": false,
    "bottom_divergence": false
  },
  "gld": {
    "close": 398.2799987792969,
    "change_percent": 0.4970859258759587,
    "pe": null,
    "rsi": 53.739480930656,
    "k": 27.27433558193249,
    "d": 48.180685612216806,
    "j": -14.53836447863614,
    "ma20": 397.76550140380857,
    "ma120": 353.92124938964844,
    "ma240": 321.51612447102866,
    "golden_cross": false,
    "death_cross": false,
    "top_divergence": false,
    "bottom_divergence": false
  }
}