{
  "twii": {
    "close": 27980.890625,
    "change_percent": 0.6662167696173898,
    "pe": null,
    "rsi": 58.25210572926797,
    "k": 89.71455440568894,
    "d": 77.82292267346637,
    "j": 113.4978178701341,
    "ma20": 27401.5427734375,
    "ma120": 25173.603548177085,
    "ma240": 23567.271337890626,
    "golden_cross": false,
    "death_cross": false,
    "top_divergence": false,
    "bottom_divergence": false
  },
  "tsmc": {
    "close": 1460.0,
    "change_percent": 1.0380622837370241,
    "pe": 24.056683,
    "rsi": 54.97752963888273,
    "k": 83.5288392041032,
    "d": 69.47487520642647,
    "j": 111.63676719945667,
    "ma20": 1434.5,
    "ma120": 1262.8831176757812,
    "ma240": 1128.5436935424805,
    "golden_cross": false,
    "death_cross": false,
    "top_divergence": false,
    "bottom_divergence": false
  },
  "etf0050": {
    "close": 62.75,
    "change_percent": 0.8842431355535484,
    "pe": 22.249998,
    "rsi": 56.04285700551971,
    "k": 88.29725358780456,
    "d": 76.91434265511995,
    "j": 111.06307545317378,
    "ma20": 61.70750007629395,
    "ma120": 55.64282010396322,
    "ma240": 50.65601749420166,
    "golden_cross": false,
    "death_cross": false,
    "top_divergence": false,
    "bottom_divergence": false
  },
  "etf00631l": {
    "close": 340.6499938964844,
    "change_percent": 1.4141113683568052,
    "pe": null,
    "rsi": 56.62454833926615,
    "k": 89.14862125287502,
    "d": 78.20319712994029,
    "j": 111.03946949874444,
    "ma20": 328.68249969482423,
    "ma120": 279.05291608174645,
    "ma240": 245.3331246693929,
    "golden_cross": false,
    "death_cross": false,
    "top_divergence": false,
    "bottom_divergence": false
  },
  "etf00675l": {
    "close": 135.10000610351562,
    "change_percent": 1.3883723103306755,
    "pe": null,
    "rsi": 56.4375660689665,
    "k": 89.09348140691434,
    "d": 78.10404119275452,
    "j": 111.07236183523395,
    "ma20": 130.47500190734863,
    "ma120": 110.93625011444092,
    "ma240": 97.63562491734822,
    "golden_cross": false,
    "death_cross": false,
    "top_divergence": false,
    "bottom_divergence": false
  },
  "nasdaq": {
    "close": 23505.140625,
    "change_percent": 0.21766259782450653,
    "pe": null,
    "rsi": 58.27902225705765,
    "k": 92.263921139595,
    "d": 82.41422991732763,
    "j": 111.9633035841297,
    "ma20": 23020.72451171875,
    "ma120": 21924.975520833334,
    "ma240": 20258.43955078125,
    "golden_cross": false,
    "death_cross": false,
    "top_divergence": false,
    "bottom_divergence": false
  },
  "tqqq": {
    "close": 55.5099983215332,
    "change_percent": -0.32321836885349264,
    "pe": 18.173567,
    "rsi": 56.354747064936795,
    "k": 91.33404341910318,
    "d": 81.06140791430539,
    "j": 111.87931442869876,
    "ma20": 52.738249969482425,
    "ma120": 48.06814235051473,
    "ma240": 41.38706922531128,
    "golden_cross": false,
    "death_cross": false,
    "top_divergence": false,
    "bottom_divergence": false
  },
  "qld": {
    "close": 72.62000274658203,
    "change_percent": -0.23354604589522543,
    "pe": 17.91045,
    "rsi": 56.840466624687636,
    "k": 91.51229482109503,
    "d": 81.58288742925953,
    "j": 111.37110960476605,
    "ma20": 70.05475044250488,
    "ma120": 65.25890731811523,
    "ma240": 57.906256675720215,
    "golden_cross": false,
    "death_cross": false,
    "top_divergence": false,
    "bottom_divergence": false
  },
  "nvda": {
    "close": 183.3800048828125,
    "change_percent": 2.116050235556173,
    "pe": 45.50372,
    "rsi": 48.60035073703726,
    "k": 53.89815262481653,
    "d": 41.528296006287974,
    "j": 78.63786586187365,
    "ma20": 184.75272521972656,
    "ma120": 177.29260902404786,
    "ma240": 151.1561223665873,
    "golden_cross": false,
    "death_cross": false,
    "top_divergence": false,
    "bottom_divergence": false
  },
  "msft": {
    "close": 480.8399963378906,
    "change_percent": 0.6509922508618582,
    "pe": 34.247864,
    "rsi": 40.51406322978006,
    "k": 54.59507995099269,
    "d": 49.21446629181372,
    "j": 65.35630726935062,
    "ma20": 491.3294479370117,
    "ma120": 506.18042373657227,
    "ma240": 460.14777348836265,
    "golden_cross": false,
    "death_cross": false,
    "top_divergence": false,
    "bottom_divergence": false
  },
  "goog": {
    "close": 318.3900146484375,
    "change_percent": -0.6955213345115722,
    "pe": 31.461464,
    "rsi": 68.72963088936578,
    "k": 74.73055869971076,
    "d": 76.27196508492345,
    "j": 71.64774592928538,
    "ma20": 299.8369995117188,
    "ma120": 232.34535586039226,
    "ma240": 203.66033045450845,
    "golden_cross": false,
    "death_cross": true,
    "top_divergence": false,
    "bottom_divergence": false
  },
  "tsla": {
    "close": 454.5299987792969,
    "change_percent": 1.743745515335435,
    "pe": 313.46896,
    "rsi": 60.86060467762449,
    "k": 91.64590162841759,
    "d": 80.89118771863733,
    "j": 113.15532944797809,
    "ma20": 422.61399993896487,
    "ma120": 378.73758290608725,
    "ma240": 351.2795831680298,
    "golden_cross": false,
    "death_cross": false,
    "top_divergence": false,
    "bottom_divergence": false
  },
  "smh": {
    "close": 361.6000061035156,
    "change_percent": -0.7602132587182433,
    "pe": 40.304802,
    "rsi": 59.663157789359246,
    "k": 91.71612953209276,
    "d": 81.94374662109873,
    "j": 111.26089535408087,
    "ma20": 346.8059997558594,
    "ma120": 313.3790827433268,
    "ma240": 273.4931035359701,
    "golden_cross": false,
    "death_cross": false,
    "top_divergence": false,
    "bottom_divergence": false
  },
  "aapl": {
    "close": 280.70001220703125,
    "change_percent": -1.2141410394363588,
    "pe": 37.576977,
    "rsi": 63.194241769242424,
    "k": 78.29826501902996,
    "d": 78.18640644441476,
    "j": 78.52198216826037,
    "ma20": 274.29293670654295,
    "ma120": 238.87215830485027,
    "ma240": 229.27561168670655,
    "golden_cross": false,
    "death_cross": false,
    "top_divergence": false,
    "bottom_divergence": false
  },
  "amzn": {
    "close": 229.11000061035156,
    "change_percent": -1.4071797072686938,
    "pe": 32.36017,
    "rsi": 47.70090828092268,
    "k": 67.8214488245448,
    "d": 63.63117652484415,
    "j": 76.2019934239461,
    "ma20": 233.2740005493164,
    "ma120": 226.34258371988932,
    "ma240": 217.07520860036215,
    "golden_cross": false,
    "death_cross": false,
    "top_divergence": false,
    "bottom_divergence": false
  },
  "meta": {
    "close": 661.530029296875,
    "change_percent": 3.428713969359892,
    "pe": 29.245358,
    "rsi": 56.29411676820551,
    "k": 86.35662684866598,
    "d": 80.68580261492959,
    "j": 97.69827531613876,
    "ma20": 621.0600036621094,
    "ma120": 713.0735687255859,
    "ma240": 667.18218015035,
    "golden_cross": false,
    "death_cross": false,
    "top_divergence": false,
    "bottom_divergence": false
  },
  "btc": {
    "close": 92416.4921875,
    "change_percent": 0.2983094638281016,
    "pe": null,
    "rsi": 47.41844787479599,
    "k": 79.56677324024542,
    "d": 73.59752675826851,
    "j": 91.50526620419924,
    "ma20": 89960.05,
    "ma120": 108615.26432291667,
    "ma240": 106911.09039713541,
    "golden_cross": false,
    "death_cross": false,
    "top_divergence": false,
    "bottom_divergence": false
  },
  "gld": {
    "close": 387.1300048828125,
    "change_percent": 0.0646195194491186,
    "pe": null,
    "rsi": 61.42380430728972,
    "k": 80.94812513243997,
    "d": 77.55184180887629,
    "j": 87.74069177956733,
    "ma20": 379.4904983520508,
    "ma120": 339.56699930826824,
    "ma240": 309.3302913029989,
    "golden_cross": false,
    "death_cross": false,
    "top_divergence": false,
    "bottom_divergence": false
  }
}