{
  "twii": {
    "close": 33672.94140625,
    "change_percent": 2.5710975461891463,
    "pe": null,
    "rsi": 56.63690745739428,
    "k": 49.59661943209959,
    "d": 67.36195637174771,
    "j": 14.065945552803328,
    "ma20": 33186.03232421875,
    "ma120": 28618.393505859374,
    "ma240": 25317.812662760418,
    "golden_cross": false,
    "death_cross": false,
    "top_divergence": true,
    "bottom_divergence": false
  },
  "tsmc": {
    "close": 1900.0,
    "change_percent": 1.876675603217158,
    "pe": 28.696571,
    "rsi": 57.85251662684718,
    "k": 44.47679423594693,
    "d": 63.491949860542334,
    "j": 6.446482986756138,
    "ma20": 1861.75,
    "ma120": 1519.6224080403647,
    "ma240": 1266.8021629333496,
    "golden_cross": false,
    "death_cross": false,
    "top_divergence": false,
    "bottom_divergence": false
  },
  "etf0050": {
    "close": 77.4000015258789,
    "change_percent": -1.7142837766617063,
    "pe": 26.580622,
    "rsi": 61.01070339566954,
    "k": 66.52253932769187,
    "d": 78.21706355773371,
    "j": 43.1334908676082,
    "ma20": 75.46499977111816,
    "ma120": 63.743109703063965,
    "ma240": 54.81424514452616,
    "golden_cross": false,
    "death_cross": false,
    "top_divergence": true,
    "bottom_divergence": false
  },
  "etf00631l": {
    "close": 478.79998779296875,
    "change_percent": -4.326111277045208,
    "pe": null,
    "rsi": 54.791235229892074,
    "k": 59.040410208863875,
    "d": 74.71935282337691,
    "j": 27.682524979837808,
    "ma20": 471.55250244140626,
    "ma120": 358.21166661580406,
    "ma240": 283.65145835876467,
    "golden_cross": false,
    "death_cross": false,
    "top_divergence": true,
    "bottom_divergence": false
  },
  "etf00675l": {
    "close": 189.5500030517578,
    "change_percent": -4.6768935208965985,
    "pe": null,
    "rsi": 54.66574802520155,
    "k": 59.15080381787933,
    "d": 74.84390732620301,
    "j": 27.76459680123196,
    "ma20": 186.93250045776367,
    "ma120": 142.20000031789144,
    "ma240": 112.71583340962728,
    "golden_cross": false,
    "death_cross": false,
    "top_divergence": true,
    "bottom_divergence": false
  },
  "nasdaq": {
    "close": 22807.48046875,
    "change_percent": 1.2914465789047969,
    "pe": null,
    "rsi": 47.43760655197253,
    "k": 54.99802428192196,
    "d": 54.10903054223069,
    "j": 56.776011761304474,
    "ma20": 22809.56376953125,
    "ma120": 23070.713248697917,
    "ma240": 21266.76338704427,
    "golden_cross": true,
    "death_cross": false,
    "top_divergence": false,
    "bottom_divergence": false
  },
  "tqqq": {
    "close": 50.2599983215332,
    "change_percent": 4.4906443158709015,
    "pe": 30.778463,
    "rsi": 48.71562206189435,
    "k": 58.4702823143206,
    "d": 55.897345078298926,
    "j": 63.616156786363945,
    "ma20": 49.65149993896485,
    "ma120": 52.74692284266154,
    "ma240": 44.739135869344075,
    "golden_cross": true,
    "death_cross": false,
    "top_divergence": false,
    "bottom_divergence": false
  },
  "qld": {
    "close": 68.6500015258789,
    "change_percent": 2.954410935343399,
    "pe": 31.66589,
    "rsi": 49.20344479895956,
    "k": 59.399972680264845,
    "d": 57.04646187268919,
    "j": 64.10699429541614,
    "ma20": 67.99799995422363,
    "ma120": 70.18388671875,
    "ma240": 62.00872537295024,
    "golden_cross": true,
    "death_cross": false,
    "top_divergence": false,
    "bottom_divergence": false
  },
  "nvda": {
    "close": 183.0399932861328,
    "change_percent": 1.6606443675068903,
    "pe": 37.279022,
    "rsi": 47.33320329331798,
    "k": 35.829274158009426,
    "d": 44.79561932934474,
    "j": 17.8965838153388,
    "ma20": 185.40699996948243,
    "ma120": 185.12459348042805,
    "ma240": 164.99208768208823,
    "golden_cross": false,
    "death_cross": false,
    "top_divergence": false,
    "bottom_divergence": true
  },
  "msft": {
    "close": 405.20001220703125,
    "change_percent": 0.3144157537886509,
    "pe": 25.388472,
    "rsi": 45.054137193876755,
    "k": 69.8225299560604,
    "d": 56.97613993171778,
    "j": 95.5153100047456,
    "ma20": 400.1280090332031,
    "ma120": 476.71796798706055,
    "ma240": 468.27743199666344,
    "golden_cross": false,
    "death_cross": false,
    "top_divergence": false,
    "bottom_divergence": false
  },
  "goog": {
    "close": 303.45001220703125,
    "change_percent": -0.036231833063337146,
    "pe": 28.097223,
    "rsi": 38.21695043528421,
    "k": 37.655673564726044,
    "d": 43.276179865675815,
    "j": 26.414660962826503,
    "ma20": 312.51649780273436,
    "ma120": 294.35073115030923,
    "ma240": 236.7370086034139,
    "golden_cross": false,
    "death_cross": false,
    "top_divergence": false,
    "bottom_divergence": false
  },
  "tsla": {
    "close": 405.94000244140625,
    "change_percent": 3.442654745501762,
    "pe": 369.03635,
    "rsi": 45.24831800370781,
    "k": 42.81142939736812,
    "d": 40.37433116212742,
    "j": 47.685625867849524,
    "ma20": 410.22549896240236,
    "ma120": 433.9857503255208,
    "ma240": 371.47733351389564,
    "golden_cross": true,
    "death_cross": false,
    "top_divergence": false,
    "bottom_divergence": false
  },
  "smh": {
    "close": 399.1000061035156,
    "change_percent": 2.055952691432525,
    "pe": 42.327496,
    "rsi": 47.445268809369665,
    "k": 34.608078324645845,
    "d": 47.25844687533873,
    "j": 9.307341223260082,
    "ma20": 406.159001159668,
    "ma120": 363.5393409729004,
    "ma240": 309.21436347961424,
    "golden_cross": false,
    "death_cross": false,
    "top_divergence": false,
    "bottom_divergence": false
  },
  "aapl": {
    "close": 262.5199890136719,
    "change_percent": -0.46635487633293843,
    "pe": 33.230377,
    "rsi": 46.02395622135391,
    "k": 38.34142775591482,
    "d": 47.5580763983855,
    "j": 19.90813047097346,
    "ma20": 268.2556777954102,
    "ma120": 263.74278157552084,
    "ma240": 236.9337386449178,
    "golden_cross": false,
    "death_cross": false,
    "top_divergence": false,
    "bottom_divergence": false
  },
  "amzn": {
    "close": 216.82000732421875,
    "change_percent": 3.875826073047881,
    "pe": 30.197773,
    "rsi": 51.650306957967665,
    "k": 80.4677237582153,
    "d": 73.89315990312765,
    "j": 93.61685146839059,
    "ma20": 209.0695007324219,
    "ma120": 227.11008326212564,
    "ma240": 218.4513334910075,
    "golden_cross": false,
    "death_cross": false,
    "top_divergence": false,
    "bottom_divergence": false
  },
  "meta": {
    "close": 667.72998046875,
    "change_percent": 1.9310562143389756,
    "pe": 28.414042,
    "rsi": 54.75482941990639,
    "k": 72.66541933026986,
    "d": 59.717690149498495,
    "j": 98.56087769181258,
    "ma20": 655.0809967041016,
    "ma120": 673.9322504679362,
    "ma240": 670.1166405995687,
    "golden_cross": false,
    "death_cross": false,
    "top_divergence": false,
    "bottom_divergence": false
  },
  "btc": {
    "close": 72217.6484375,
    "change_percent": -0.6779339405781957,
    "pe": null,
    "rsi": 54.73275000414455,
    "k": 76.69455769883298,
    "d": 67.0299436558406,
    "j": 96.02378578481776,
    "ma20": 67833.438671875,
    "ma120": 84927.47177734374,
    "ma240": 99687.75040690105,
    "golden_cross": false,
    "death_cross": false,
    "top_divergence": false,
    "bottom_divergence": false
  },
  "gld": {
    "close": 471.79998779296875,
    "change_percent": 0.7818116439543854,
    "pe": null,
    "rsi": 54.17040597984894,
    "k": 71.84432093514764,
    "d": 78.93306236805418,
    "j": 57.666838069334545,
    "ma20": 465.8760009765625,
    "ma120": 401.43250096638997,
    "ma240": 353.3079167683919,
    "golden_cross": false,
    "death_cross": false,
    "top_divergence": false,
    "bottom_divergence": false
  }
}