{
  "twii": {
    "close": 26912.169921875,
    "change_percent": 1.5391110399419432,
    "pe": null,
    "rsi": 46.37900092843813,
    "k": 19.451701879068096,
    "d": 18.801611096122052,
    "j": 20.751883444960185,
    "ma20": 27574.92783203125,
    "ma120": 24800.114388020833,
    "ma240": 23416.08759765625,
    "golden_cross": true,
    "death_cross": false,
    "top_divergence": false,
    "bottom_divergence": false
  },
  "tsmc": {
    "close": 1415.0,
    "change_percent": 2.909090909090909,
    "pe": 23.334433,
    "rsi": 47.89383577678158,
    "k": 21.681097956815435,
    "d": 18.059387349348498,
    "j": 28.92451917174931,
    "ma20": 1454.5,
    "ma120": 1234.5895706176757,
    "ma240": 1115.1528467814128,
    "golden_cross": true,
    "death_cross": false,
    "top_divergence": false,
    "bottom_divergence": false
  },
  "etf0050": {
    "close": 60.349998474121094,
    "change_percent": 1.3434076361207956,
    "pe": 21.399002,
    "rsi": 44.458810941142666,
    "k": 18.07840434631077,
    "d": 19.048212816070368,
    "j": 16.13878740679157,
    "ma20": 62.437500381469725,
    "ma120": 54.59265429178874,
    "ma240": 50.1779169400533,
    "golden_cross": false,
    "death_cross": false,
    "top_divergence": false,
    "bottom_divergence": false
  },
  "etf00631l": {
    "close": 315.04998779296875,
    "change_percent": 2.255755128780512,
    "pe": null,
    "rsi": 44.85202076553031,
    "k": 21.957030536181747,
    "d": 22.73149772864042,
    "j": 20.408096151264402,
    "ma20": 334.23499908447263,
    "ma120": 270.41958274841306,
    "ma240": 242.29437465667723,
    "golden_cross": false,
    "death_cross": false,
    "top_divergence": false,
    "bottom_divergence": false
  },
  "etf00675l": {
    "close": 124.94999694824219,
    "change_percent": 2.0833295674625774,
    "pe": null,
    "rsi": 44.667967145175666,
    "k": 21.51575116932524,
    "d": 22.522352760552625,
    "j": 19.502547986870475,
    "ma20": 132.71000022888182,
    "ma120": 107.52291653951009,
    "ma240": 96.44729146957397,
    "golden_cross": false,
    "death_cross": false,
    "top_divergence": false,
    "bottom_divergence": false
  },
  "nasdaq": {
    "close": 22872.009765625,
    "change_percent": 2.6890294714480247,
    "pe": null,
    "rsi": 49.670733150911914,
    "k": 32.973508317425534,
    "d": 28.69532384065291,
    "j": 41.52987727097077,
    "ma20": 23146.7462890625,
    "ma120": 21704.684195963542,
    "ma240": 20158.325146484374,
    "golden_cross": true,
    "death_cross": false,
    "top_divergence": false,
    "bottom_divergence": false
  },
  "tqqq": {
    "close": 51.08000183105469,
    "change_percent": 7.582144742052788,
    "pe": 16.723217,
    "rsi": 46.86481839182723,
    "k": 29.19945937609189,
    "d": 26.203931100926212,
    "j": 35.190515926423245,
    "ma20": 54.0685001373291,
    "ma120": 47.05860506693522,
    "ma240": 41.07725285689036,
    "golden_cross": true,
    "death_cross": false,
    "top_divergence": false,
    "bottom_divergence": false
  },
  "qld": {
    "close": 68.7300033569336,
    "change_percent": 5.156062905617994,
    "pe": 16.95105,
    "rsi": 47.69073953688561,
    "k": 30.379050565879563,
    "d": 27.012061342602642,
    "j": 37.1130290124334,
    "ma20": 71.08250045776367,
    "ma120": 64.2594985961914,
    "ma240": 57.50429491996765,
    "golden_cross": true,
    "death_cross": false,
    "top_divergence": false,
    "bottom_divergence": false
  },
  "nvda": {
    "close": 182.5500030517578,
    "change_percent": 2.051653660983291,
    "pe": 45.297764,
    "rsi": 45.1414347368419,
    "k": 29.661630824104076,
    "d": 28.942689599386085,
    "j": 31.099513273540055,
    "ma20": 192.50250167846679,
    "ma120": 175.1238468170166,
    "ma240": 149.82131125132244,
    "golden_cross": true,
    "death_cross": false,
    "top_divergence": false,
    "bottom_divergence": false
  },
  "msft": {
    "close": 474.0,
    "change_percent": 0.3982048848293014,
    "pe": 33.664772,
    "rsi": 30.155389798321323,
    "k": 17.650639814952097,
    "d": 25.4963376086629,
    "j": 1.9592442275304904,
    "ma20": 504.7820526123047,
    "ma120": 505.4035130818685,
    "ma240": 458.9804443359375,
    "golden_cross": false,
    "death_cross": false,
    "top_divergence": false,
    "bottom_divergence": false
  },
  "goog": {
    "close": 318.4700012207031,
    "change_percent": 6.280663343086941,
    "pe": 31.438301,
    "rsi": 75.65494912183138,
    "k": 75.16459647446109,
    "d": 65.00144849983342,
    "j": 95.49089242371645,
    "ma20": 285.8399993896484,
    "ma120": 223.99789339701334,
    "ma240": 199.97333164215087,
    "golden_cross": false,
    "death_cross": false,
    "top_divergence": false,
    "bottom_divergence": false
  },
  "tsla": {
    "close": 417.7799987792969,
    "change_percent": 6.824516784199933,
    "pe": 286.15067,
    "rsi": 48.280152628468215,
    "k": 33.51484573169504,
    "d": 27.819461559174606,
    "j": 44.905614076735915,
    "ma20": 430.44500122070315,
    "ma120": 371.6422495524088,
    "ma240": 351.3891664505005,
    "golden_cross": true,
    "death_cross": false,
    "top_divergence": false,
    "bottom_divergence": false
  },
  "smh": {
    "close": 339.1199951171875,
    "change_percent": 3.9830711801702092,
    "pe": 37.799126,
    "rsi": 47.9105039691531,
    "k": 33.911975844668355,
    "d": 29.42295066915351,
    "j": 42.89002619569805,
    "ma20": 349.72949981689453,
    "ma120": 307.7684160868327,
    "ma240": 270.31695353190105,
    "golden_cross": true,
    "death_cross": false,
    "top_divergence": false,
    "bottom_divergence": false
  },
  "aapl": {
    "close": 275.9200134277344,
    "change_percent": 1.631744577225471,
    "pe": 37.036243,
    "rsi": 65.17024187366876,
    "k": 53.51487457043524,
    "d": 42.19188440076798,
    "j": 76.16085490976975,
    "ma20": 270.3109298706055,
    "ma120": 234.14417559305826,
    "ma240": 228.30712261199952,
    "golden_cross": true,
    "death_cross": false,
    "top_divergence": false,
    "bottom_divergence": false
  },
  "amzn": {
    "close": 226.27999877929688,
    "change_percent": 2.5329631048306247,
    "pe": 31.960453,
    "rsi": 46.050087812642495,
    "k": 18.66115331649364,
    "d": 18.333047714238653,
    "j": 19.31736452100361,
    "ma20": 236.1895004272461,
    "ma120": 225.28233375549317,
    "ma240": 216.9689168294271,
    "golden_cross": true,
    "death_cross": false,
    "top_divergence": false,
    "bottom_divergence": false
  },
  "meta": {
    "close": 613.0499877929688,
    "change_percent": 3.163649607567312,
    "pe": 27.102121,
    "rsi": 36.99995660793795,
    "k": 36.25780859649517,
    "d": 25.30886951364802,
    "j": 58.15568676218946,
    "ma20": 631.6615051269531,
    "ma120": 715.8675994873047,
    "ma240": 666.4529888153077,
    "golden_cross": false,
    "death_cross": false,
    "top_divergence": false,
    "bottom_divergence": false
  },
  "btc": {
    "close": 87885.0546875,
    "change_percent": -0.4367342878323677,
    "pe": null,
    "rsi": 32.24191553555481,
    "k": 36.819593261293385,
    "d": 27.16609595745569,
    "j": 56.12658786896877,
    "ma20": 95099.726171875,
    "ma120": 110649.687890625,
    "ma240": 106526.78766276041,
    "golden_cross": false,
    "death_cross": false,
    "top_divergence": false,
    "bottom_divergence": false
  },
  "gld": {
    "close": 380.20001220703125,
    "change_percent": 1.584423909859028,
    "pe": null,
    "rsi": 57.53228755165152,
    "k": 45.31095777363181,
    "d": 46.89283323033485,
    "j": 42.14720686022575,
    "ma20": 372.54850006103516,
    "ma120": 335.0888326009115,
    "ma240": 305.23495801289874,
    "golden_cross": false,
    "death_cross": false,
    "top_divergence": false,
    "bottom_divergence": false
  }
}