{
  "twii": {
    "close": 26434.939453125,
    "change_percent": -3.61484332761537,
    "pe": null,
    "rsi": 40.08329475465647,
    "k": 16.962454665849673,
    "d": 20.983986345073394,
    "j": 8.919391307402229,
    "ma20": 27701.2443359375,
    "ma120": 24711.1861328125,
    "ma240": 23379.19172363281,
    "golden_cross": false,
    "death_cross": true,
    "top_divergence": false,
    "bottom_divergence": false
  },
  "tsmc": {
    "close": 1385.0,
    "change_percent": -4.810996563573884,
    "pe": 22.83218,
    "rsi": 42.29925679027315,
    "k": 17.20352303441369,
    "d": 18.63829039028465,
    "j": 14.333988322671765,
    "ma20": 1462.75,
    "ma120": 1227.0101272583008,
    "ma240": 1111.7435724894206,
    "golden_cross": false,
    "death_cross": true,
    "top_divergence": false,
    "bottom_divergence": false
  },
  "etf0050": {
    "close": 59.849998474121094,
    "change_percent": -3.311798063366372,
    "pe": 21.22171,
    "rsi": 41.135712419944845,
    "k": 20.092062542791055,
    "d": 22.169427396561034,
    "j": 15.937332835251098,
    "ma20": 62.80000038146973,
    "ma120": 54.33503325780233,
    "ma240": 50.05996805826823,
    "golden_cross": false,
    "death_cross": true,
    "top_divergence": false,
    "bottom_divergence": false
  },
  "etf00631l": {
    "close": 307.1499938964844,
    "change_percent": -6.85367887900398,
    "pe": null,
    "rsi": 40.6471850832895,
    "k": 21.920248416461078,
    "d": 25.512611736831815,
    "j": 14.735521775719604,
    "ma20": 337.61749877929685,
    "ma120": 268.40874938964845,
    "ma240": 241.58458302815754,
    "golden_cross": false,
    "death_cross": true,
    "top_divergence": false,
    "bottom_divergence": false
  },
  "etf00675l": {
    "close": 121.94999694824219,
    "change_percent": -6.7660595543057145,
    "pe": null,
    "rsi": 40.66723124795214,
    "k": 21.668942085806474,
    "d": 25.44049735413703,
    "j": 14.12583154914536,
    "ma20": 134.05500030517578,
    "ma120": 106.72624988555908,
    "ma240": 96.16895815531413,
    "golden_cross": false,
    "death_cross": true,
    "top_divergence": false,
    "bottom_divergence": false
  },
  "nasdaq": {
    "close": 22273.080078125,
    "change_percent": 0.8833628421610052,
    "pe": null,
    "rsi": 39.78911137486339,
    "k": 20.233457143680425,
    "d": 26.5562316022666,
    "j": 7.587908226508077,
    "ma20": 23185.01884765625,
    "ma120": 21676.25486653646,
    "ma240": 20145.261311848957,
    "golden_cross": false,
    "death_cross": false,
    "top_divergence": false,
    "bottom_divergence": false
  },
  "tqqq": {
    "close": 47.47999954223633,
    "change_percent": 2.217435441074672,
    "pe": 15.544603,
    "rsi": 37.48652658947657,
    "k": 18.473947212967293,
    "d": 24.706166963343378,
    "j": 6.009507712215125,
    "ma20": 54.42525005340576,
    "ma120": 46.9395778020223,
    "ma240": 41.04116157690684,
    "golden_cross": false,
    "death_cross": false,
    "top_divergence": false,
    "bottom_divergence": false
  },
  "qld": {
    "close": 65.36000061035156,
    "change_percent": 1.4749214318102026,
    "pe": 16.119898,
    "rsi": 37.905159874263475,
    "k": 18.963944906366528,
    "d": 25.328566730964184,
    "j": 6.234701257171217,
    "ma20": 71.3745002746582,
    "ma120": 64.13857415517171,
    "ma240": 57.45381457010905,
    "golden_cross": false,
    "death_cross": false,
    "top_divergence": false,
    "bottom_divergence": false
  },
  "nvda": {
    "close": 178.8800048828125,
    "change_percent": -0.9743105141622325,
    "pe": 44.27723,
    "rsi": 41.48034954163362,
    "k": 23.642842157622653,
    "d": 28.583218987027095,
    "j": 13.762088498813768,
    "ma20": 192.94950180053712,
    "ma120": 174.7851146697998,
    "ma240": 149.63893512090047,
    "golden_cross": false,
    "death_cross": false,
    "top_divergence": false,
    "bottom_divergence": false
  },
  "msft": {
    "close": 472.1199951171875,
    "change_percent": -1.3188967362399164,
    "pe": 33.55508,
    "rsi": 28.39326169757397,
    "k": 19.75997352435602,
    "d": 29.419186505518297,
    "j": 0.4415475620314666,
    "ma20": 507.60840759277346,
    "ma120": 505.30554250081383,
    "ma240": 458.85025253295896,
    "golden_cross": false,
    "death_cross": false,
    "top_divergence": false,
    "bottom_divergence": false
  },
  "goog": {
    "close": 299.6499938964844,
    "change_percent": 3.334706719013183,
    "pe": 29.580454,
    "rsi": 68.30443447819104,
    "k": 64.12113216615019,
    "d": 59.919874512519584,
    "j": 72.52364747341142,
    "ma20": 283.41299896240236,
    "ma120": 222.75260645548502,
    "ma240": 199.38190835316976,
    "golden_cross": true,
    "death_cross": false,
    "top_divergence": false,
    "bottom_divergence": false
  },
  "tsla": {
    "close": 391.0899963378906,
    "change_percent": -1.0474950113494068,
    "pe": 269.71722,
    "rsi": 38.25814010090768,
    "k": 20.885192884210046,
    "d": 24.97176947291439,
    "j": 12.712039706801363,
    "ma20": 432.177001953125,
    "ma120": 370.92783279418944,
    "ma240": 351.27254149119057,
    "golden_cross": false,
    "death_cross": false,
    "top_divergence": false,
    "bottom_divergence": false
  },
  "smh": {
    "close": 326.1300048828125,
    "change_percent": 0.3168252106919098,
    "pe": 36.35123,
    "rsi": 39.30942423041346,
    "k": 22.503605804565822,
    "d": 27.178438081396095,
    "j": 13.153941250905277,
    "ma20": 350.77050018310547,
    "ma120": 307.04033279418945,
    "ma240": 269.9247210184733,
    "golden_cross": false,
    "death_cross": false,
    "top_divergence": false,
    "bottom_divergence": false
  },
  "aapl": {
    "close": 271.489990234375,
    "change_percent": 1.9680714495305163,
    "pe": 36.344044,
    "rsi": 59.85225041624361,
    "k": 34.89554494425319,
    "d": 36.53038931593436,
    "j": 31.62585620089085,
    "ma20": 269.9424118041992,
    "ma120": 233.53145815531414,
    "ma240": 228.18095213572184,
    "golden_cross": false,
    "death_cross": false,
    "top_divergence": false,
    "bottom_divergence": false
  },
  "amzn": {
    "close": 220.69000244140625,
    "change_percent": 1.6348913427910092,
    "pe": 31.170904,
    "rsi": 40.64971001044431,
    "k": 12.220196395000176,
    "d": 18.168994913111163,
    "j": 0.32259935877820567,
    "ma20": 236.2240005493164,
    "ma120": 225.12358373006185,
    "ma240": 216.9681251525879,
    "golden_cross": false,
    "death_cross": false,
    "top_divergence": false,
    "bottom_divergence": false
  },
  "meta": {
    "close": 594.25,
    "change_percent": 0.8656497283539394,
    "pe": 26.317537,
    "rsi": 26.37160797310517,
    "k": 21.081314593601824,
    "d": 19.834399972224446,
    "j": 23.57514383635658,
    "ma20": 638.5500061035157,
    "ma120": 716.483494567871,
    "ma240": 666.4471416473389,
    "golden_cross": true,
    "death_cross": false,
    "top_divergence": false,
    "bottom_divergence": false
  },
  "btc": {
    "close": 85621.2890625,
    "change_percent": 1.1493780797213473,
    "pe": null,
    "rsi": 25.853756261530158,
    "k": 20.971152070192392,
    "d": 16.906076791892595,
    "j": 29.10130262679199,
    "ma20": 96506.87734375,
    "ma120": 111149.9681640625,
    "ma240": 106475.09088541666,
    "golden_cross": false,
    "death_cross": false,
    "top_divergence": false,
    "bottom_divergence": false
  },
  "gld": {
    "close": 374.2699890136719,
    "change_percent": -0.15473311468576503,
    "pe": null,
    "rsi": 52.36736290248493,
    "k": 38.26139846691415,
    "d": 47.683770958686374,
    "j": 19.4166534833697,
    "ma20": 371.88899993896484,
    "ma120": 334.51133244832357,
    "ma240": 304.6731246312459,
    "golden_cross": false,
    "death_cross": false,
    "top_divergence": false,
    "bottom_divergence": false
  }
}