{
  "twii": {
    "close": 32064.51953125,
    "change_percent": 0.3222931782020769,
    "pe": null,
    "rsi": 75.68412621304303,
    "k": 90.03879041798753,
    "d": 89.29979327519256,
    "j": 91.51678470357749,
    "ma20": 30622.55400390625,
    "ma120": 27099.957845052082,
    "ma240": 24484.616780598957,
    "golden_cross": false,
    "death_cross": false,
    "top_divergence": false,
    "bottom_divergence": false
  },
  "tsmc": {
    "close": 1755.0,
    "change_percent": -0.847457627118644,
    "pe": 26.510574,
    "rsi": 68.559269308774,
    "k": 79.9941883346293,
    "d": 82.9716002336735,
    "j": 74.03936453654089,
    "ma20": 1685.0,
    "ma120": 1402.2467834472657,
    "ma240": 1199.061799621582,
    "golden_cross": false,
    "death_cross": false,
    "top_divergence": true,
    "bottom_divergence": false
  },
  "etf0050": {
    "close": 72.25,
    "change_percent": 0.0,
    "pe": 24.812016,
    "rsi": 78.77324785763665,
    "k": 90.87977045795645,
    "d": 90.85949392687324,
    "j": 90.92032352012288,
    "ma20": 69.19845809936524,
    "ma120": 59.955872631073,
    "ma240": 52.5834864616394,
    "golden_cross": false,
    "death_cross": false,
    "top_divergence": false,
    "bottom_divergence": false
  },
  "etf00631l": {
    "close": 441.45001220703125,
    "change_percent": 0.056663643037862955,
    "pe": null,
    "rsi": 78.65753431361794,
    "k": 91.92567669651288,
    "d": 91.29233284648355,
    "j": 93.19236439657155,
    "ma20": 407.1375015258789,
    "ma120": 323.59166615804037,
    "ma240": 265.19916642506917,
    "golden_cross": false,
    "death_cross": false,
    "top_divergence": false,
    "bottom_divergence": false
  },
  "etf00675l": {
    "close": 175.1999969482422,
    "change_percent": 0.17152833746544963,
    "pe": null,
    "rsi": 79.23982385744173,
    "k": 91.71048291592642,
    "d": 91.18498527708222,
    "j": 92.7614781936148,
    "ma20": 161.5375,
    "ma120": 128.53458353678386,
    "ma240": 105.45166673660279,
    "golden_cross": false,
    "death_cross": false,
    "top_divergence": false,
    "bottom_divergence": false
  },
  "nasdaq": {
    "close": 23501.240234375,
    "change_percent": 0.27829257881456176,
    "pe": null,
    "rsi": 52.50714392493327,
    "k": 50.96662903894777,
    "d": 48.68827904330163,
    "j": 55.52332903024008,
    "ma20": 23466.671484375,
    "ma120": 22726.492154947915,
    "ma240": 20783.473063151043,
    "golden_cross": true,
    "death_cross": false,
    "top_divergence": false,
    "bottom_divergence": true
  },
  "tqqq": {
    "close": 54.380001068115234,
    "change_percent": 0.8905371589013164,
    "pe": 34.257294,
    "rsi": 51.62946145179269,
    "k": 50.897620225070725,
    "d": 48.500734476030864,
    "j": 55.69139172315043,
    "ma20": 54.18199977874756,
    "ma120": 51.44956690470378,
    "ma240": 43.12644113699595,
    "golden_cross": true,
    "death_cross": false,
    "top_divergence": false,
    "bottom_divergence": true
  },
  "qld": {
    "close": 72.05000305175781,
    "change_percent": 0.6144427281887853,
    "pe": 33.99488,
    "rsi": 52.264414339551635,
    "k": 52.45680188101954,
    "d": 49.58459619923782,
    "j": 58.20121324458296,
    "ma20": 71.75100021362304,
    "ma120": 68.71957143147786,
    "ma240": 60.07511518796285,
    "golden_cross": true,
    "death_cross": false,
    "top_divergence": false,
    "bottom_divergence": false
  },
  "nvda": {
    "close": 187.6699981689453,
    "change_percent": 1.5310549053903877,
    "pe": 46.570717,
    "rsi": 53.978499600049275,
    "k": 52.94169588228533,
    "d": 40.538363071092405,
    "j": 77.74836150467118,
    "ma20": 186.2845001220703,
    "ma120": 183.1719533284505,
    "ma240": 158.01212453842163,
    "golden_cross": false,
    "death_cross": false,
    "top_divergence": false,
    "bottom_divergence": true
  },
  "msft": {
    "close": 465.95001220703125,
    "change_percent": 3.282794050120964,
    "pe": 33.11656,
    "rsi": 46.07520808329746,
    "k": 34.345032819950944,
    "d": 24.593517066094982,
    "j": 53.84806432766287,
    "ma20": 471.92799987792966,
    "ma120": 499.811688486735,
    "ma240": 467.33170178731285,
    "golden_cross": true,
    "death_cross": false,
    "top_divergence": false,
    "bottom_divergence": false
  },
  "goog": {
    "close": 328.42999267578125,
    "change_percent": -0.7284499119773932,
    "pe": 32.454548,
    "rsi": 57.62154720657116,
    "k": 48.69032485382172,
    "d": 56.70448441984492,
    "j": 32.66200572177533,
    "ma20": 323.8460006713867,
    "ma120": 269.92465896606444,
    "ma240": 220.54647960662842,
    "golden_cross": false,
    "death_cross": false,
    "top_divergence": false,
    "bottom_divergence": false
  },
  "tsla": {
    "close": 449.05999755859375,
    "change_percent": -0.06675890216038055,
    "pe": 311.8472,
    "rsi": 51.63202437534753,
    "k": 62.756977541781545,
    "d": 48.536549952195216,
    "j": 91.19783272095421,
    "ma20": 445.99200134277345,
    "ma120": 416.09058380126953,
    "ma240": 357.69904193878176,
    "golden_cross": false,
    "death_cross": false,
    "top_divergence": false,
    "bottom_divergence": true
  },
  "smh": {
    "close": 400.0899963378906,
    "change_percent": -0.6777247745122089,
    "pe": 44.581055,
    "rsi": 64.13944794840842,
    "k": 73.10407883231848,
    "d": 75.82400393259505,
    "j": 67.66422863176535,
    "ma20": 383.59900054931643,
    "ma120": 337.95858713785805,
    "ma240": 289.91582075754803,
    "golden_cross": false,
    "death_cross": false,
    "top_divergence": false,
    "bottom_divergence": false
  },
  "aapl": {
    "close": 248.0399932861328,
    "change_percent": -0.12482899527435284,
    "pe": 33.20482,
    "rsi": 22.292070908744407,
    "k": 22.060709850984125,
    "d": 19.42998608934556,
    "j": 27.322157374261252,
    "ma20": 261.5509963989258,
    "ma120": 255.29963709513348,
    "ma240": 233.29370574951173,
    "golden_cross": false,
    "death_cross": false,
    "top_divergence": false,
    "bottom_divergence": false
  },
  "amzn": {
    "close": 239.16000366210938,
    "change_percent": 2.0568436457892867,
    "pe": 33.779663,
    "rsi": 54.929144594268664,
    "k": 41.212948162170406,
    "d": 44.055187857267796,
    "j": 35.528468771975625,
    "ma20": 236.74349975585938,
    "ma120": 229.2515832265218,
    "ma240": 217.70333347320556,
    "golden_cross": false,
    "death_cross": false,
    "top_divergence": false,
    "bottom_divergence": false
  },
  "meta": {
    "close": 658.760009765625,
    "change_percent": 1.7185746180531667,
    "pe": 29.148672,
    "rsi": 56.30748170325959,
    "k": 54.06051150124462,
    "d": 34.024228563163284,
    "j": 94.1330773774073,
    "ma20": 644.3149993896484,
    "ma120": 694.7275563557943,
    "ma240": 668.9822823842367,
    "golden_cross": false,
    "death_cross": false,
    "top_divergence": false,
    "bottom_divergence": false
  },
  "btc": {
    "close": 87623.5,
    "change_percent": 1.2143401950178156,
    "pe": null,
    "rsi": 40.045046568687226,
    "k": 17.95319558602694,
    "d": 24.030151688658528,
    "j": 5.799283380763768,
    "ma20": 91491.56953125,
    "ma120": 98234.3091796875,
    "ma240": 105273.97018229167,
    "golden_cross": false,
    "death_cross": false,
    "top_divergence": false,
    "bottom_divergence": false
  },
  "gld": {
    "close": 458.0,
    "change_percent": 1.3745304981574553,
    "pe": null,
    "rsi": 80.78391447690323,
    "k": 93.09856276086714,
    "d": 88.21875364408035,
    "j": 102.85818099444072,
    "ma20": 419.1460021972656,
    "ma120": 367.6498331705729,
    "ma240": 331.3161664326986,
    "golden_cross": false,
    "death_cross": false,
    "top_divergence": false,
    "bottom_divergence": false
  }
}