{
  "twii": {
    "close": 27409.5390625,
    "change_percent": 1.848119798845071,
    "pe": null,
    "rsi": 52.088522241724476,
    "k": 36.752405073340526,
    "d": 24.78520908852821,
    "j": 60.68679704296516,
    "ma20": 27530.6677734375,
    "ma120": 24847.906966145834,
    "ma240": 23435.556803385418,
    "golden_cross": false,
    "death_cross": false,
    "top_divergence": false,
    "bottom_divergence": false
  },
  "tsmc": {
    "close": 1440.0,
    "change_percent": 1.76678445229682,
    "pe": 23.77807,
    "rsi": 51.69290631586517,
    "k": 39.94426138297499,
    "d": 25.35434536055733,
    "j": 69.12409342781032,
    "ma20": 1451.25,
    "ma120": 1238.4071604410808,
    "ma240": 1117.0716211954752,
    "golden_cross": false,
    "death_cross": false,
    "top_divergence": false,
    "bottom_divergence": false
  },
  "etf0050": {
    "close": 61.349998474121094,
    "change_percent": 1.6570008703957362,
    "pe": 21.753582,
    "rsi": 49.52797408937271,
    "k": 35.08254485125737,
    "d": 24.3929901611327,
    "j": 56.4616542315067,
    "ma20": 62.285000228881835,
    "ma120": 54.72811476389567,
    "ma240": 50.23795493443807,
    "golden_cross": true,
    "death_cross": false,
    "top_divergence": false,
    "bottom_divergence": false
  },
  "etf00631l": {
    "close": 325.5,
    "change_percent": 3.3169378231807287,
    "pe": null,
    "rsi": 49.94717778082699,
    "k": 38.49421810068337,
    "d": 27.985737852654736,
    "j": 59.511178596740635,
    "ma20": 332.88499908447267,
    "ma120": 271.49874941507977,
    "ma240": 242.66916631062824,
    "golden_cross": true,
    "death_cross": false,
    "top_divergence": false,
    "bottom_divergence": false
  },
  "etf00675l": {
    "close": 129.0500030517578,
    "change_percent": 3.281317489918758,
    "pe": null,
    "rsi": 49.71261217415394,
    "k": 37.71868276484389,
    "d": 27.587796095316378,
    "j": 57.980456103898916,
    "ma20": 132.1675006866455,
    "ma120": 107.94874992370606,
    "ma240": 96.59270814259847,
    "golden_cross": true,
    "death_cross": false,
    "top_divergence": false,
    "bottom_divergence": false
  },
  "nasdaq": {
    "close": 23025.58984375,
    "change_percent": 0.6714760954492941,
    "pe": null,
    "rsi": 51.85279950930535,
    "k": 49.491292020724686,
    "d": 35.62731323401017,
    "j": 77.21924959415371,
    "ma20": 23106.65126953125,
    "ma120": 21735.743701171876,
    "ma240": 20172.234936523437,
    "golden_cross": false,
    "death_cross": false,
    "top_divergence": false,
    "bottom_divergence": false
  },
  "tqqq": {
    "close": 52.0099983215332,
    "change_percent": 1.8206665175041425,
    "pe": 17.02769,
    "rsi": 48.993632412707036,
    "k": 42.73090684524409,
    "d": 31.712923015698838,
    "j": 64.76687450433462,
    "ma20": 53.6917501449585,
    "ma120": 47.19252223968506,
    "ma240": 41.11913758913676,
    "golden_cross": false,
    "death_cross": false,
    "top_divergence": false,
    "bottom_divergence": false
  },
  "qld": {
    "close": 69.51000213623047,
    "change_percent": 1.1348737686598518,
    "pe": 17.143423,
    "rsi": 49.66782345745549,
    "k": 44.35049932509531,
    "d": 32.7915406701002,
    "j": 67.46841663508555,
    "ma20": 70.77325057983398,
    "ma120": 64.39399642944336,
    "ma240": 57.5597505569458,
    "golden_cross": false,
    "death_cross": false,
    "top_divergence": false,
    "bottom_divergence": false
  },
  "nvda": {
    "close": 177.82000732421875,
    "change_percent": -2.591068555719488,
    "pe": 44.014854,
    "rsi": 41.53481797237561,
    "k": 30.19660735046212,
    "d": 29.360662183078095,
    "j": 31.868497685230174,
    "ma20": 191.34200210571288,
    "ma120": 175.43924357096355,
    "ma240": 149.99955876668295,
    "golden_cross": false,
    "death_cross": false,
    "top_divergence": false,
    "bottom_divergence": false
  },
  "msft": {
    "close": 476.989990234375,
    "change_percent": 0.6307996275052743,
    "pe": 33.901207,
    "rsi": 32.98015559370814,
    "k": 20.231450644492554,
    "d": 23.74137528727278,
    "j": 13.2116013589321,
    "ma20": 501.5786834716797,
    "ma120": 505.49476165771483,
    "ma240": 459.1342217763265,
    "golden_cross": false,
    "death_cross": false,
    "top_divergence": false,
    "bottom_divergence": false
  },
  "goog": {
    "close": 323.6400146484375,
    "change_percent": 1.623391028328442,
    "pe": 31.948668,
    "rsi": 77.21798161120259,
    "k": 80.5149015957132,
    "d": 70.17259953179334,
    "j": 101.19950572355293,
    "ma20": 288.6005004882812,
    "ma120": 225.28277142842612,
    "ma240": 200.54713268280028,
    "golden_cross": false,
    "death_cross": false,
    "top_divergence": false,
    "bottom_divergence": false
  },
  "tsla": {
    "close": 419.3999938964844,
    "change_percent": 0.38776272725380145,
    "pe": 285.30612,
    "rsi": 48.823151105515926,
    "k": 48.78747674136099,
    "d": 34.80879995323673,
    "j": 76.74483031760951,
    "ma20": 428.3875015258789,
    "ma120": 372.76474939982097,
    "ma240": 351.4658747990926,
    "golden_cross": false,
    "death_cross": false,
    "top_divergence": false,
    "bottom_divergence": false
  },
  "smh": {
    "close": 340.010009765625,
    "change_percent": 0.26244829595787866,
    "pe": 37.89833,
    "rsi": 48.44956397236159,
    "k": 44.60112046960463,
    "d": 34.482340602637215,
    "j": 64.83868020353945,
    "ma20": 348.57450103759766,
    "ma120": 308.5076661427816,
    "ma240": 270.73857231140136,
    "golden_cross": false,
    "death_cross": false,
    "top_divergence": false,
    "bottom_divergence": false
  },
  "aapl": {
    "close": 276.9700012207031,
    "change_percent": 0.38054064289314415,
    "pe": 37.17718,
    "rsi": 66.30933424495905,
    "k": 61.46231962307043,
    "d": 48.61536280820213,
    "j": 87.15623325280704,
    "ma20": 270.72245635986326,
    "ma120": 234.78385492960612,
    "ma240": 228.43343702952066,
    "golden_cross": false,
    "death_cross": false,
    "top_divergence": false,
    "bottom_divergence": false
  },
  "amzn": {
    "close": 229.6699981689453,
    "change_percent": 1.4981436308716296,
    "pe": 32.485146,
    "rsi": 49.07626476561813,
    "k": 29.346616244947842,
    "d": 22.004237224475048,
    "j": 44.031374285893435,
    "ma20": 236.21050033569335,
    "ma120": 225.46366704305012,
    "ma240": 216.9882085164388,
    "golden_cross": false,
    "death_cross": false,
    "top_divergence": false,
    "bottom_divergence": false
  },
  "meta": {
    "close": 636.219970703125,
    "change_percent": 3.779460626623634,
    "pe": 28.163788,
    "rsi": 47.12943837936638,
    "k": 57.00937701449639,
    "d": 35.87570534726414,
    "j": 99.2767203489609,
    "ma20": 625.900503540039,
    "ma120": 715.4724975585938,
    "ma240": 666.5314940134684,
    "golden_cross": false,
    "death_cross": false,
    "top_divergence": false,
    "bottom_divergence": true
  },
  "btc": {
    "close": 87756.4453125,
    "change_percent": 0.4746344331838191,
    "pe": null,
    "rsi": 32.712431187545235,
    "k": 41.83378465413948,
    "d": 31.7918141702827,
    "j": 61.91772562185304,
    "ma20": 94395.32578125,
    "ma120": 110393.7806640625,
    "ma240": 106546.22252604166,
    "golden_cross": false,
    "death_cross": false,
    "top_divergence": false,
    "bottom_divergence": false
  },
  "gld": {
    "close": 380.0799865722656,
    "change_percent": -0.03156907704155126,
    "pe": null,
    "rsi": 57.3966287185657,
    "k": 49.80716175293527,
    "d": 47.86427607120166,
    "j": 53.692933116402514,
    "ma20": 373.3334991455078,
    "ma120": 335.6784159342448,
    "ma240": 305.78283297220867,
    "golden_cross": true,
    "death_cross": false,
    "top_divergence": false,
    "bottom_divergence": false
  }
}