{
  "twii": {
    "close": 31961.509765625,
    "change_percent": 0.6786024824792283,
    "pe": null,
    "rsi": 74.99267250363222,
    "k": 89.37132150904569,
    "d": 88.93029470379508,
    "j": 90.25337511954689,
    "ma20": 30447.12900390625,
    "ma120": 27028.04002278646,
    "ma240": 24448.840738932293,
    "golden_cross": true,
    "death_cross": false,
    "top_divergence": false,
    "bottom_divergence": false
  },
  "tsmc": {
    "close": 1770.0,
    "change_percent": 0.5681818181818182,
    "pe": 26.74524,
    "rsi": 72.23345615771383,
    "k": 84.27699678765823,
    "d": 84.4603061831956,
    "j": 83.91037799658352,
    "ma20": 1672.75,
    "ma120": 1397.2179494222005,
    "ma240": 1196.3204559326173,
    "golden_cross": false,
    "death_cross": false,
    "top_divergence": true,
    "bottom_divergence": false
  },
  "etf0050": {
    "close": 72.25,
    "change_percent": 0.6267366700775797,
    "pe": 24.812016,
    "rsi": 78.77324785763666,
    "k": 92.07285431559674,
    "d": 90.84935566133164,
    "j": 94.51985162412697,
    "ma20": 68.76114273071289,
    "ma120": 59.773695913950604,
    "ma240": 52.484962161382036,
    "golden_cross": true,
    "death_cross": false,
    "top_divergence": false,
    "bottom_divergence": false
  },
  "etf00631l": {
    "close": 441.20001220703125,
    "change_percent": 1.5536885281023722,
    "pe": null,
    "rsi": 78.59044462303704,
    "k": 91.50965157397654,
    "d": 90.97566092146889,
    "j": 92.57763287899184,
    "ma20": 402.80250091552733,
    "ma120": 321.92041600545247,
    "ma240": 264.3802080154419,
    "golden_cross": true,
    "death_cross": false,
    "top_divergence": false,
    "bottom_divergence": false
  },
  "etf00675l": {
    "close": 174.89999389648438,
    "change_percent": 1.4501160606195245,
    "pe": null,
    "rsi": 79.03778689395864,
    "k": 91.3588488687711,
    "d": 90.92223645766012,
    "j": 92.23207369099305,
    "ma20": 159.81750030517577,
    "ma120": 127.87208353678385,
    "ma240": 105.12791674931844,
    "golden_cross": true,
    "death_cross": false,
    "top_divergence": false,
    "bottom_divergence": false
  },
  "nasdaq": {
    "close": 23436.01953125,
    "change_percent": 0.9093685802870516,
    "pe": null,
    "rsi": 51.06287023736223,
    "k": 43.854893089242395,
    "d": 47.54910404547856,
    "j": 36.46647117677006,
    "ma20": 23469.70146484375,
    "ma120": 22702.73291015625,
    "ma240": 20766.89873046875,
    "golden_cross": false,
    "death_cross": false,
    "top_divergence": false,
    "bottom_divergence": false
  },
  "tqqq": {
    "close": 53.900001525878906,
    "change_percent": 2.2188545302478437,
    "pe": 33.954914,
    "rsi": 50.083539594425744,
    "k": 43.95439354922608,
    "d": 47.30229160151094,
    "j": 37.25859744465636,
    "ma20": 54.20919952392578,
    "ma120": 51.34103062947591,
    "ma240": 43.0707939306895,
    "golden_cross": false,
    "death_cross": false,
    "top_divergence": false,
    "bottom_divergence": false
  },
  "qld": {
    "close": 71.61000061035156,
    "change_percent": 1.5168694087565417,
    "pe": 33.787277,
    "rsi": 50.686546730866866,
    "k": 45.09883498024398,
    "d": 48.14849335834697,
    "j": 38.99951822403801,
    "ma20": 71.76534996032714,
    "ma120": 68.60997610092163,
    "ma240": 60.008090321222944,
    "golden_cross": false,
    "death_cross": false,
    "top_divergence": false,
    "bottom_divergence": false
  },
  "nvda": {
    "close": 184.83999633789062,
    "change_percent": 0.8291451848917019,
    "pe": 45.639503,
    "rsi": 50.33574350822665,
    "k": 40.20757062442273,
    "d": 34.33669666549595,
    "j": 51.94931854227629,
    "ma20": 186.36150054931642,
    "ma120": 183.05554135640463,
    "ma240": 157.771018632253,
    "golden_cross": false,
    "death_cross": false,
    "top_divergence": false,
    "bottom_divergence": false
  },
  "msft": {
    "close": 451.1400146484375,
    "change_percent": 1.582947812197906,
    "pe": 32.041195,
    "rsi": 33.575953661390436,
    "k": 19.291100276006446,
    "d": 19.717759189167005,
    "j": 18.43778244968533,
    "ma20": 472.9729995727539,
    "ma120": 500.2810422261556,
    "ma240": 467.0850345611572,
    "golden_cross": false,
    "death_cross": false,
    "top_divergence": false,
    "bottom_divergence": false
  },
  "goog": {
    "close": 330.8399963378906,
    "change_percent": 0.7491294897678106,
    "pe": 32.6917,
    "rsi": 60.57249230700997,
    "k": 52.51382839844222,
    "d": 60.711564202856515,
    "j": 36.11835678961363,
    "ma20": 323.20850067138673,
    "ma120": 268.7682142893473,
    "ma240": 219.95474751790366,
    "golden_cross": false,
    "death_cross": false,
    "top_divergence": false,
    "bottom_divergence": false
  },
  "tsla": {
    "close": 449.3599853515625,
    "change_percent": 4.153528372137898,
    "pe": 312.05554,
    "rsi": 51.76461450150839,
    "k": 51.24343201639835,
    "d": 41.42633615740206,
    "j": 70.87762373439094,
    "ma20": 447.81700134277344,
    "ma120": 414.8703338623047,
    "ma240": 357.33470859527586,
    "golden_cross": true,
    "death_cross": false,
    "top_divergence": false,
    "bottom_divergence": false
  },
  "smh": {
    "close": 402.82000732421875,
    "change_percent": 0.2214352411255446,
    "pe": 44.885254,
    "rsi": 66.60795193386221,
    "k": 76.99161181370533,
    "d": 77.18396648273333,
    "j": 76.60690247564935,
    "ma20": 381.7525009155273,
    "ma120": 336.9834139506022,
    "ma240": 289.2664458592733,
    "golden_cross": false,
    "death_cross": false,
    "top_divergence": false,
    "bottom_divergence": false
  },
  "aapl": {
    "close": 248.35000610351562,
    "change_percent": 0.2826619116832481,
    "pe": 33.33557,
    "rsi": 22.558414914609905,
    "k": 20.536736465548667,
    "d": 18.11462420852628,
    "j": 25.38096097959344,
    "ma20": 262.7669960021973,
    "ma120": 254.91559384663898,
    "ma240": 233.20439332326254,
    "golden_cross": false,
    "death_cross": false,
    "top_divergence": false,
    "bottom_divergence": false
  },
  "amzn": {
    "close": 234.33999633789062,
    "change_percent": 1.309929882528894,
    "pe": 33.09887,
    "rsi": 49.208309954153606,
    "k": 33.98623969942291,
    "d": 45.4763077048165,
    "j": 11.006103688635733,
    "ma20": 236.39249954223632,
    "ma120": 229.04816652933758,
    "ma240": 217.66162509918212,
    "golden_cross": false,
    "death_cross": false,
    "top_divergence": false,
    "bottom_divergence": false
  },
  "meta": {
    "close": 647.6300048828125,
    "change_percent": 5.656157280629773,
    "pe": 28.656195,
    "rsi": 52.574698281903,
    "k": 36.903657614387726,
    "d": 24.00608709412262,
    "j": 62.69879865491794,
    "ma20": 644.6239990234375,
    "ma120": 695.4786682128906,
    "ma240": 669.2052586873373,
    "golden_cross": true,
    "death_cross": false,
    "top_divergence": false,
    "bottom_divergence": false
  },
  "btc": {
    "close": 89535.5703125,
    "change_percent": 0.08172946856022176,
    "pe": null,
    "rsi": 43.78001924540065,
    "k": 26.08507106662453,
    "d": 34.830785602413336,
    "j": 8.593641995046923,
    "ma20": 92279.085546875,
    "ma120": 98802.99798177084,
    "ma240": 105486.48544921874,
    "golden_cross": false,
    "death_cross": false,
    "top_divergence": false,
    "bottom_divergence": true
  },
  "gld": {
    "close": 451.7900085449219,
    "change_percent": 1.8462584149503107,
    "pe": null,
    "rsi": 78.92917382132477,
    "k": 90.54690929791644,
    "d": 85.77884908568696,
    "j": 100.08302972237541,
    "ma20": 416.9280029296875,
    "ma120": 366.4090830485026,
    "ma240": 330.50741640726727,
    "golden_cross": false,
    "death_cross": false,
    "top_divergence": false,
    "bottom_divergence": false
  }
}