{
  "twii": {
    "close": 27426.359375,
    "change_percent": 3.183733789520936,
    "pe": null,
    "rsi": 50.90065425274095,
    "k": 24.356486132375277,
    "d": 22.994752184685254,
    "j": 27.07995402775532,
    "ma20": 27756.1103515625,
    "ma120": 24665.917561848957,
    "ma240": 23362.10772298177,
    "golden_cross": true,
    "death_cross": false,
    "top_divergence": false,
    "bottom_divergence": false
  },
  "tsmc": {
    "close": 1455.0,
    "change_percent": 4.301075268817205,
    "pe": 23.978247,
    "rsi": 53.27084370259604,
    "k": 25.805284551620534,
    "d": 19.355674068220132,
    "j": 38.70450551842134,
    "ma20": 1466.0,
    "ma120": 1223.4607752482095,
    "ma240": 1110.1113210042317,
    "golden_cross": true,
    "death_cross": false,
    "top_divergence": false,
    "bottom_divergence": false
  },
  "etf0050": {
    "close": 61.900001525878906,
    "change_percent": 3.080769878972137,
    "pe": 21.948605,
    "rsi": 50.36729752801353,
    "k": 25.97144606962593,
    "d": 23.208109823446023,
    "j": 31.49811856198575,
    "ma20": 62.92500038146973,
    "ma120": 54.20017744700114,
    "ma240": 50.00148679415385,
    "golden_cross": true,
    "death_cross": false,
    "top_divergence": false,
    "bottom_divergence": false
  },
  "etf00631l": {
    "close": 329.75,
    "change_percent": 6.080100860667353,
    "pe": null,
    "rsi": 50.16343074249732,
    "k": 28.776340494091905,
    "d": 27.308793397017183,
    "j": 31.711434688241354,
    "ma20": 338.8799987792969,
    "ma120": 267.37999941507974,
    "ma240": 241.25020802815754,
    "golden_cross": true,
    "death_cross": false,
    "top_divergence": false,
    "bottom_divergence": false
  },
  "etf00675l": {
    "close": 130.8000030517578,
    "change_percent": 5.953832551812212,
    "pe": null,
    "rsi": 49.954004342395905,
    "k": 28.556048817057395,
    "d": 27.32627498830231,
    "j": 31.015596474567573,
    "ma20": 134.56000061035155,
    "ma120": 106.31874993642171,
    "ma240": 96.03854150772095,
    "golden_cross": true,
    "death_cross": false,
    "top_divergence": false,
    "bottom_divergence": false
  },
  "nasdaq": {
    "close": 22564.23046875,
    "change_percent": 0.5856628188694053,
    "pe": null,
    "rsi": 42.14638017773388,
    "k": 27.509304881211072,
    "d": 35.02612287682845,
    "j": 12.475668889976305,
    "ma20": 23274.79580078125,
    "ma120": 21628.6751953125,
    "ma240": 20125.298388671876,
    "golden_cross": false,
    "death_cross": false,
    "top_divergence": false,
    "bottom_divergence": false
  },
  "tqqq": {
    "close": 100.05000305175781,
    "change_percent": 1.7181805926385807,
    "pe": 32.75564,
    "rsi": 40.89551633362332,
    "k": 25.952059449200355,
    "d": 32.734845786758584,
    "j": 12.386486774083892,
    "ma20": 110.34650001525878,
    "ma120": 93.51655209859213,
    "ma240": 82.0143789768219,
    "golden_cross": false,
    "death_cross": false,
    "top_divergence": false,
    "bottom_divergence": false
  },
  "qld": {
    "close": 135.19000244140625,
    "change_percent": 1.1371319617583941,
    "pe": 33.342243,
    "rsi": 41.33350880272865,
    "k": 26.45335350525354,
    "d": 33.58990794120264,
    "j": 12.18024463335533,
    "ma20": 144.02600021362304,
    "ma120": 127.89823341369629,
    "ma240": 114.77694190343222,
    "golden_cross": false,
    "death_cross": false,
    "top_divergence": false,
    "bottom_divergence": false
  },
  "nvda": {
    "close": 186.52000427246094,
    "change_percent": 2.845171837639956,
    "pe": 46.05432,
    "rsi": 47.23948258206034,
    "k": 31.413420379633706,
    "d": 35.29575832923345,
    "j": 23.648744480434218,
    "ma20": 193.39450149536134,
    "ma120": 174.11048914591473,
    "ma240": 149.33859103520712,
    "golden_cross": false,
    "death_cross": false,
    "top_divergence": false,
    "bottom_divergence": false
  },
  "msft": {
    "close": 487.1199951171875,
    "change_percent": -1.3507793418885226,
    "pe": 34.596592,
    "rsi": 34.15335265252,
    "k": 33.98246472810691,
    "d": 38.727342631444195,
    "j": 24.49270892143234,
    "ma20": 513.150503540039,
    "ma120": 506.01039225260416,
    "ma240": 459.4132886250814,
    "golden_cross": false,
    "death_cross": true,
    "top_divergence": false,
    "bottom_divergence": false
  },
  "goog": {
    "close": 292.989990234375,
    "change_percent": 2.8179390160329736,
    "pe": 28.894476,
    "rsi": 66.189878008154,
    "k": 58.40730807154457,
    "d": 58.53654074688883,
    "j": 58.14884272085604,
    "ma20": 279.64349899291994,
    "ma120": 220.65046106974285,
    "ma240": 198.3804138183594,
    "golden_cross": false,
    "death_cross": false,
    "top_divergence": false,
    "bottom_divergence": false
  },
  "tsla": {
    "close": 403.989990234375,
    "change_percent": 0.6828636098130841,
    "pe": 278.61377,
    "rsi": 41.709545050957885,
    "k": 27.24740456829238,
    "d": 28.3380081608344,
    "j": 25.066197383208348,
    "ma20": 436.9960021972656,
    "ma120": 370.0998326619466,
    "ma240": 351.1574997584025,
    "golden_cross": false,
    "death_cross": false,
    "top_divergence": false,
    "bottom_divergence": false
  },
  "smh": {
    "close": 339.44000244140625,
    "change_percent": 1.8452380025834048,
    "pe": 37.834797,
    "rsi": 45.858913374675325,
    "k": 29.106275352362303,
    "d": 33.924483194308564,
    "j": 19.46985966846978,
    "ma20": 353.00599975585936,
    "ma120": 305.71416600545246,
    "ma240": 269.27258478800456,
    "golden_cross": false,
    "death_cross": false,
    "top_divergence": false,
    "bottom_divergence": false
  },
  "aapl": {
    "close": 268.55999755859375,
    "change_percent": 0.4187836924032638,
    "pe": 35.95181,
    "rsi": 56.416054872367994,
    "k": 33.765579503491644,
    "d": 43.404496731654085,
    "j": 14.487745047166769,
    "ma20": 269.1501159667969,
    "ma120": 232.41795120239257,
    "ma240": 227.95575364430746,
    "golden_cross": false,
    "death_cross": false,
    "top_divergence": false,
    "bottom_divergence": false
  },
  "amzn": {
    "close": 222.69000244140625,
    "change_percent": 0.06290693674620092,
    "pe": 31.45339,
    "rsi": 40.62633306535094,
    "k": 15.180772155182298,
    "d": 26.4644149646657,
    "j": -7.386513463784503,
    "ma20": 236.59750061035157,
    "ma120": 224.9113337198893,
    "ma240": 217.00875015258788,
    "golden_cross": false,
    "death_cross": false,
    "top_divergence": false,
    "bottom_divergence": false
  },
  "meta": {
    "close": 590.3200073242188,
    "change_percent": -1.2330798720211165,
    "pe": 26.1088,
    "rsi": 23.324325578059483,
    "k": 19.901939992282742,
    "d": 19.732814021523346,
    "j": 20.240191933801533,
    "ma20": 652.9980041503907,
    "ma120": 717.7536610921223,
    "ma240": 666.6364597320556,
    "golden_cross": false,
    "death_cross": false,
    "top_divergence": false,
    "bottom_divergence": false
  },
  "btc": {
    "close": 92273.328125,
    "change_percent": 0.8826624171364237,
    "pe": null,
    "rsi": 31.579520226567475,
    "k": 17.34970553764324,
    "d": 16.787513501631643,
    "j": 18.47408960966643,
    "ma20": 100383.490234375,
    "ma120": 112018.57102864583,
    "ma240": 106511.39182942708,
    "golden_cross": true,
    "death_cross": false,
    "top_divergence": false,
    "bottom_divergence": false
  },
  "gld": {
    "close": 374.9599914550781,
    "change_percent": 0.1629451961044783,
    "pe": null,
    "rsi": 53.05661998721904,
    "k": 48.05403082283072,
    "d": 57.208186205065374,
    "j": 29.7457200583614,
    "ma20": 372.24850006103514,
    "ma120": 333.44016596476234,
    "ma240": 303.57599964141843,
    "golden_cross": false,
    "death_cross": false,
    "top_divergence": false,
    "bottom_divergence": false
  }
}