{
  "twii": {
    "close": 33605.7109375,
    "change_percent": 1.6108084869157686,
    "pe": null,
    "rsi": 71.98040667175904,
    "k": 76.71315920961084,
    "d": 63.67631877119635,
    "j": 102.78684008643981,
    "ma20": 32056.77421875,
    "ma120": 27932.574934895834,
    "ma240": 24931.18438313802,
    "golden_cross": false,
    "death_cross": false,
    "top_divergence": false,
    "bottom_divergence": false
  },
  "tsmc": {
    "close": 1915.0,
    "change_percent": 1.8617021276595744,
    "pe": 28.901297,
    "rsi": 74.48968293700071,
    "k": 77.99544960934925,
    "d": 64.68110260067056,
    "j": 104.62414362670665,
    "ma20": 1783.75,
    "ma120": 1466.7670450846354,
    "ma240": 1235.648477935791,
    "golden_cross": false,
    "death_cross": false,
    "top_divergence": false,
    "bottom_divergence": false
  },
  "etf0050": {
    "close": 77.19999694824219,
    "change_percent": 2.2516515870757448,
    "pe": 26.511936,
    "rsi": 75.59846764435702,
    "k": 79.38851751432932,
    "d": 66.67599099728696,
    "j": 104.81357054841405,
    "ma20": 72.62468681335449,
    "ma120": 62.124363803863524,
    "ma240": 53.85169428189595,
    "golden_cross": false,
    "death_cross": false,
    "top_divergence": false,
    "bottom_divergence": false
  },
  "etf00631l": {
    "close": 486.1000061035156,
    "change_percent": 3.5687652673228625,
    "pe": null,
    "rsi": 70.44756999857158,
    "k": 77.2615529974486,
    "d": 64.3864314132075,
    "j": 103.0117961659308,
    "ma20": 443.0925033569336,
    "ma120": 343.292916615804,
    "ma240": 275.5156249364217,
    "golden_cross": false,
    "death_cross": false,
    "top_divergence": false,
    "bottom_divergence": false
  },
  "etf00675l": {
    "close": 192.3000030517578,
    "change_percent": 3.3315404325099927,
    "pe": null,
    "rsi": 70.40205499933093,
    "k": 77.54725728376644,
    "d": 64.85719606255492,
    "j": 102.92737972618949,
    "ma20": 175.75750045776368,
    "ma120": 136.3200003306071,
    "ma240": 109.51875009536744,
    "golden_cross": false,
    "death_cross": false,
    "top_divergence": false,
    "bottom_divergence": false
  },
  "nasdaq": {
    "close": 22886.0703125,
    "change_percent": 0.8964522328127177,
    "pe": null,
    "rsi": 45.889067642481976,
    "k": 43.56827267668963,
    "d": 36.88541178999979,
    "j": 56.93399445006932,
    "ma20": 23135.0005859375,
    "ma120": 22995.23484700521,
    "ma240": 21093.47541503906,
    "golden_cross": false,
    "death_cross": false,
    "top_divergence": false,
    "bottom_divergence": false
  },
  "tqqq": {
    "close": 50.060001373291016,
    "change_percent": 2.518942240657625,
    "pe": 30.655989,
    "rsi": 45.39185081457106,
    "k": 44.33303211679879,
    "d": 37.29527510506494,
    "j": 58.408546140266495,
    "ma20": 51.81150035858154,
    "ma120": 52.467851575215654,
    "ma240": 44.08484440644582,
    "golden_cross": false,
    "death_cross": false,
    "top_divergence": false,
    "bottom_divergence": false
  },
  "qld": {
    "close": 68.4000015258789,
    "change_percent": 1.7251690942340316,
    "pe": 31.550573,
    "rsi": 46.04457517965859,
    "k": 45.46049650791815,
    "d": 38.39430854320123,
    "j": 59.592872437352,
    "ma20": 69.82800025939942,
    "ma120": 69.84128974278768,
    "ma240": 61.26619602839152,
    "golden_cross": false,
    "death_cross": false,
    "top_divergence": false,
    "bottom_divergence": false
  },
  "nvda": {
    "close": 189.82000732421875,
    "change_percent": 1.021827296488432,
    "pe": 46.98515,
    "rsi": 54.88436649099751,
    "k": 69.58152228510099,
    "d": 66.33918646056767,
    "j": 76.06619393416761,
    "ma20": 186.2150001525879,
    "ma120": 184.14873046875,
    "ma240": 162.63130842844646,
    "golden_cross": false,
    "death_cross": false,
    "top_divergence": false,
    "bottom_divergence": false
  },
  "msft": {
    "close": 397.2300109863281,
    "change_percent": -0.30868355547025267,
    "pe": 24.873512,
    "rsi": 32.353813972441436,
    "k": 18.7766865425827,
    "d": 21.32925026929114,
    "j": 13.671559089165818,
    "ma20": 420.7484664916992,
    "ma120": 483.58684056599935,
    "ma240": 467.74287541707355,
    "golden_cross": false,
    "death_cross": false,
    "top_divergence": false,
    "bottom_divergence": false
  },
  "goog": {
    "close": 314.8999938964844,
    "change_percent": 3.735668872411872,
    "pe": 29.157406,
    "rsi": 45.63531587679779,
    "k": 31.249894414300734,
    "d": 24.328060617646432,
    "j": 45.09356200760933,
    "ma20": 323.9414978027344,
    "ma120": 289.0867150624593,
    "ma240": 231.9845921198527,
    "golden_cross": true,
    "death_cross": false,
    "top_divergence": false,
    "bottom_divergence": false
  },
  "tsla": {
    "close": 411.82000732421875,
    "change_percent": 0.026721690370399693,
    "pe": 384.87848,
    "rsi": 42.84915876717979,
    "k": 42.29305039643473,
    "d": 48.55469100401408,
    "j": 29.769769181276033,
    "ma20": 420.1239990234375,
    "ma120": 429.7229169209798,
    "ma240": 365.85762513478596,
    "golden_cross": false,
    "death_cross": false,
    "top_divergence": false,
    "bottom_divergence": false
  },
  "smh": {
    "close": 415.0299987792969,
    "change_percent": 1.1774710942299758,
    "pe": 44.016987,
    "rsi": 59.84108413541125,
    "k": 74.97333104935814,
    "d": 71.93665117025196,
    "j": 81.04669080757049,
    "ma20": 404.97349853515624,
    "ma120": 355.71523030598956,
    "ma240": 302.9582688013713,
    "golden_cross": false,
    "death_cross": false,
    "top_divergence": false,
    "bottom_divergence": false
  },
  "aapl": {
    "close": 264.5799865722656,
    "change_percent": 1.5350373037534468,
    "pe": 33.4488,
    "rsi": 49.70283612698675,
    "k": 33.2180405551432,
    "d": 39.698063537479484,
    "j": 20.257994590470616,
    "ma20": 264.8956687927246,
    "ma120": 261.5309129079183,
    "ma240": 235.19299252827963,
    "golden_cross": false,
    "death_cross": false,
    "top_divergence": false,
    "bottom_divergence": false
  },
  "amzn": {
    "close": 210.11000061035156,
    "change_percent": 2.5627257563010657,
    "pe": 29.344973,
    "rsi": 39.33590460380005,
    "k": 47.04785322253966,
    "d": 29.012768749692487,
    "j": 83.118022168234,
    "ma20": 221.64700012207032,
    "ma120": 228.58024991353352,
    "ma240": 217.99145844777425,
    "golden_cross": false,
    "death_cross": false,
    "top_divergence": false,
    "bottom_divergence": false
  },
  "meta": {
    "close": 655.6599731445312,
    "change_percent": 1.6873884663457552,
    "pe": 27.936089,
    "rsi": 48.802647655185346,
    "k": 32.319163803994265,
    "d": 25.89139535284317,
    "j": 45.17470070629646,
    "ma20": 670.7779937744141,
    "ma120": 680.2758651733399,
    "ma240": 668.3169061024984,
    "golden_cross": false,
    "death_cross": false,
    "top_divergence": false,
    "bottom_divergence": true
  },
  "btc": {
    "close": 68029.875,
    "change_percent": 0.03839401356680386,
    "pe": null,
    "rsi": 37.527358240817286,
    "k": 43.51418545172997,
    "d": 43.26516375749997,
    "j": 44.01222884018996,
    "ma20": 68737.9462890625,
    "ma120": 88742.84508463541,
    "ma240": 101543.78465169271,
    "golden_cross": true,
    "death_cross": false,
    "top_divergence": false,
    "bottom_divergence": false
  },
  "gld": {
    "close": 468.6199951171875,
    "change_percent": 1.9714504323102238,
    "pe": null,
    "rsi": 57.370199537842524,
    "k": 72.18320719778777,
    "d": 62.10164358753003,
    "j": 92.34633441830324,
    "ma20": 460.6335021972656,
    "ma120": 391.54250106811526,
    "ma240": 346.52966664632163,
    "golden_cross": false,
    "death_cross": false,
    "top_divergence": false,
    "bottom_divergence": false
  }
}