{
  "twii": {
    "close": 30941.779296875,
    "change_percent": 0.7638548470983229,
    "pe": null,
    "rsi": 77.72298845184359,
    "k": 92.80051270487567,
    "d": 91.5928012711191,
    "j": 95.21593557238879,
    "ma20": 29171.4431640625,
    "ma120": 26553.898388671874,
    "ma240": 24205.034798177083,
    "golden_cross": true,
    "death_cross": false,
    "top_divergence": false,
    "bottom_divergence": false
  },
  "tsmc": {
    "close": 1710.0,
    "change_percent": 0.0,
    "pe": 28.171333,
    "rsi": 75.84200534673909,
    "k": 92.93070562869724,
    "d": 91.72197742552267,
    "j": 95.34816203504639,
    "ma20": 1569.75,
    "ma120": 1361.4400756835937,
    "ma240": 1177.1959108988444,
    "golden_cross": false,
    "death_cross": false,
    "top_divergence": false,
    "bottom_divergence": false
  },
  "etf0050": {
    "close": 70.75,
    "change_percent": 0.0707256773920635,
    "pe": 25.08665,
    "rsi": 78.36890968038159,
    "k": 92.72985229946016,
    "d": 92.79522482943835,
    "j": 92.59910723950378,
    "ma20": 66.4174997329712,
    "ma120": 59.374583371480306,
    "ma240": 52.54503847757975,
    "golden_cross": false,
    "death_cross": true,
    "top_divergence": false,
    "bottom_divergence": false
  },
  "etf00631l": {
    "close": 414.0,
    "change_percent": 0.975609756097561,
    "pe": null,
    "rsi": 79.28589199814066,
    "k": 92.2573475697638,
    "d": 92.3736336638458,
    "j": 92.0247753815998,
    "ma20": 370.9624984741211,
    "ma120": 310.8133326212565,
    "ma240": 258.8441661198934,
    "golden_cross": false,
    "death_cross": false,
    "top_divergence": false,
    "bottom_divergence": false
  },
  "etf00675l": {
    "close": 164.1999969482422,
    "change_percent": 1.0772545600955372,
    "pe": null,
    "rsi": 79.41851272999372,
    "k": 92.25473840605585,
    "d": 92.4676200910378,
    "j": 91.82897503609198,
    "ma20": 147.22000045776366,
    "ma120": 123.4829168955485,
    "ma240": 102.94625005722045,
    "golden_cross": false,
    "death_cross": false,
    "top_divergence": false,
    "bottom_divergence": false
  },
  "nasdaq": {
    "close": 23709.869140625,
    "change_percent": -0.10125284763347392,
    "pe": null,
    "rsi": 58.883928402156535,
    "k": 80.81949053807796,
    "d": 73.9658967404954,
    "j": 94.52667813324308,
    "ma20": 23393.33544921875,
    "ma120": 22590.757486979168,
    "ma240": 20674.011938476564,
    "golden_cross": false,
    "death_cross": false,
    "top_divergence": false,
    "bottom_divergence": false
  },
  "tqqq": {
    "close": 55.599998474121094,
    "change_percent": -0.5188780080413737,
    "pe": 35.02585,
    "rsi": 55.63790186600981,
    "k": 79.27623261379028,
    "d": 72.62149620834694,
    "j": 92.58570542467697,
    "ma20": 53.85073051452637,
    "ma120": 50.89788446426392,
    "ma240": 42.773852435747784,
    "golden_cross": false,
    "death_cross": false,
    "top_divergence": false,
    "bottom_divergence": false
  },
  "qld": {
    "close": 73.01000213623047,
    "change_percent": -0.3548444366696187,
    "pe": 34.447834,
    "rsi": 56.15885896692653,
    "k": 79.97280424007624,
    "d": 73.35727465990081,
    "j": 93.20386340042711,
    "ma20": 71.39419403076172,
    "ma120": 68.14681612650553,
    "ma240": 59.63950934410095,
    "golden_cross": false,
    "death_cross": false,
    "top_divergence": false,
    "bottom_divergence": false
  },
  "nvda": {
    "close": 185.80999755859375,
    "change_percent": 0.47042019341550345,
    "pe": 46.106697,
    "rsi": 51.25170020834283,
    "k": 26.350319800176134,
    "d": 35.58443485137047,
    "j": 7.882089697787464,
    "ma20": 184.4175003051758,
    "ma120": 182.67113800048827,
    "ma240": 156.23222449620565,
    "golden_cross": false,
    "death_cross": false,
    "top_divergence": false,
    "bottom_divergence": false
  },
  "msft": {
    "close": 470.6700134277344,
    "change_percent": -1.3642607292779068,
    "pe": 33.452026,
    "rsi": 38.460880781525816,
    "k": 36.52988358897338,
    "d": 44.37646715484394,
    "j": 20.836716457232257,
    "ma20": 480.7970031738281,
    "ma120": 503.2799845377604,
    "ma240": 465.9958728790283,
    "golden_cross": false,
    "death_cross": false,
    "top_divergence": false,
    "bottom_divergence": false
  },
  "goog": {
    "close": 336.42999267578125,
    "change_percent": 1.1120072032231432,
    "pe": 33.211254,
    "rsi": 73.14771508526545,
    "k": 82.09433469766932,
    "d": 76.31731864582399,
    "j": 93.64836680136,
    "ma20": 316.08899993896483,
    "ma120": 261.97185668945315,
    "ma240": 216.7019411087036,
    "golden_cross": false,
    "death_cross": false,
    "top_divergence": false,
    "bottom_divergence": false
  },
  "tsla": {
    "close": 447.20001220703125,
    "change_percent": -0.3920124914344343,
    "pe": 312.7273,
    "rsi": 48.50274031791385,
    "k": 47.187483368353156,
    "d": 32.56014744976643,
    "j": 76.4421552055266,
    "ma20": 461.33850250244143,
    "ma120": 408.8715003967285,
    "ma240": 356.1594586054484,
    "golden_cross": false,
    "death_cross": false,
    "top_divergence": false,
    "bottom_divergence": false
  },
  "smh": {
    "close": 391.5299987792969,
    "change_percent": 0.22269879410024745,
    "pe": 43.627235,
    "rsi": 67.19981702753964,
    "k": 87.53015299199689,
    "d": 84.80966864525462,
    "j": 92.97112168548142,
    "ma20": 367.82995758056643,
    "ma120": 331.64123204549156,
    "ma240": 285.4318503697713,
    "golden_cross": false,
    "death_cross": false,
    "top_divergence": false,
    "bottom_divergence": false
  },
  "aapl": {
    "close": 261.04998779296875,
    "change_percent": 0.307392043407781,
    "pe": 34.946453,
    "rsi": 32.453827381171116,
    "k": 19.807396304257995,
    "d": 20.47987077576687,
    "j": 18.46244736124025,
    "ma20": 268.81649627685545,
    "ma120": 252.8365332285563,
    "ma240": 232.69350318908693,
    "golden_cross": false,
    "death_cross": false,
    "top_divergence": false,
    "bottom_divergence": true
  },
  "amzn": {
    "close": 242.60000610351562,
    "change_percent": -1.5701688229887614,
    "pe": 34.265537,
    "rsi": 60.687666844403175,
    "k": 84.02588663185372,
    "d": 83.79949615815154,
    "j": 84.47866757925809,
    "ma20": 233.30800018310546,
    "ma120": 228.8912499745687,
    "ma240": 217.72912515004475,
    "golden_cross": false,
    "death_cross": false,
    "top_divergence": false,
    "bottom_divergence": false
  },
  "meta": {
    "close": 631.0900268554688,
    "change_percent": -1.6947745757858217,
    "pe": 27.936699,
    "rsi": 39.41321118418277,
    "k": 26.82791327252928,
    "d": 33.71217727334393,
    "j": 13.059385270899966,
    "ma20": 655.5040008544922,
    "ma120": 700.3624806722005,
    "ma240": 671.1228602091471,
    "golden_cross": false,
    "death_cross": false,
    "top_divergence": false,
    "bottom_divergence": false
  },
  "btc": {
    "close": 94908.359375,
    "change_percent": -0.4337118647790691,
    "pe": null,
    "rsi": 64.62736626420084,
    "k": 65.7895816261557,
    "d": 56.83103091770335,
    "j": 83.70668304306038,
    "ma20": 90490.349609375,
    "ma120": 100439.60169270834,
    "ma240": 106100.74801432292,
    "golden_cross": false,
    "death_cross": false,
    "top_divergence": false,
    "bottom_divergence": false
  },
  "gld": {
    "close": 421.6300048828125,
    "change_percent": -0.14210408732292915,
    "pe": null,
    "rsi": 68.39805804418052,
    "k": 79.81953113358263,
    "d": 69.86443063997683,
    "j": 99.72973212079421,
    "ma20": 406.6090026855469,
    "ma120": 359.9929992675781,
    "ma240": 326.18837458292643,
    "golden_cross": false,
    "death_cross": false,
    "top_divergence": false,
    "bottom_divergence": false
  }
}