{
  "twii": {
    "close": 27397.5,
    "change_percent": -1.8136056365454594,
    "pe": null,
    "rsi": 48.80011697126061,
    "k": 31.8505306704488,
    "d": 38.817295305349084,
    "ma20": 27865.23095703125,
    "ma120": 24477.319417317707,
    "ma240": 23290.762727864585
  },
  "tsmc": {
    "close": 1430.0,
    "change_percent": -2.054794520547945,
    "pe": 23.601254,
    "rsi": 47.36286350921187,
    "k": 13.571428571428513,
    "d": 18.015873015872995,
    "ma20": 1474.5,
    "ma120": 1208.1283920288085,
    "ma240": 1103.1820365905762
  },
  "etf0050": {
    "close": 61.70000076293945,
    "change_percent": -2.3734176928675,
    "pe": 21.877687,
    "rsi": 47.94479153490998,
    "k": 22.50644478630549,
    "d": 26.89215222307189,
    "ma20": 63.26750011444092,
    "ma120": 53.501333777109785,
    "ma240": 49.696922079722086
  },
  "etf00631l": {
    "close": 327.8999938964844,
    "change_percent": -4.597037459815268,
    "pe": null,
    "rsi": 47.93335225959364,
    "k": 30.25497008533924,
    "d": 37.649865551516115,
    "ma20": 341.4800003051758,
    "ma120": 261.8304163614909,
    "ma240": 239.40249970753987
  },
  "etf00675l": {
    "close": 130.10000610351562,
    "change_percent": -4.723542148730224,
    "pe": null,
    "rsi": 47.785776676681,
    "k": 29.880982383447158,
    "d": 37.36778007978332,
    "ma20": 135.5724998474121,
    "ma120": 104.11791655222575,
    "ma240": 95.31416648228964
  },
  "nasdaq": {
    "close": 22870.359375,
    "change_percent": -2.2903999196268927,
    "pe": null,
    "rsi": 45.676741364084336,
    "k": 48.46074159850716,
    "d": 55.076135813678434,
    "ma20": 23312.73779296875,
    "ma120": 21511.87517903646,
    "ma240": 20072.10008951823
  },
  "tqqq": {
    "close": 104.66000366210938,
    "change_percent": -6.176601704306152,
    "pe": 34.264915,
    "rsi": 44.831474325669305,
    "k": 45.79669191526525,
    "d": 50.651832623015856,
    "ma20": 111.29899940490722,
    "ma120": 92.47560850779216,
    "ma240": 81.69489385286967
  },
  "qld": {
    "close": 139.25,
    "change_percent": -4.111004799972429,
    "pe": 34.34357,
    "rsi": 45.35530002983934,
    "k": 47.20802872799815,
    "d": 52.132932620875756,
    "ma20": 144.7645004272461,
    "ma120": 126.8512533823649,
    "ma240": 114.35110680262248
  },
  "nvda": {
    "close": 186.86000061035156,
    "change_percent": -3.581012555274726,
    "pe": 53.23647,
    "rsi": 46.41352036101126,
    "k": 38.12314185893458,
    "d": 44.10704125608186,
    "ma20": 192.52700119018556,
    "ma120": 172.44308484395344,
    "ma240": 148.57804438273112
  },
  "msft": {
    "close": 503.2900085449219,
    "change_percent": -1.5357839101904134,
    "pe": 35.846867,
    "rsi": 41.674747108274836,
    "k": 39.41488125945405,
    "d": 32.867869328267176,
    "ma20": 516.6500015258789,
    "ma120": 504.63951670328777,
    "ma240": 458.22605565389
  },
  "goog": {
    "close": 279.1199951171875,
    "change_percent": -2.891137936313891,
    "pe": 27.5538,
    "rsi": 58.07927476243462,
    "k": 62.3531547735651,
    "d": 76.59656508209451,
    "ma20": 273.3509979248047,
    "ma120": 216.91037406921387,
    "ma240": 196.5013801574707
  },
  "tsla": {
    "close": 401.989990234375,
    "change_percent": -6.644220962287403,
    "pe": 277.23447,
    "rsi": 40.28460351003794,
    "k": 19.322696958357003,
    "d": 27.419795202449013,
    "ma20": 444.4860015869141,
    "ma120": 368.4845825195313,
    "ma240": 350.2953747431437
  },
  "smh": {
    "close": 344.82000732421875,
    "change_percent": -3.0124016234496684,
    "pe": 38.434464,
    "rsi": 48.07603359439223,
    "k": 41.8736464983105,
    "d": 47.101034498995894,
    "ma20": 353.8029983520508,
    "ma120": 302.4904159545898,
    "ma240": 267.7253632863363
  },
  "aapl": {
    "close": 272.95001220703125,
    "change_percent": -0.19014480979660342,
    "pe": 36.637585,
    "rsi": 66.37373570506516,
    "k": 72.10204271462713,
    "d": 59.28550804091498,
    "ma20": 267.0939605712891,
    "ma120": 230.11691958109537,
    "ma240": 227.46565392812093
  },
  "amzn": {
    "close": 237.5800018310547,
    "change_percent": -2.710890745256888,
    "pe": 33.5565,
    "rsi": 52.32638783911688,
    "k": 35.59379239537825,
    "d": 53.96568414863975,
    "ma20": 234.43249969482423,
    "ma120": 224.15008366902669,
    "ma240": 216.74791685740152
  },
  "meta": {
    "close": 609.8900146484375,
    "change_percent": 0.14449760573741083,
    "pe": 26.95051,
    "rsi": 27.04228890192904,
    "k": 19.331682703713213,
    "d": 20.573982395061392,
    "ma20": 678.8125,
    "ma120": 719.2139923095704,
    "ma240": 666.5847688039144
  },
  "btc": {
    "close": 97102.5703125,
    "change_percent": -2.602795534836281,
    "pe": null,
    "rsi": 32.8453725607239,
    "k": 18.928692706920568,
    "d": 29.41261243847188,
    "ma20": 106066.562109375,
    "ma120": 113298.82428385416,
    "ma240": 106333.32682291667
  },
  "gld": {
    "close": 382.8699951171875,
    "change_percent": -0.8083098515826858,
    "pe": null,
    "rsi": 60.270120186018374,
    "k": 90.58416214107808,
    "d": 92.63334409415508,
    "ma20": 374.7354995727539,
    "ma120": 331.11183268229166,
    "ma240": 301.4122913360596
  }
}