{
  "twii": {
    "close": 29349.810546875,
    "change_percent": 1.3334355629436003,
    "pe": null,
    "rsi": 70.08746485676895,
    "k": 92.80144693435818,
    "d": 83.4692354342038,
    "j": 111.46586993466696,
    "ma20": 28209.98359375,
    "ma120": 26054.624381510417,
    "ma240": 23952.91525065104,
    "golden_cross": false,
    "death_cross": false,
    "top_divergence": false,
    "bottom_divergence": false
  },
  "tsmc": {
    "close": 1585.0,
    "change_percent": 2.258064516129032,
    "pe": 26.1508,
    "rsi": 71.01840438175945,
    "k": 93.70001862689045,
    "d": 83.26933161849846,
    "j": 114.56139264367442,
    "ma20": 1481.523260498047,
    "ma120": 1322.9365844726562,
    "ma240": 1156.7960556030273,
    "golden_cross": false,
    "death_cross": false,
    "top_divergence": false,
    "bottom_divergence": false
  },
  "etf0050": {
    "close": 66.94999694824219,
    "change_percent": 2.057924551101418,
    "pe": 23.739239,
    "rsi": 73.50027854319252,
    "k": 92.4247798865378,
    "d": 83.24999469038877,
    "j": 110.77435027883587,
    "ma20": 63.63750019073486,
    "ma120": 58.03575328191121,
    "ma240": 51.818066517512,
    "golden_cross": false,
    "death_cross": false,
    "top_divergence": false,
    "bottom_divergence": false
  },
  "etf00631l": {
    "close": 375.25,
    "change_percent": 3.4031431003656647,
    "pe": null,
    "rsi": 70.68683823337832,
    "k": 93.44921987008527,
    "d": 84.62033366709642,
    "j": 111.10699227606301,
    "ma20": 346.94249725341797,
    "ma120": 299.2612491607666,
    "ma240": 253.2814578374227,
    "golden_cross": false,
    "death_cross": false,
    "top_divergence": false,
    "bottom_divergence": false
  },
  "etf00675l": {
    "close": 149.0,
    "change_percent": 3.400411997876265,
    "pe": null,
    "rsi": 71.09381963216171,
    "k": 93.69640298206048,
    "d": 84.73994525475288,
    "j": 111.60931843667566,
    "ma20": 137.68000106811525,
    "ma120": 118.92125015258789,
    "ma240": 100.753125,
    "golden_cross": false,
    "death_cross": false,
    "top_divergence": false,
    "bottom_divergence": false
  },
  "nasdaq": {
    "close": 23241.990234375,
    "change_percent": -0.7561776259325141,
    "pe": null,
    "rsi": 48.78969842029488,
    "k": 67.47815750011584,
    "d": 71.8285932823338,
    "j": 58.77728593567991,
    "ma20": 23380.580078125,
    "ma120": 22410.413916015626,
    "ma240": 20547.986938476562,
    "golden_cross": false,
    "death_cross": true,
    "top_divergence": false,
    "bottom_divergence": false
  },
  "tqqq": {
    "close": 52.720001220703125,
    "change_percent": -2.5508267880600677,
    "pe": 32.957043,
    "rsi": 46.44340238803677,
    "k": 64.17450939317611,
    "d": 68.65116650650192,
    "j": 55.221195166524495,
    "ma20": 54.1744665145874,
    "ma120": 50.123055426279706,
    "ma240": 42.34425024191538,
    "golden_cross": false,
    "death_cross": true,
    "top_divergence": false,
    "bottom_divergence": false
  },
  "qld": {
    "close": 70.41000366210938,
    "change_percent": -1.6757393353083176,
    "pe": 33.419235,
    "rsi": 47.046659665042064,
    "k": 65.20938703083327,
    "d": 69.64687167332033,
    "j": 56.33441774585913,
    "ma20": 71.59894714355468,
    "ma120": 67.3649473508199,
    "ma240": 59.11773099899292,
    "golden_cross": false,
    "death_cross": true,
    "top_divergence": false,
    "bottom_divergence": false
  },
  "nvda": {
    "close": 186.5,
    "change_percent": -0.5545448029029615,
    "pe": 46.04938,
    "rsi": 53.39327066270712,
    "k": 76.80160053874022,
    "d": 75.3360329311312,
    "j": 79.73273575395825,
    "ma20": 182.50000076293946,
    "ma120": 181.5596176147461,
    "ma240": 154.53344475428264,
    "golden_cross": false,
    "death_cross": false,
    "top_divergence": false,
    "bottom_divergence": false
  },
  "msft": {
    "close": 483.6199951171875,
    "change_percent": -0.7918305945161889,
    "pe": 34.372425,
    "rsi": 46.144692866440145,
    "k": 71.68102231220107,
    "d": 74.53100485877813,
    "j": 65.98105721904693,
    "ma20": 483.41300201416016,
    "ma120": 505.19809748331704,
    "ma240": 464.66176516215006,
    "golden_cross": false,
    "death_cross": true,
    "top_divergence": false,
    "bottom_divergence": false
  },
  "goog": {
    "close": 313.79998779296875,
    "change_percent": -0.2384358700066575,
    "pe": 30.946743,
    "rsi": 56.79498378249009,
    "k": 79.66157238886282,
    "d": 72.9392083358124,
    "j": 93.10630049496368,
    "ma20": 313.28716735839845,
    "ma120": 252.79561284383138,
    "ma240": 212.47955156962078,
    "golden_cross": false,
    "death_cross": false,
    "top_divergence": false,
    "bottom_divergence": false
  },
  "tsla": {
    "close": 449.7200012207031,
    "change_percent": -1.0364613980130768,
    "pe": 312.30554,
    "rsi": 46.70470561407546,
    "k": 18.978285158923132,
    "d": 40.21267139145766,
    "j": -23.490487306145923,
    "ma20": 464.7005020141602,
    "ma120": 401.04225006103513,
    "ma240": 355.0673751195272,
    "golden_cross": false,
    "death_cross": false,
    "top_divergence": false,
    "bottom_divergence": false
  },
  "smh": {
    "close": 360.1300048828125,
    "change_percent": -0.8752835587103238,
    "pe": 40.647457,
    "rsi": 53.25989239672442,
    "k": 77.79948946216257,
    "d": 73.84723761055623,
    "j": 85.70399316537524,
    "ma20": 360.03248291015626,
    "ma120": 325.2147720336914,
    "ma240": 281.0641709009806,
    "golden_cross": false,
    "death_cross": false,
    "top_divergence": false,
    "bottom_divergence": false
  },
  "aapl": {
    "close": 271.8599853515625,
    "change_percent": -0.4467559984958011,
    "pe": 36.491276,
    "rsi": 45.69016590505844,
    "k": 57.90487493772998,
    "d": 51.15377446972799,
    "j": 71.40707587373396,
    "ma20": 275.4724975585938,
    "ma120": 249.38569208780925,
    "ma240": 231.5329153060913,
    "golden_cross": false,
    "death_cross": false,
    "top_divergence": false,
    "bottom_divergence": false
  },
  "amzn": {
    "close": 230.82000732421875,
    "change_percent": -0.7353853111662996,
    "pe": 32.555714,
    "rsi": 51.9977143559055,
    "k": 83.97700649163751,
    "d": 78.83814486963428,
    "j": 94.25472973564399,
    "ma20": 228.77250061035156,
    "ma120": 227.93716684977213,
    "ma240": 217.51154187520345,
    "golden_cross": false,
    "death_cross": false,
    "top_divergence": false,
    "bottom_divergence": false
  },
  "meta": {
    "close": 660.0900268554688,
    "change_percent": -0.8799437261277114,
    "pe": 29.233395,
    "rsi": 52.363916251978594,
    "k": 46.62564968661083,
    "d": 46.08033476508294,
    "j": 47.71627952966662,
    "ma20": 658.0247802734375,
    "ma120": 704.2969477335612,
    "ma240": 670.8749387105306,
    "golden_cross": false,
    "death_cross": false,
    "top_divergence": false,
    "bottom_divergence": false
  },
  "btc": {
    "close": 88821.3828125,
    "change_percent": 0.10075108556367163,
    "pe": null,
    "rsi": 49.86673692286777,
    "k": 49.24959109689075,
    "d": 44.04201475947714,
    "j": 59.66474377171795,
    "ma20": 87671.74765625,
    "ma120": 102594.758984375,
    "ma240": 106691.48668619791,
    "golden_cross": false,
    "death_cross": false,
    "top_divergence": false,
    "bottom_divergence": true
  },
  "gld": {
    "close": 396.30999755859375,
    "change_percent": -0.6467991163222406,
    "pe": null,
    "rsi": 51.826771319494306,
    "k": 34.53172626184893,
    "d": 58.63386062735897,
    "j": -13.672542469171148,
    "ma20": 397.19550170898435,
    "ma120": 353.1689994812012,
    "ma240": 320.8952494939168,
    "golden_cross": false,
    "death_cross": false,
    "top_divergence": false,
    "bottom_divergence": false
  }
}