{
  "twii": {
    "close": 33400.3203125,
    "change_percent": -0.5405866913823917,
    "pe": null,
    "rsi": 52.84074700389374,
    "k": 47.66213581014024,
    "d": 45.684998783419694,
    "j": 51.61640986358135,
    "ma20": 33487.8849609375,
    "ma120": 29069.790006510415,
    "ma240": 25596.598999023438,
    "golden_cross": false,
    "death_cross": false,
    "top_divergence": false,
    "bottom_divergence": false
  },
  "tsmc": {
    "close": 1865.0,
    "change_percent": -1.0610079575596816,
    "pe": 28.189238,
    "rsi": 51.65581356800201,
    "k": 45.65313673503443,
    "d": 43.70022885353676,
    "j": 49.55895249802978,
    "ma20": 1886.5,
    "ma120": 1555.3398111979166,
    "ma240": 1289.6481948852538,
    "golden_cross": false,
    "death_cross": false,
    "top_divergence": false,
    "bottom_divergence": false
  },
  "etf0050": {
    "close": 75.94999694824219,
    "change_percent": -0.8485659775809342,
    "pe": 26.082663,
    "rsi": 52.08565983607848,
    "k": 48.202439922238845,
    "d": 46.34285781326196,
    "j": 51.92160414019261,
    "ma20": 76.54999923706055,
    "ma120": 65.16108592351277,
    "ma240": 55.72890516916911,
    "golden_cross": false,
    "death_cross": false,
    "top_divergence": false,
    "bottom_divergence": false
  },
  "etf00631l": {
    "close": 464.6499938964844,
    "change_percent": -1.1382991709607713,
    "pe": null,
    "rsi": 50.41985450802405,
    "k": 41.054947460989695,
    "d": 40.01735978181776,
    "j": 43.130122819333565,
    "ma20": 476.60749969482424,
    "ma120": 370.1316665649414,
    "ma240": 290.78333333333336,
    "golden_cross": false,
    "death_cross": false,
    "top_divergence": false,
    "bottom_divergence": false
  },
  "etf00675l": {
    "close": 184.64999389648438,
    "change_percent": -0.9388412324583268,
    "pe": null,
    "rsi": 50.6238410120896,
    "k": 41.84199069838627,
    "d": 40.55894557321878,
    "j": 44.40808094872125,
    "ma20": 188.99250030517578,
    "ma120": 146.92166697184246,
    "ma240": 115.53333339691162,
    "golden_cross": false,
    "death_cross": false,
    "top_divergence": false,
    "bottom_divergence": false
  },
  "nasdaq": {
    "close": 22311.98046875,
    "change_percent": -1.7791339252573737,
    "pe": null,
    "rsi": 40.391101398458844,
    "k": 50.816434313807974,
    "d": 53.69304473219774,
    "j": 45.06321347702844,
    "ma20": 22693.2556640625,
    "ma120": 23087.03740234375,
    "ma240": 21383.09109700521,
    "golden_cross": false,
    "death_cross": true,
    "top_divergence": false,
    "bottom_divergence": true
  },
  "tqqq": {
    "close": 46.83000183105469,
    "change_percent": -5.106376334313121,
    "pe": 31.42689,
    "rsi": 40.59846826220879,
    "k": 49.834801291117145,
    "d": 55.030059203179746,
    "j": 39.44428546699194,
    "ma20": 49.159499931335446,
    "ma120": 52.731400140126546,
    "ma240": 45.165182717641194,
    "golden_cross": false,
    "death_cross": true,
    "top_divergence": false,
    "bottom_divergence": true
  },
  "qld": {
    "close": 65.58000183105469,
    "change_percent": -3.4167888699383773,
    "pe": 32.087612,
    "rsi": 41.034900295885954,
    "k": 51.06904975896852,
    "d": 56.24302496846226,
    "j": 40.72109933998105,
    "ma20": 67.62000045776367,
    "ma120": 70.23781026204428,
    "ma240": 62.502748759587604,
    "golden_cross": false,
    "death_cross": true,
    "top_divergence": false,
    "bottom_divergence": true
  },
  "nvda": {
    "close": 183.13999938964844,
    "change_percent": -1.5535125563684427,
    "pe": 37.29939,
    "rsi": 48.223945387560406,
    "k": 58.13476137506508,
    "d": 47.569696369441345,
    "j": 79.26489138631257,
    "ma20": 185.27997207641602,
    "ma120": 185.47854309082032,
    "ma240": 166.62630923589072,
    "golden_cross": false,
    "death_cross": false,
    "top_divergence": false,
    "bottom_divergence": false
  },
  "msft": {
    "close": 401.8599853515625,
    "change_percent": -0.7459048347235886,
    "pe": 25.131956,
    "rsi": 42.8911721625891,
    "k": 65.66933244027025,
    "d": 71.71952050818598,
    "j": 53.568956304438814,
    "ma20": 400.4713607788086,
    "ma120": 471.72143503824867,
    "ma240": 468.74614194234215,
    "golden_cross": false,
    "death_cross": false,
    "top_divergence": false,
    "bottom_divergence": false
  },
  "goog": {
    "close": 303.2099914550781,
    "change_percent": -1.6892619628515144,
    "pe": 28.023106,
    "rsi": 42.00668564151181,
    "k": 57.548730525881,
    "d": 50.21339962014558,
    "j": 72.21939233735182,
    "ma20": 306.42626190185547,
    "ma120": 296.9589661916097,
    "ma240": 239.9936050415039,
    "golden_cross": false,
    "death_cross": false,
    "top_divergence": false,
    "bottom_divergence": true
  },
  "tsla": {
    "close": 395.010009765625,
    "change_percent": -3.14109100302422,
    "pe": 369.1682,
    "rsi": 41.71891247339445,
    "k": 50.02709646704345,
    "d": 48.50635259590116,
    "j": 53.06858420932801,
    "ma20": 406.1205001831055,
    "ma120": 433.6850003560384,
    "ma240": 374.83708337148033,
    "golden_cross": false,
    "death_cross": false,
    "top_divergence": false,
    "bottom_divergence": false
  },
  "smh": {
    "close": 388.1300048828125,
    "change_percent": -3.216715441675416,
    "pe": 39.8073,
    "rsi": 43.94064360671726,
    "k": 45.97826350435777,
    "d": 40.5427004600066,
    "j": 56.849389593060124,
    "ma20": 404.4510009765625,
    "ma120": 367.85302912394206,
    "ma240": 313.4189608891805,
    "golden_cross": false,
    "death_cross": false,
    "top_divergence": false,
    "bottom_divergence": false
  },
  "aapl": {
    "close": 255.75999450683594,
    "change_percent": -1.9362766377938698,
    "pe": 32.374683,
    "rsi": 39.78510684825962,
    "k": 26.140114475205436,
    "d": 29.564929233712395,
    "j": 19.29048495819152,
    "ma20": 263.32999954223635,
    "ma120": 264.92531038920083,
    "ma240": 237.9276465733846,
    "golden_cross": false,
    "death_cross": false,
    "top_divergence": false,
    "bottom_divergence": false
  },
  "amzn": {
    "close": 209.52999877929688,
    "change_percent": -1.4671973697334215,
    "pe": 29.223152,
    "rsi": 43.327432609968305,
    "k": 56.43619841078048,
    "d": 65.74094129462375,
    "j": 37.82671264309391,
    "ma20": 208.88899993896484,
    "ma120": 226.24108352661133,
    "ma240": 218.78270848592123,
    "golden_cross": false,
    "death_cross": false,
    "top_divergence": false,
    "bottom_divergence": false
  },
  "meta": {
    "close": 638.1799926757812,
    "change_percent": -2.5471082443412043,
    "pe": 27.168156,
    "rsi": 43.32446033968957,
    "k": 46.98161132817469,
    "d": 54.80640152171514,
    "j": 31.332030941093777,
    "ma20": 649.2129974365234,
    "ma120": 668.1041498819988,
    "ma240": 671.2298730214437,
    "golden_cross": false,
    "death_cross": false,
    "top_divergence": false,
    "bottom_divergence": false
  },
  "btc": {
    "close": 71582.7890625,
    "change_percent": 1.5452896063165433,
    "pe": null,
    "rsi": 54.73805393877,
    "k": 59.56151051029286,
    "d": 53.40452309646513,
    "j": 71.87548533794833,
    "ma20": 68149.816796875,
    "ma120": 82665.65999348958,
    "ma240": 98074.68911132813,
    "golden_cross": false,
    "death_cross": false,
    "top_divergence": false,
    "bottom_divergence": false
  },
  "gld": {
    "close": 466.8800048828125,
    "change_percent": -1.9653925633074432,
    "pe": null,
    "rsi": 50.617673012866646,
    "k": 48.70870534763287,
    "d": 59.637952861964905,
    "j": 26.850210318968806,
    "ma20": 470.11500091552733,
    "ma120": 408.1981674194336,
    "ma240": 358.13283348083496,
    "golden_cross": false,
    "death_cross": false,
    "top_divergence": false,
    "bottom_divergence": false
  }
}