{
  "twii": {
    "close": 35414.48828125,
    "change_percent": 0.004004083061669718,
    "pe": null,
    "rsi": 80.35998484120277,
    "k": 91.82936239670647,
    "d": 83.66088619732353,
    "j": 108.16631479547235,
    "ma20": 32740.9283203125,
    "ma120": 28296.510091145832,
    "ma240": 25129.070963541668,
    "golden_cross": false,
    "death_cross": false,
    "top_divergence": false,
    "bottom_divergence": false
  },
  "tsmc": {
    "close": 1995.0,
    "change_percent": -0.9925558312655087,
    "pe": 30.1223,
    "rsi": 75.05397520783575,
    "k": 88.96179258419725,
    "d": 82.54454699720321,
    "j": 101.79628375818533,
    "ma20": 1829.25,
    "ma120": 1494.4210072835288,
    "ma240": 1251.344765218099,
    "golden_cross": false,
    "death_cross": false,
    "top_divergence": false,
    "bottom_divergence": false
  },
  "etf0050": {
    "close": 81.1500015258789,
    "change_percent": 0.0616560452510593,
    "pe": 27.868443,
    "rsi": 82.43518916553113,
    "k": 90.77064698937698,
    "d": 84.16364361243592,
    "j": 103.98465374325912,
    "ma20": 74.3849998474121,
    "ma120": 63.07267217636108,
    "ma240": 54.403792238235475,
    "golden_cross": false,
    "death_cross": false,
    "top_divergence": false,
    "bottom_divergence": false
  },
  "etf00631l": {
    "close": 537.8499755859375,
    "change_percent": 0.7398297417592254,
    "pe": null,
    "rsi": 79.27526990766123,
    "k": 90.59878246856994,
    "d": 82.61960056207613,
    "j": 106.55714628155755,
    "ma20": 461.2500030517578,
    "ma120": 352.1845832824707,
    "ma240": 280.24375,
    "golden_cross": false,
    "death_cross": false,
    "top_divergence": false,
    "bottom_divergence": false
  },
  "etf00675l": {
    "close": 212.8000030517578,
    "change_percent": 0.7814393573140945,
    "pe": null,
    "rsi": 79.36654806511126,
    "k": 90.39193184785377,
    "d": 82.56930733300257,
    "j": 106.03718087755618,
    "ma20": 182.86749954223632,
    "ma120": 139.81916694641114,
    "ma240": 111.37416674296061,
    "golden_cross": false,
    "death_cross": false,
    "top_divergence": false,
    "bottom_divergence": false
  },
  "nasdaq": {
    "close": 22668.2109375,
    "change_percent": -0.9186398424208307,
    "pe": null,
    "rsi": 43.64535815455388,
    "k": 58.348901543196035,
    "d": 55.37874364269648,
    "j": 64.28921734419515,
    "ma20": 22921.36826171875,
    "ma120": 23049.806754557292,
    "ma240": 21204.223966471352,
    "golden_cross": false,
    "death_cross": false,
    "top_divergence": false,
    "bottom_divergence": false
  },
  "tqqq": {
    "close": 49.52000045776367,
    "change_percent": -1.0589386361157556,
    "pe": 30.3253,
    "rsi": 45.58393765033196,
    "k": 60.77056750206016,
    "d": 55.418877026424404,
    "j": 71.47394845333169,
    "ma20": 50.32950000762939,
    "ma120": 52.681017525990804,
    "ma240": 44.5049608707428,
    "golden_cross": false,
    "death_cross": false,
    "top_divergence": false,
    "bottom_divergence": false
  },
  "qld": {
    "close": 67.98999786376953,
    "change_percent": -0.6575168930217128,
    "pe": 31.361452,
    "rsi": 46.22438280728575,
    "k": 62.36811541775859,
    "d": 56.85373819762202,
    "j": 73.39686985803172,
    "ma20": 68.57000007629395,
    "ma120": 70.0909787495931,
    "ma240": 61.74130374590556,
    "golden_cross": false,
    "death_cross": false,
    "top_divergence": false,
    "bottom_divergence": false
  },
  "nvda": {
    "close": 177.19000244140625,
    "change_percent": -4.164636796831149,
    "pe": 36.087578,
    "rsi": 40.34630613129426,
    "k": 45.11914658602964,
    "d": 63.547602467070256,
    "j": 8.262234823948418,
    "ma20": 185.98250045776368,
    "ma120": 184.88102798461915,
    "ma240": 164.18727951049806,
    "golden_cross": false,
    "death_cross": false,
    "top_divergence": false,
    "bottom_divergence": false
  },
  "msft": {
    "close": 392.739990234375,
    "change_percent": -2.2353905603506528,
    "pe": 24.576971,
    "rsi": 36.64480970341078,
    "k": 48.216411695365636,
    "d": 38.278156699912685,
    "j": 68.09292168627152,
    "ma20": 402.84348754882814,
    "ma120": 479.07714157104493,
    "ma240": 468.0422098795573,
    "golden_cross": false,
    "death_cross": false,
    "top_divergence": false,
    "bottom_divergence": true
  },
  "goog": {
    "close": 311.42999267578125,
    "change_percent": 1.3934555964013202,
    "pe": 28.809433,
    "rsi": 44.603263914814,
    "k": 55.954851908543255,
    "d": 48.75699636018453,
    "j": 70.35056300526071,
    "ma20": 318.05449829101565,
    "ma120": 292.68260345458987,
    "ma240": 234.99030437469483,
    "golden_cross": false,
    "death_cross": false,
    "top_divergence": false,
    "bottom_divergence": false
  },
  "tsla": {
    "close": 402.510009765625,
    "change_percent": -1.4856275407819142,
    "pe": 369.27524,
    "rsi": 41.23743355756357,
    "k": 39.75240404090094,
    "d": 40.90925511085843,
    "j": 37.43870190098596,
    "ma20": 413.8499984741211,
    "ma120": 432.6480003356934,
    "ma240": 369.3835418065389,
    "golden_cross": false,
    "death_cross": true,
    "top_divergence": false,
    "bottom_divergence": true
  },
  "smh": {
    "close": 406.3699951171875,
    "change_percent": -1.3689023360490356,
    "pe": 43.09853,
    "rsi": 51.024439945115944,
    "k": 57.11095487867802,
    "d": 69.26011810818025,
    "j": 32.81262841967356,
    "ma20": 406.78699951171876,
    "ma120": 361.00461756388347,
    "ma240": 307.06071815490725,
    "golden_cross": false,
    "death_cross": false,
    "top_divergence": false,
    "bottom_divergence": false
  },
  "aapl": {
    "close": 264.17999267578125,
    "change_percent": -3.213049693728529,
    "pe": 33.440506,
    "rsi": 47.73741911697594,
    "k": 60.44693049052266,
    "d": 57.1089349030989,
    "j": 67.12292166537017,
    "ma20": 268.617333984375,
    "ma120": 262.96528345743815,
    "ma240": 236.30104910532634,
    "golden_cross": false,
    "death_cross": false,
    "top_divergence": false,
    "bottom_divergence": false
  },
  "amzn": {
    "close": 210.0,
    "change_percent": 1.0003856528339246,
    "pe": 29.329609,
    "rsi": 42.649197262143595,
    "k": 78.8755053806745,
    "d": 66.37673968700173,
    "j": 103.87303676802003,
    "ma20": 213.4165008544922,
    "ma120": 227.69733327229818,
    "ma240": 218.2436668395996,
    "golden_cross": false,
    "death_cross": false,
    "top_divergence": false,
    "bottom_divergence": false
  },
  "meta": {
    "close": 648.1799926757812,
    "change_percent": -1.34396994849343,
    "pe": 27.629156,
    "rsi": 47.22157641237313,
    "k": 52.64645207472877,
    "d": 41.653855934543124,
    "j": 74.63164435510008,
    "ma20": 661.9929962158203,
    "ma120": 676.3508371988933,
    "ma240": 669.2456123352051,
    "golden_cross": false,
    "death_cross": false,
    "top_divergence": false,
    "bottom_divergence": true
  },
  "btc": {
    "close": 63503.7578125,
    "change_percent": -3.6095540426924644,
    "pe": null,
    "rsi": 34.48932712377165,
    "k": 36.690506111792715,
    "d": 41.58067129538362,
    "j": 26.91017574461091,
    "ma20": 67321.362109375,
    "ma120": 86440.01839192708,
    "ma240": 100485.74949544271,
    "golden_cross": false,
    "death_cross": true,
    "top_divergence": false,
    "bottom_divergence": false
  },
  "gld": {
    "close": 483.75,
    "change_percent": 1.3131416749195406,
    "pe": null,
    "rsi": 61.16371641580596,
    "k": 88.74279413490285,
    "d": 81.48785175542764,
    "j": 103.25267889385327,
    "ma20": 460.69750213623047,
    "ma120": 397.8841677347819,
    "ma240": 350.8406667073568,
    "golden_cross": false,
    "death_cross": false,
    "top_divergence": true,
    "bottom_divergence": false
  }
}