{
  "twii": {
    "close": 35413.0703125,
    "change_percent": 2.0525451375091324,
    "pe": null,
    "rsi": 80.35476754229157,
    "k": 89.61096660494552,
    "d": 79.57664809763207,
    "j": 109.67960361957239,
    "ma20": 32558.20341796875,
    "ma120": 28203.70086263021,
    "ma240": 25075.66426595052,
    "golden_cross": false,
    "death_cross": false,
    "top_divergence": false,
    "bottom_divergence": false
  },
  "tsmc": {
    "close": 2015.0,
    "change_percent": 2.5445292620865136,
    "pe": 30.428873,
    "rsi": 78.93119058443322,
    "k": 88.70584677103272,
    "d": 79.33592420370621,
    "j": 107.44569190568575,
    "ma20": 1818.25,
    "ma120": 1487.4748992919922,
    "ma240": 1247.2139444986979,
    "golden_cross": false,
    "death_cross": false,
    "top_divergence": false,
    "bottom_divergence": false
  },
  "etf0050": {
    "close": 81.0999984741211,
    "change_percent": 2.141054049839163,
    "pe": 27.85127,
    "rsi": 82.36486524025337,
    "k": 89.11052287442413,
    "d": 80.86014192396539,
    "j": 105.61128477534163,
    "ma20": 73.90697784423828,
    "ma120": 62.829476579030356,
    "ma240": 54.256199820836386,
    "golden_cross": false,
    "death_cross": false,
    "top_divergence": false,
    "bottom_divergence": false
  },
  "etf00631l": {
    "close": 533.9000244140625,
    "change_percent": 3.811012460879882,
    "pe": null,
    "rsi": 78.73484977557143,
    "k": 87.5502534052405,
    "d": 78.63000960882924,
    "j": 105.39074099806302,
    "ma20": 456.05750427246096,
    "ma120": 349.8616668701172,
    "ma240": 278.94833342234296,
    "golden_cross": false,
    "death_cross": false,
    "top_divergence": false,
    "bottom_divergence": false
  },
  "etf00675l": {
    "close": 211.14999389648438,
    "change_percent": 3.7592107599431817,
    "pe": null,
    "rsi": 78.79004571588585,
    "k": 87.31028555089898,
    "d": 78.65799507557696,
    "j": 104.61486650154302,
    "ma20": 180.82499923706055,
    "ma120": 138.90583356221518,
    "ma240": 110.86562506357829,
    "golden_cross": false,
    "death_cross": false,
    "top_divergence": false,
    "bottom_divergence": false
  },
  "nasdaq": {
    "close": 22863.6796875,
    "change_percent": 1.044801963062752,
    "pe": null,
    "rsi": 46.54416974366239,
    "k": 46.119294149725214,
    "d": 40.80094734158243,
    "j": 56.755987766010776,
    "ma20": 23054.41806640625,
    "ma120": 23018.199576822917,
    "ma240": 21137.58595377604,
    "golden_cross": false,
    "death_cross": false,
    "top_divergence": false,
    "bottom_divergence": false
  },
  "tqqq": {
    "close": 49.779998779296875,
    "change_percent": 3.192365354990227,
    "pe": 30.484518,
    "rsi": 45.800555865028095,
    "k": 44.77667786729211,
    "d": 40.286446259296255,
    "j": 53.75714108328381,
    "ma20": 51.23950023651123,
    "ma120": 52.551368649800615,
    "ma240": 44.24754932721456,
    "golden_cross": false,
    "death_cross": false,
    "top_divergence": false,
    "bottom_divergence": false
  },
  "qld": {
    "close": 68.12999725341797,
    "change_percent": 2.0674116156074436,
    "pe": 31.42603,
    "rsi": 46.28371175691789,
    "k": 46.04306621548256,
    "d": 41.476685091438284,
    "j": 55.17582846357112,
    "ma20": 69.33649978637695,
    "ma120": 69.9393411318461,
    "ma240": 61.45152633984883,
    "golden_cross": false,
    "death_cross": false,
    "top_divergence": false,
    "bottom_divergence": false
  },
  "nvda": {
    "close": 192.85000610351562,
    "change_percent": 0.678675557841962,
    "pe": 47.853596,
    "rsi": 58.15944168067724,
    "k": 80.38727554497316,
    "d": 72.79198486075012,
    "j": 95.57785691341925,
    "ma20": 186.72800064086914,
    "ma120": 184.47771937052408,
    "ma240": 163.33430449167886,
    "golden_cross": false,
    "death_cross": false,
    "top_divergence": false,
    "bottom_divergence": false
  },
  "msft": {
    "close": 389.0,
    "change_percent": 1.1782450555086226,
    "pe": 24.327705,
    "rsi": 31.49847890017957,
    "k": 16.302713705926806,
    "d": 17.95180348833165,
    "j": 13.00453414111712,
    "ma20": 412.7170684814453,
    "ma120": 481.6355908711751,
    "ma240": 467.82053654988607,
    "golden_cross": false,
    "death_cross": false,
    "top_divergence": false,
    "bottom_divergence": false
  },
  "goog": {
    "close": 310.9200134277344,
    "change_percent": -0.2470368018353823,
    "pe": 28.735676,
    "rsi": 42.32261044258342,
    "k": 46.53433992664027,
    "d": 35.38359955177748,
    "j": 68.83582067636587,
    "ma20": 321.9709991455078,
    "ma120": 290.73460820515953,
    "ma240": 233.19182402292887,
    "golden_cross": false,
    "death_cross": false,
    "top_divergence": false,
    "bottom_divergence": false
  },
  "tsla": {
    "close": 409.3800048828125,
    "change_percent": 2.388519778723699,
    "pe": 386.20758,
    "rsi": 43.54933615115135,
    "k": 33.92334538274767,
    "d": 40.166959852093,
    "j": 21.436116444057006,
    "ma20": 416.37149810791016,
    "ma120": 430.93941701253254,
    "ma240": 367.3429584503174,
    "golden_cross": false,
    "death_cross": false,
    "top_divergence": false,
    "bottom_divergence": false
  },
  "smh": {
    "close": 419.1600036621094,
    "change_percent": 1.5210227439033583,
    "pe": 44.455006,
    "rsi": 61.525253267586635,
    "k": 78.23169221339947,
    "d": 74.18209779377314,
    "j": 86.33088105265213,
    "ma20": 406.6299987792969,
    "ma120": 357.8573893229167,
    "ma240": 304.64418538411456,
    "golden_cross": false,
    "death_cross": false,
    "top_divergence": false,
    "bottom_divergence": false
  },
  "aapl": {
    "close": 272.1400146484375,
    "change_percent": 2.239094648979052,
    "pe": 34.491764,
    "rsi": 56.94531082409189,
    "k": 46.90180286231358,
    "d": 41.41267868748739,
    "j": 57.88005121196595,
    "ma20": 266.66270141601564,
    "ma120": 262.1754015604655,
    "ma240": 235.57609901428222,
    "golden_cross": true,
    "death_cross": false,
    "top_divergence": false,
    "bottom_divergence": false
  },
  "amzn": {
    "close": 208.55999755859375,
    "change_percent": 1.6027637831418893,
    "pe": 29.087866,
    "rsi": 39.79172379651902,
    "k": 60.88086760191048,
    "d": 44.28236628869635,
    "j": 94.07787022833872,
    "ma20": 218.45950012207032,
    "ma120": 228.24266662597657,
    "ma240": 218.08604183197022,
    "golden_cross": false,
    "death_cross": false,
    "top_divergence": false,
    "bottom_divergence": false
  },
  "meta": {
    "close": 639.2999877929688,
    "change_percent": 0.3216928666879168,
    "pe": 27.25064,
    "rsi": 43.76687474086098,
    "k": 25.486365834964786,
    "d": 26.0747135416849,
    "j": 24.309670421524558,
    "ma20": 668.0494934082031,
    "ma120": 678.6503173828125,
    "ma240": 668.6362124125163,
    "golden_cross": false,
    "death_cross": true,
    "top_divergence": false,
    "bottom_divergence": false
  },
  "btc": {
    "close": 65020.6015625,
    "change_percent": 1.467787083427337,
    "pe": null,
    "rsi": 34.07271362024889,
    "k": 30.55102705003232,
    "d": 33.388132601506314,
    "j": 24.87681594708434,
    "ma20": 67837.523828125,
    "ma120": 87507.83642578125,
    "ma240": 101004.19418945312,
    "golden_cross": false,
    "death_cross": false,
    "top_divergence": false,
    "bottom_divergence": false
  },
  "gld": {
    "close": 474.6099853515625,
    "change_percent": -1.3858904264985004,
    "pe": null,
    "rsi": 58.22292731457333,
    "k": 81.17070150604914,
    "d": 72.7217391751267,
    "j": 98.06862616789402,
    "ma20": 462.29300079345705,
    "ma120": 394.1444175720215,
    "ma240": 348.28254152933755,
    "golden_cross": false,
    "death_cross": false,
    "top_divergence": false,
    "bottom_divergence": false
  }
}