{
  "twii": {
    "close": 33605.7109375,
    "change_percent": 1.6108084869157686,
    "pe": null,
    "rsi": 71.98040667175904,
    "k": 76.71315920961084,
    "d": 63.67631877119635,
    "j": 102.78684008643981,
    "ma20": 32056.77421875,
    "ma120": 27932.574934895834,
    "ma240": 24931.18438313802,
    "golden_cross": false,
    "death_cross": false,
    "top_divergence": false,
    "bottom_divergence": false
  },
  "tsmc": {
    "close": 1915.0,
    "change_percent": 1.8617021276595744,
    "pe": 28.901297,
    "rsi": 74.4896829369872,
    "k": 77.99544960934925,
    "d": 64.68110260067056,
    "j": 104.62414362670665,
    "ma20": 1783.75,
    "ma120": 1466.7670450846354,
    "ma240": 1235.6484820048015,
    "golden_cross": false,
    "death_cross": false,
    "top_divergence": false,
    "bottom_divergence": false
  },
  "etf0050": {
    "close": 77.19999694824219,
    "change_percent": 2.2516515870757448,
    "pe": 26.511936,
    "rsi": 75.59846764435702,
    "k": 79.38851751432932,
    "d": 66.67599099728696,
    "j": 104.81357054841405,
    "ma20": 72.62468681335449,
    "ma120": 62.124363803863524,
    "ma240": 53.85169428189595,
    "golden_cross": false,
    "death_cross": false,
    "top_divergence": false,
    "bottom_divergence": false
  },
  "etf00631l": {
    "close": 486.1000061035156,
    "change_percent": 3.5687652673228625,
    "pe": null,
    "rsi": 70.44756999857158,
    "k": 77.2615529974486,
    "d": 64.3864314132075,
    "j": 103.0117961659308,
    "ma20": 443.0925033569336,
    "ma120": 343.292916615804,
    "ma240": 275.5156249364217,
    "golden_cross": false,
    "death_cross": false,
    "top_divergence": false,
    "bottom_divergence": false
  },
  "etf00675l": {
    "close": 192.3000030517578,
    "change_percent": 3.3315404325099927,
    "pe": null,
    "rsi": 70.40205499933093,
    "k": 77.54725728376644,
    "d": 64.85719606255492,
    "j": 102.92737972618949,
    "ma20": 175.75750045776368,
    "ma120": 136.3200003306071,
    "ma240": 109.51875009536744,
    "golden_cross": false,
    "death_cross": false,
    "top_divergence": false,
    "bottom_divergence": false
  },
  "nasdaq": {
    "close": 22682.73046875,
    "change_percent": -0.3116003378238312,
    "pe": null,
    "rsi": 41.241859450480824,
    "k": 35.77563591591127,
    "d": 33.543981346654874,
    "j": 40.23894505442408,
    "ma20": 23162.498046875,
    "ma120": 22985.393929036458,
    "ma240": 21073.934375,
    "golden_cross": false,
    "death_cross": false,
    "top_divergence": false,
    "bottom_divergence": false
  },
  "tqqq": {
    "close": 48.83000183105469,
    "change_percent": -1.1338278305610163,
    "pe": 29.902756,
    "rsi": 41.18799369119258,
    "k": 36.56532031235659,
    "d": 33.776396599198016,
    "j": 42.14316773867374,
    "ma20": 52.003500366210936,
    "ma120": 52.435962708791095,
    "ma240": 44.01554318269094,
    "golden_cross": false,
    "death_cross": false,
    "top_divergence": false,
    "bottom_divergence": false
  },
  "qld": {
    "close": 67.23999786376953,
    "change_percent": -0.7527706807829797,
    "pe": 31.015503,
    "rsi": 41.70782690882273,
    "k": 37.46342764539996,
    "d": 34.86121456084277,
    "j": 42.667853814514345,
    "ma20": 69.98850021362304,
    "ma120": 69.80125347773235,
    "ma240": 61.18570721944173,
    "golden_cross": false,
    "death_cross": false,
    "top_divergence": false,
    "bottom_divergence": false
  },
  "nvda": {
    "close": 187.89999389648438,
    "change_percent": -0.042558693942435936,
    "pe": 46.5099,
    "rsi": 52.77896621137279,
    "k": 67.63192923011778,
    "d": 64.71801854830102,
    "j": 73.4597505937513,
    "ma20": 185.96599960327148,
    "ma120": 184.06814549763996,
    "ma240": 162.30980501174926,
    "golden_cross": false,
    "death_cross": false,
    "top_divergence": false,
    "bottom_divergence": false
  },
  "msft": {
    "close": 398.4599914550781,
    "change_percent": -0.057691686503207135,
    "pe": 24.93492,
    "rsi": 32.82723289139861,
    "k": 21.978632438364578,
    "d": 22.60553213264536,
    "j": 20.724833049803017,
    "ma20": 423.3925979614258,
    "ma120": 484.5060033162435,
    "ma240": 467.71409136454264,
    "golden_cross": false,
    "death_cross": false,
    "top_divergence": false,
    "bottom_divergence": false
  },
  "goog": {
    "close": 303.55999755859375,
    "change_percent": -0.12502628142399835,
    "pe": 28.081406,
    "rsi": 31.69814445531894,
    "k": 17.691958778684924,
    "d": 20.867143719319284,
    "j": 11.341588897416209,
    "ma20": 324.7384979248047,
    "ma120": 288.22956504821775,
    "ma240": 231.40196069081625,
    "golden_cross": false,
    "death_cross": false,
    "top_divergence": false,
    "bottom_divergence": false
  },
  "tsla": {
    "close": 411.7099914550781,
    "change_percent": 0.094812827947845,
    "pe": 384.77567,
    "rsi": 42.779094838952524,
    "k": 47.66111756697,
    "d": 51.685511307803765,
    "j": 39.61233008530246,
    "ma20": 422.00099792480466,
    "ma120": 429.17425028483075,
    "ma240": 365.23616682688396,
    "golden_cross": false,
    "death_cross": false,
    "top_divergence": false,
    "bottom_divergence": false
  },
  "smh": {
    "close": 410.20001220703125,
    "change_percent": -0.5696220228993911,
    "pe": 43.50473,
    "rsi": 57.32113491751137,
    "k": 73.33240956784496,
    "d": 70.41831123069888,
    "j": 79.16060624213713,
    "ma20": 404.36299896240234,
    "ma120": 354.7395876566569,
    "ma240": 302.16394290924075,
    "golden_cross": false,
    "death_cross": false,
    "top_divergence": false,
    "bottom_divergence": false
  },
  "aapl": {
    "close": 260.5799865722656,
    "change_percent": -1.4261469431454126,
    "pe": 32.98481,
    "rsi": 45.45249197123359,
    "k": 31.36771752224189,
    "d": 42.93807502864763,
    "j": 8.227002509430406,
    "ma20": 264.0725616455078,
    "ma120": 261.26039288838706,
    "ma240": 235.0823782602946,
    "golden_cross": false,
    "death_cross": false,
    "top_divergence": false,
    "bottom_divergence": false
  },
  "amzn": {
    "close": 204.86000061035156,
    "change_percent": 0.03418493408559064,
    "pe": 28.571827,
    "rsi": 32.052496219814536,
    "k": 28.602705890850686,
    "d": 19.995226513268904,
    "j": 45.81766464601425,
    "ma20": 222.85849990844727,
    "ma120": 228.75933329264322,
    "ma240": 217.94620844523112,
    "golden_cross": false,
    "death_cross": false,
    "top_divergence": false,
    "bottom_divergence": false
  },
  "meta": {
    "close": 644.780029296875,
    "change_percent": 0.24253889257273034,
    "pe": 27.47252,
    "rsi": 44.672987571127656,
    "k": 23.54223181539664,
    "d": 22.67751112726762,
    "j": 25.271673191654685,
    "ma20": 670.3764953613281,
    "ma120": 681.061962890625,
    "ma240": 668.1837113698324,
    "golden_cross": true,
    "death_cross": false,
    "top_divergence": false,
    "bottom_divergence": false
  },
  "btc": {
    "close": 67842.609375,
    "change_percent": 1.321861819346057,
    "pe": null,
    "rsi": 37.004036436071075,
    "k": 40.81918332295268,
    "d": 43.04711728312305,
    "j": 36.363315402611946,
    "ma20": 69711.2841796875,
    "ma120": 89463.50504557292,
    "ma240": 101868.1678873698,
    "golden_cross": false,
    "death_cross": false,
    "top_divergence": false,
    "bottom_divergence": false
  },
  "gld": {
    "close": 459.55999755859375,
    "change_percent": 0.27930496262249266,
    "pe": null,
    "rsi": 54.41550608510784,
    "k": 58.27481079668165,
    "d": 57.06086178240116,
    "j": 60.70270882524261,
    "ma20": 459.79200286865233,
    "ma120": 390.26258443196616,
    "ma240": 345.6953750610352,
    "golden_cross": false,
    "death_cross": false,
    "top_divergence": false,
    "bottom_divergence": false
  }
}