{
  "twii": {
    "close": 31746.080078125,
    "change_percent": 1.59926081411584,
    "pe": null,
    "rsi": 73.53098811265326,
    "k": 86.73126638463546,
    "d": 88.70978130116978,
    "j": 82.77423655156684,
    "ma20": 30267.6525390625,
    "ma120": 26957.881770833334,
    "ma240": 24412.820279947915,
    "golden_cross": false,
    "death_cross": false,
    "top_divergence": false,
    "bottom_divergence": false
  },
  "tsmc": {
    "close": 1760.0,
    "change_percent": 1.1494252873563218,
    "pe": 26.550007,
    "rsi": 71.28067395482611,
    "k": 81.41549518148736,
    "d": 84.55196088096429,
    "j": 75.1425637825335,
    "ma20": 1659.0,
    "ma120": 1392.0227528889975,
    "ma240": 1193.4961118062338,
    "golden_cross": false,
    "death_cross": false,
    "top_divergence": false,
    "bottom_divergence": false
  },
  "etf0050": {
    "close": 71.80000305175781,
    "change_percent": -0.06958305278362474,
    "pe": 24.657476,
    "rsi": 74.10465097108656,
    "k": 79.58896222093185,
    "d": 87.13093699968461,
    "j": 64.50501266342633,
    "ma20": 69.20999946594239,
    "ma120": 60.42791668574015,
    "ma240": 53.120682350794475,
    "golden_cross": false,
    "death_cross": false,
    "top_divergence": false,
    "bottom_divergence": false
  },
  "etf00631l": {
    "close": 434.45001220703125,
    "change_percent": 2.5129836528605947,
    "pe": null,
    "rsi": 76.75876434294506,
    "k": 88.07525517979929,
    "d": 90.70866559521508,
    "j": 82.8084343489677,
    "ma20": 398.1875,
    "ma120": 320.2870825449626,
    "ma240": 263.5456246058146,
    "golden_cross": false,
    "death_cross": false,
    "top_divergence": false,
    "bottom_divergence": false
  },
  "etf00675l": {
    "close": 172.39999389648438,
    "change_percent": 2.497025579337313,
    "pe": null,
    "rsi": 77.33064846598513,
    "k": 88.0656816589166,
    "d": 90.70393025210463,
    "j": 82.78918447254054,
    "ma20": 157.99750061035155,
    "ma120": 127.2266668955485,
    "ma240": 104.7995834350586,
    "golden_cross": false,
    "death_cross": false,
    "top_divergence": false,
    "bottom_divergence": false
  },
  "nasdaq": {
    "close": 23224.8203125,
    "change_percent": 1.178427399798445,
    "pe": null,
    "rsi": 46.13761271918382,
    "k": 36.824926339978944,
    "d": 49.39620952359664,
    "j": 11.682359972743555,
    "ma20": 23469.3419921875,
    "ma120": 22683.453157552085,
    "ma240": 20751.715275065104,
    "golden_cross": false,
    "death_cross": false,
    "top_divergence": false,
    "bottom_divergence": false
  },
  "tqqq": {
    "close": 52.72999954223633,
    "change_percent": 3.9424404061641236,
    "pe": 33.217857,
    "rsi": 46.19110077192195,
    "k": 37.526260393739335,
    "d": 48.97624062765337,
    "j": 14.626299925911269,
    "ma20": 54.222458839416504,
    "ma120": 51.25848054885864,
    "ma240": 43.02392383416494,
    "golden_cross": false,
    "death_cross": false,
    "top_divergence": false,
    "bottom_divergence": false
  },
  "qld": {
    "close": 70.54000091552734,
    "change_percent": 2.6334896990968275,
    "pe": 33.28243,
    "rsi": 46.70889357976937,
    "k": 38.236483506531066,
    "d": 49.67332254739847,
    "j": 15.36280542479625,
    "ma20": 71.76721076965332,
    "ma120": 68.52445163726807,
    "ma240": 59.94894911448161,
    "golden_cross": false,
    "death_cross": false,
    "top_divergence": false,
    "bottom_divergence": false
  },
  "nvda": {
    "close": 183.32000732421875,
    "change_percent": 2.948278645511104,
    "pe": 45.488834,
    "rsi": 48.294596529678195,
    "k": 32.135226958853885,
    "d": 31.401259686032557,
    "j": 33.60316150449655,
    "ma20": 186.3040008544922,
    "ma120": 182.99729169209797,
    "ma240": 157.5368717511495,
    "golden_cross": true,
    "death_cross": false,
    "top_divergence": false,
    "bottom_divergence": false
  },
  "msft": {
    "close": 444.1099853515625,
    "change_percent": -2.2903291194518274,
    "pe": 31.541903,
    "rsi": 26.017322823689078,
    "k": 14.211972215434063,
    "d": 19.931088645747284,
    "j": 2.773739354807624,
    "ma20": 474.66199951171876,
    "ma120": 500.95178553263344,
    "ma240": 466.92517903645836,
    "golden_cross": false,
    "death_cross": false,
    "top_divergence": false,
    "bottom_divergence": false
  },
  "goog": {
    "close": 328.3800048828125,
    "change_percent": 1.9307180127880927,
    "pe": 32.480713,
    "rsi": 58.56100828524215,
    "k": 52.685825971503604,
    "d": 64.81043210506367,
    "j": 28.43661370438346,
    "ma20": 322.23300018310545,
    "ma120": 267.6158987681071,
    "ma240": 219.37858250935872,
    "golden_cross": false,
    "death_cross": false,
    "top_divergence": false,
    "bottom_divergence": false
  },
  "tsla": {
    "close": 431.44000244140625,
    "change_percent": 2.907573629435003,
    "pe": 293.49658,
    "rsi": 43.752555073879066,
    "k": 33.56618492720287,
    "d": 36.51778822790393,
    "j": 27.66297832580075,
    "ma20": 449.7855026245117,
    "ma120": 413.69458389282227,
    "ma240": 357.02204202016196,
    "golden_cross": false,
    "death_cross": false,
    "top_divergence": false,
    "bottom_divergence": false
  },
  "smh": {
    "close": 401.92999267578125,
    "change_percent": 2.956012601330488,
    "pe": 44.786083,
    "rsi": 66.21432091521396,
    "k": 75.80155144815184,
    "d": 77.28014381724734,
    "j": 72.84436670996087,
    "ma20": 379.596501159668,
    "ma120": 336.0256156921387,
    "ma240": 288.61961097717284,
    "golden_cross": false,
    "death_cross": false,
    "top_divergence": false,
    "bottom_divergence": false
  },
  "aapl": {
    "close": 247.64999389648438,
    "change_percent": 0.38508186461043914,
    "pe": 33.24161,
    "rsi": 20.568536007007967,
    "k": 17.408350672368147,
    "d": 16.90356808001509,
    "j": 18.417915857074263,
    "ma20": 263.89799575805665,
    "ma120": 254.5721263885498,
    "ma240": 233.13697643280028,
    "golden_cross": true,
    "death_cross": false,
    "top_divergence": false,
    "bottom_divergence": false
  },
  "amzn": {
    "close": 231.30999755859375,
    "change_percent": 0.1341980773133117,
    "pe": 32.670902,
    "rsi": 45.14388901243165,
    "k": 34.070945494999556,
    "d": 51.221341707513304,
    "j": -0.22984693002794643,
    "ma20": 236.09699935913085,
    "ma120": 229.04624989827474,
    "ma240": 217.68033345540366,
    "golden_cross": false,
    "death_cross": false,
    "top_divergence": false,
    "bottom_divergence": false
  },
  "meta": {
    "close": 612.9600219726562,
    "change_percent": 1.4632898971923545,
    "pe": 27.098143,
    "rsi": 37.008561902371994,
    "k": 16.037342849418135,
    "d": 17.557301833990067,
    "j": 12.997424880274266,
    "ma20": 645.3174987792969,
    "ma120": 696.5174886067708,
    "ma240": 669.4641003926595,
    "golden_cross": false,
    "death_cross": false,
    "top_divergence": false,
    "bottom_divergence": false
  },
  "btc": {
    "close": 89863.7265625,
    "change_percent": 0.5446209178452466,
    "pe": null,
    "rsi": 44.84327107119403,
    "k": 28.771485654292782,
    "d": 39.62311607018191,
    "j": 7.068224822514537,
    "ma20": 92352.530078125,
    "ma120": 98968.95625,
    "ma240": 105564.26891276041,
    "golden_cross": false,
    "death_cross": false,
    "top_divergence": false,
    "bottom_divergence": false
  },
  "gld": {
    "close": 443.6000061035156,
    "change_percent": 1.4568979615140567,
    "pe": null,
    "rsi": 76.1046885502762,
    "k": 87.26524225087493,
    "d": 83.39481897957222,
    "j": 95.00608879348033,
    "ma20": 414.7500030517578,
    "ma120": 365.16883290608723,
    "ma240": 329.7225830078125,
    "golden_cross": false,
    "death_cross": false,
    "top_divergence": false,
    "bottom_divergence": false
  }
}