{
  "twii": {
    "close": 33599.5390625,
    "change_percent": -0.2179861357059109,
    "pe": null,
    "rsi": 56.01521882060385,
    "k": 42.40418270923443,
    "d": 59.04269848424328,
    "j": 9.127151159216737,
    "ma20": 33250.11328125,
    "ma120": 28697.791910807293,
    "ma240": 25365.84786783854,
    "golden_cross": false,
    "death_cross": false,
    "top_divergence": false,
    "bottom_divergence": false
  },
  "tsmc": {
    "close": 1890.0,
    "change_percent": -0.5263157894736842,
    "pe": 28.65373,
    "rsi": 56.5097205521504,
    "k": 34.85952949063129,
    "d": 53.94780973723865,
    "j": -3.317031002583434,
    "ma20": 1867.25,
    "ma120": 1525.7348795572916,
    "ma240": 1270.5856661478679,
    "golden_cross": false,
    "death_cross": false,
    "top_divergence": false,
    "bottom_divergence": false
  },
  "etf0050": {
    "close": 76.8499984741211,
    "change_percent": -0.7105982440761547,
    "pe": 26.39174,
    "rsi": 56.93315885674279,
    "k": 39.7066531867306,
    "d": 57.618723737588695,
    "j": 3.8825120850144117,
    "ma20": 75.82249946594239,
    "ma120": 64.15481313069661,
    "ma240": 55.07486524581909,
    "golden_cross": false,
    "death_cross": false,
    "top_divergence": false,
    "bottom_divergence": false
  },
  "etf00631l": {
    "close": 478.04998779296875,
    "change_percent": -0.15664160800361113,
    "pe": null,
    "rsi": 53.94415897324387,
    "k": 38.19922903099695,
    "d": 54.62301174298357,
    "j": 5.351663607023724,
    "ma20": 473.55250091552733,
    "ma120": 361.7149997711182,
    "ma240": 285.7068749745687,
    "golden_cross": false,
    "death_cross": false,
    "top_divergence": false,
    "bottom_divergence": false
  },
  "etf00675l": {
    "close": 189.60000610351562,
    "change_percent": 0.026379873886975807,
    "pe": null,
    "rsi": 54.122119966759655,
    "k": 38.03444471095521,
    "d": 54.67997275468396,
    "j": 4.743388623497722,
    "ma20": 187.73500137329103,
    "ma120": 143.58833376566568,
    "ma240": 113.52833347320556,
    "golden_cross": false,
    "death_cross": false,
    "top_divergence": false,
    "bottom_divergence": false
  },
  "nasdaq": {
    "close": 22387.6796875,
    "change_percent": -1.5882487229215103,
    "pe": null,
    "rsi": 40.62308727719305,
    "k": 46.105631673474605,
    "d": 51.98995353449486,
    "j": 34.33698795143411,
    "ma20": 22794.13876953125,
    "ma120": 23078.650748697917,
    "ma240": 21307.017504882813,
    "golden_cross": false,
    "death_cross": true,
    "top_divergence": false,
    "bottom_divergence": false
  },
  "tqqq": {
    "close": 47.540000915527344,
    "change_percent": -4.538149309551274,
    "pe": 31.903358,
    "rsi": 41.72566827036936,
    "k": 50.23892849995666,
    "d": 55.09514217242812,
    "j": 40.52650115501372,
    "ma20": 49.64850006103516,
    "ma120": 52.75873149236043,
    "ma240": 44.88896581331889,
    "golden_cross": false,
    "death_cross": true,
    "top_divergence": false,
    "bottom_divergence": false
  },
  "qld": {
    "close": 66.19000244140625,
    "change_percent": -3.0325221653128573,
    "pe": 32.38608,
    "rsi": 42.14719683681504,
    "k": 51.213521622212944,
    "d": 56.159064454598976,
    "j": 41.32243595744089,
    "ma20": 68.01949996948242,
    "ma120": 70.21672630310059,
    "ma240": 62.18124407132466,
    "golden_cross": false,
    "death_cross": true,
    "top_divergence": false,
    "bottom_divergence": false
  },
  "nvda": {
    "close": 177.82000732421875,
    "change_percent": -3.0107936751011413,
    "pe": 37.43579,
    "rsi": 42.41624894734489,
    "k": 28.944280981553547,
    "d": 37.668447898347964,
    "j": 11.495947147964714,
    "ma20": 186.16149978637696,
    "ma120": 185.17617479960123,
    "ma240": 165.51280806859333,
    "golden_cross": false,
    "death_cross": false,
    "top_divergence": false,
    "bottom_divergence": false
  },
  "msft": {
    "close": 408.9599914550781,
    "change_percent": -0.41881787556692857,
    "pe": 25.704588,
    "rsi": 47.57869435041586,
    "k": 81.5464686471372,
    "d": 70.0259751394345,
    "j": 104.58745566254262,
    "ma20": 400.80899200439455,
    "ma120": 475.15893681844074,
    "ma240": 468.47514661153156,
    "golden_cross": false,
    "death_cross": false,
    "top_divergence": false,
    "bottom_divergence": false
  },
  "goog": {
    "close": 298.29998779296875,
    "change_percent": -0.8673742439189231,
    "pe": 27.852472,
    "rsi": 34.2289837840429,
    "k": 26.370419045792215,
    "d": 34.973357803608636,
    "j": 9.164541530159369,
    "ma20": 309.24349822998045,
    "ma120": 295.3287675221761,
    "ma240": 237.85708688100178,
    "golden_cross": false,
    "death_cross": false,
    "top_divergence": false,
    "bottom_divergence": false
  },
  "tsla": {
    "close": 396.7300109863281,
    "change_percent": -2.1748186591348584,
    "pe": 370.7757,
    "rsi": 41.05268826962492,
    "k": 42.661056285958345,
    "d": 42.779700434688436,
    "j": 42.423767988498156,
    "ma20": 410.17849884033205,
    "ma120": 434.2985003153483,
    "ma240": 372.79945850372314,
    "golden_cross": false,
    "death_cross": true,
    "top_divergence": false,
    "bottom_divergence": true
  },
  "smh": {
    "close": 380.55999755859375,
    "change_percent": -3.7409911006930314,
    "pe": 39.03091,
    "rsi": 38.61588973351344,
    "k": 21.733807088488877,
    "d": 35.03646141584331,
    "j": -4.87150156621999,
    "ma20": 406.8000015258789,
    "ma120": 364.9522305806478,
    "ma240": 310.5705781300863,
    "golden_cross": false,
    "death_cross": false,
    "top_divergence": false,
    "bottom_divergence": false
  },
  "aapl": {
    "close": 257.4599914550781,
    "change_percent": -1.0872553678353483,
    "pe": 32.881226,
    "rsi": 40.879124076432596,
    "k": 25.360403272282365,
    "d": 36.46458935831602,
    "j": 3.152031100215055,
    "ma20": 266.5489990234375,
    "ma120": 264.1972222646078,
    "ma240": 237.29730644226075,
    "golden_cross": false,
    "death_cross": false,
    "top_divergence": false,
    "bottom_divergence": false
  },
  "amzn": {
    "close": 213.2100067138672,
    "change_percent": -2.6171534044229996,
    "pe": 30.589672,
    "rsi": 47.48538246778726,
    "k": 75.97714812061159,
    "d": 76.86569318615858,
    "j": 74.2000579895176,
    "ma20": 207.89300079345702,
    "ma120": 226.89383341471355,
    "ma240": 218.62212518056234,
    "golden_cross": false,
    "death_cross": true,
    "top_divergence": false,
    "bottom_divergence": false
  },
  "meta": {
    "close": 644.8599853515625,
    "change_percent": -2.37825238785713,
    "pe": 28.086237,
    "rsi": 45.708227455238074,
    "k": 60.41478724271319,
    "d": 62.788390893447364,
    "j": 55.667579941244824,
    "ma20": 653.3924957275391,
    "ma120": 672.2754414876302,
    "ma240": 670.6410065968831,
    "golden_cross": false,
    "death_cross": true,
    "top_divergence": false,
    "bottom_divergence": false
  },
  "btc": {
    "close": 67728.546875,
    "change_percent": -0.5987178080394925,
    "pe": null,
    "rsi": 45.440467308903536,
    "k": 56.64536942933667,
    "d": 62.21818283894347,
    "j": 45.49974261012308,
    "ma20": 67630.073828125,
    "ma120": 84342.59527994791,
    "ma240": 99300.97856445312,
    "golden_cross": false,
    "death_cross": false,
    "top_divergence": false,
    "bottom_divergence": false
  },
  "gld": {
    "close": 473.510009765625,
    "change_percent": 1.583250339069649,
    "pe": null,
    "rsi": 54.60357702405949,
    "k": 63.547926761795985,
    "d": 70.46866147638522,
    "j": 49.706457332617504,
    "ma20": 468.0655014038086,
    "ma120": 403.67800089518227,
    "ma240": 354.8929168701172,
    "golden_cross": false,
    "death_cross": false,
    "top_divergence": false,
    "bottom_divergence": false
  }
}