{
  "twii": {
    "close": 31408.69921875,
    "change_percent": 1.9412784151040852,
    "pe": null,
    "rsi": 78.7831071686824,
    "k": 92.00016232494218,
    "d": 91.40718156926067,
    "j": 93.18612383630523,
    "ma20": 29529.315625,
    "ma120": 26683.28904622396,
    "ma240": 24270.253336588543,
    "golden_cross": true,
    "death_cross": false,
    "top_divergence": false,
    "bottom_divergence": false
  },
  "tsmc": {
    "close": 1740.0,
    "change_percent": 2.9585798816568047,
    "pe": 26.248302,
    "rsi": 75.20027790120254,
    "k": 86.6659443562798,
    "d": 88.48970948484211,
    "j": 83.01841409915517,
    "ma20": 1598.0,
    "ma120": 1371.2033406575522,
    "ma240": 1182.3042577107747,
    "golden_cross": false,
    "death_cross": false,
    "top_divergence": false,
    "bottom_divergence": false
  },
  "etf0050": {
    "close": 72.0,
    "change_percent": 1.9108258244362428,
    "pe": 24.72616,
    "rsi": 80.98468653237073,
    "k": 91.84712570763966,
    "d": 91.70984542889613,
    "j": 92.12168626512675,
    "ma20": 67.34249973297119,
    "ma120": 59.71583337783814,
    "ma240": 52.728765408198036,
    "golden_cross": true,
    "death_cross": false,
    "top_divergence": false,
    "bottom_divergence": false
  },
  "etf00631l": {
    "close": 427.3500061035156,
    "change_percent": 3.1374441434790894,
    "pe": null,
    "rsi": 82.73394187308749,
    "k": 92.75922000057923,
    "d": 92.16504694477689,
    "j": 93.94756611218389,
    "ma20": 379.88000030517577,
    "ma120": 313.8566660563151,
    "ma240": 260.3145828882853,
    "golden_cross": true,
    "death_cross": false,
    "top_divergence": false,
    "bottom_divergence": false
  },
  "etf00675l": {
    "close": 169.8000030517578,
    "change_percent": 3.3160917224484403,
    "pe": null,
    "rsi": 83.03487158892685,
    "k": 93.57410237823082,
    "d": 92.47283282426481,
    "j": 95.77664148616284,
    "ma20": 150.76500091552734,
    "ma120": 124.68791694641114,
    "ma240": 103.52750012079875,
    "golden_cross": true,
    "death_cross": false,
    "top_divergence": false,
    "bottom_divergence": false
  },
  "nasdaq": {
    "close": 23515.390625,
    "change_percent": -0.062171245674367104,
    "pe": null,
    "rsi": 52.58523476915692,
    "k": 54.99819754336865,
    "d": 64.49304732718257,
    "j": 36.00849797574082,
    "ma20": 23476.08388671875,
    "ma120": 22650.52664388021,
    "ma240": 20723.2453125,
    "golden_cross": false,
    "death_cross": false,
    "top_divergence": true,
    "bottom_divergence": false
  },
  "tqqq": {
    "close": 54.13999938964844,
    "change_percent": -0.44134180535630346,
    "pe": 34.106102,
    "rsi": 49.70672894584681,
    "k": 54.32611475341109,
    "d": 63.25100393169805,
    "j": 36.476336396837155,
    "ma20": 54.292748832702635,
    "ma120": 51.140560913085935,
    "ma240": 42.94076682726542,
    "golden_cross": false,
    "death_cross": false,
    "top_divergence": false,
    "bottom_divergence": false
  },
  "qld": {
    "close": 71.75,
    "change_percent": -0.26411236441228,
    "pe": 33.853333,
    "rsi": 50.278952981776314,
    "k": 55.05484434681608,
    "d": 64.04023183990117,
    "j": 37.08406936064591,
    "ma20": 71.81598091125488,
    "ma120": 68.39660431543986,
    "ma240": 59.84028484026591,
    "golden_cross": false,
    "death_cross": false,
    "top_divergence": false,
    "bottom_divergence": false
  },
  "nvda": {
    "close": 186.22999572753906,
    "change_percent": -0.4383893669287186,
    "pe": 46.096535,
    "rsi": 51.79371238856923,
    "k": 37.25388979430085,
    "d": 33.57627191249088,
    "j": 44.60912555792078,
    "ma20": 185.99100036621093,
    "ma120": 182.94187698364257,
    "ma240": 157.04530254999796,
    "golden_cross": false,
    "death_cross": false,
    "top_divergence": false,
    "bottom_divergence": false
  },
  "msft": {
    "close": 459.8599853515625,
    "change_percent": 0.7007361415038325,
    "pe": 32.683723,
    "rsi": 33.832611916516555,
    "k": 16.235136028203335,
    "d": 26.61361648184606,
    "j": -4.521824879082111,
    "ma20": 478.22550201416016,
    "ma120": 501.9816474914551,
    "ma240": 466.5959458669027,
    "golden_cross": false,
    "death_cross": false,
    "top_divergence": false,
    "bottom_divergence": false
  },
  "goog": {
    "close": 330.3399963378906,
    "change_percent": -0.8464423379820825,
    "pe": 32.577908,
    "rsi": 63.46919018245358,
    "k": 73.58913842092808,
    "d": 76.99786675477382,
    "j": 66.7716817532366,
    "ma20": 320.3239990234375,
    "ma120": 265.4719137827555,
    "ma240": 218.33239498138428,
    "golden_cross": false,
    "death_cross": true,
    "top_divergence": true,
    "bottom_divergence": false
  },
  "tsla": {
    "close": 437.5,
    "change_percent": -0.24397640202234186,
    "pe": 303.81943,
    "rsi": 44.393508957628484,
    "k": 44.5825072101082,
    "d": 41.311137849940806,
    "j": 51.125245930442986,
    "ma20": 455.47950286865233,
    "ma120": 411.94083404541016,
    "ma240": 356.6874170303345,
    "golden_cross": false,
    "death_cross": false,
    "top_divergence": false,
    "bottom_divergence": false
  },
  "smh": {
    "close": 400.3900146484375,
    "change_percent": 1.0040137608940347,
    "pe": 44.614487,
    "rsi": 69.93375096597948,
    "k": 80.75296598250664,
    "d": 81.88851470678222,
    "j": 78.48186853395549,
    "ma20": 375.045393371582,
    "ma120": 334.31738611857094,
    "ma240": 287.3478374481201,
    "golden_cross": false,
    "death_cross": false,
    "top_divergence": false,
    "bottom_divergence": false
  },
  "aapl": {
    "close": 255.52999877929688,
    "change_percent": -1.0379120733008116,
    "pe": 34.25335,
    "rsi": 25.184251890058757,
    "k": 13.832199982700436,
    "d": 17.667776115536736,
    "j": 6.161047717027834,
    "ma20": 266.47349700927737,
    "ma120": 253.94785079956054,
    "ma240": 233.00708147684733,
    "golden_cross": false,
    "death_cross": false,
    "top_divergence": false,
    "bottom_divergence": false
  },
  "amzn": {
    "close": 239.1199951171875,
    "change_percent": 0.3946605383793984,
    "pe": 33.77401,
    "rsi": 54.96482647586235,
    "k": 57.36375196078852,
    "d": 69.16199176673769,
    "j": 33.767272348890174,
    "ma20": 235.68699951171874,
    "ma120": 229.03699989318847,
    "ma240": 217.7466667811076,
    "golden_cross": false,
    "death_cross": false,
    "top_divergence": false,
    "bottom_divergence": false
  },
  "meta": {
    "close": 620.25,
    "change_percent": -0.08859339622799187,
    "pe": 27.469,
    "rsi": 36.980354315719545,
    "k": 14.912521733442023,
    "d": 21.344192874922904,
    "j": 2.049179450480267,
    "ma20": 650.6244995117188,
    "ma120": 697.9845937093099,
    "ma240": 670.2455595652262,
    "golden_cross": false,
    "death_cross": false,
    "top_divergence": false,
    "bottom_divergence": false
  },
  "btc": {
    "close": 95093.40625,
    "change_percent": -0.4519344756757773,
    "pe": null,
    "rsi": 61.90287747423729,
    "k": 69.22227036399941,
    "d": 66.08444553810068,
    "j": 75.49792001579686,
    "ma20": 91752.9125,
    "ma120": 99930.40260416667,
    "ma240": 105934.28232421874,
    "golden_cross": false,
    "death_cross": false,
    "top_divergence": false,
    "bottom_divergence": false
  },
  "gld": {
    "close": 421.2900085449219,
    "change_percent": -0.48188838307004983,
    "pe": null,
    "rsi": 64.76837626306062,
    "k": 80.71300240526362,
    "d": 79.09625261443114,
    "j": 83.94650198692858,
    "ma20": 410.58800201416017,
    "ma120": 362.88866602579753,
    "ma240": 328.24674962361655,
    "golden_cross": false,
    "death_cross": false,
    "top_divergence": false,
    "bottom_divergence": false
  }
}