{
  "twii": {
    "close": 34700.8203125,
    "change_percent": 2.7464288213389962,
    "pe": null,
    "rsi": 77.57633658060239,
    "k": 85.66113987123137,
    "d": 74.55948884397534,
    "j": 107.86444192574339,
    "ma20": 32369.51435546875,
    "ma120": 28106.62919921875,
    "ma240": 25022.927514648436,
    "golden_cross": false,
    "death_cross": false,
    "top_divergence": false,
    "bottom_divergence": false
  },
  "tsmc": {
    "close": 1965.0,
    "change_percent": 3.421052631578948,
    "pe": 29.633541,
    "rsi": 76.06027281225334,
    "k": 84.81315612146139,
    "d": 74.65096292004296,
    "j": 105.13754252429825,
    "ma20": 1805.5,
    "ma120": 1480.0725830078125,
    "ma240": 1243.0818003336587,
    "golden_cross": false,
    "death_cross": false,
    "top_divergence": false,
    "bottom_divergence": false
  },
  "etf0050": {
    "close": 79.4000015258789,
    "change_percent": 2.8497469748757704,
    "pe": 27.26746,
    "rsi": 79.58289319869013,
    "k": 85.31739192818213,
    "d": 72.88979130758534,
    "j": 110.17259316937572,
    "ma20": 73.11135177612304,
    "ma120": 62.36119343439738,
    "ma240": 53.98393710454305,
    "golden_cross": false,
    "death_cross": false,
    "top_divergence": false,
    "bottom_divergence": false
  },
  "etf00631l": {
    "close": 514.2999877929688,
    "change_percent": 5.801271618056285,
    "pe": null,
    "rsi": 75.51870183370906,
    "k": 83.94639913440957,
    "d": 70.9064206536082,
    "j": 110.02635609601234,
    "ma20": 448.0900024414062,
    "ma120": 345.5233332316081,
    "ma240": 276.64541657765704,
    "golden_cross": false,
    "death_cross": false,
    "top_divergence": false,
    "bottom_divergence": false
  },
  "etf00675l": {
    "close": 203.5,
    "change_percent": 5.824231289911989,
    "pe": null,
    "rsi": 75.57721450757475,
    "k": 83.89799882023277,
    "d": 71.2041303151142,
    "j": 109.28573583046992,
    "ma20": 177.7150001525879,
    "ma120": 137.19708366394042,
    "ma240": 109.96208343505859,
    "golden_cross": false,
    "death_cross": false,
    "top_divergence": false,
    "bottom_divergence": false
  },
  "nasdaq": {
    "close": 22627.26953125,
    "change_percent": -1.1308222762413136,
    "pe": null,
    "rsi": 41.40096934879096,
    "k": 40.65449823253354,
    "d": 38.14177393751104,
    "j": 45.67994682257854,
    "ma20": 23091.30205078125,
    "ma120": 23004.999169921874,
    "ma240": 21114.971036783852,
    "golden_cross": false,
    "death_cross": false,
    "top_divergence": false,
    "bottom_divergence": false
  },
  "tqqq": {
    "close": 48.2400016784668,
    "change_percent": -3.6356365259615444,
    "pe": 29.541449,
    "rsi": 40.75029342587006,
    "k": 39.53344115576513,
    "d": 38.041330455298336,
    "j": 42.517662556698724,
    "ma20": 51.50450038909912,
    "ma120": 52.49845542907715,
    "ma240": 44.162265332539874,
    "golden_cross": false,
    "death_cross": false,
    "top_divergence": false,
    "bottom_divergence": false
  },
  "qld": {
    "close": 66.75,
    "change_percent": -2.412282878757881,
    "pe": 30.789484,
    "rsi": 41.33402807004872,
    "k": 40.791866501846,
    "d": 39.19349452941615,
    "j": 43.98861044670571,
    "ma20": 69.56300010681153,
    "ma120": 69.88027645746867,
    "ma240": 61.35530010859171,
    "golden_cross": false,
    "death_cross": false,
    "top_divergence": false,
    "bottom_divergence": false
  },
  "nvda": {
    "close": 191.5500030517578,
    "change_percent": 0.9113874516842545,
    "pe": 47.41337,
    "rsi": 56.755296551264024,
    "k": 74.30464563478048,
    "d": 68.99433951863861,
    "j": 84.92525786706423,
    "ma20": 186.40900039672852,
    "ma120": 184.29364318847655,
    "ma240": 162.9838054974874,
    "golden_cross": false,
    "death_cross": false,
    "top_divergence": false,
    "bottom_divergence": false
  },
  "msft": {
    "close": 384.4700012207031,
    "change_percent": -3.212247164795455,
    "pe": 24.044403,
    "rsi": 27.86432060753496,
    "k": 13.670544600019936,
    "d": 18.776348379534213,
    "j": 3.4589370409913798,
    "ma20": 416.72752075195314,
    "ma120": 482.58582712809243,
    "ma240": 467.7728697458903,
    "golden_cross": false,
    "death_cross": false,
    "top_divergence": false,
    "bottom_divergence": false
  },
  "goog": {
    "close": 311.69000244140625,
    "change_percent": -1.019368535184326,
    "pe": 28.80684,
    "rsi": 42.96285753760759,
    "k": 40.7685668577454,
    "d": 29.808229364346083,
    "j": 62.68924184454403,
    "ma20": 323.1044982910156,
    "ma120": 289.90746320088704,
    "ma240": 232.58601036071778,
    "golden_cross": false,
    "death_cross": false,
    "top_divergence": false,
    "bottom_divergence": false
  },
  "tsla": {
    "close": 399.8299865722656,
    "change_percent": -2.9114711618451286,
    "pe": 370.21292,
    "rsi": 37.465041555075864,
    "k": 32.75691925226888,
    "d": 43.288767086765674,
    "j": 11.693223583275284,
    "ma20": 417.6624984741211,
    "ma120": 430.27258351643883,
    "ma240": 366.59795843760173,
    "golden_cross": false,
    "death_cross": false,
    "top_divergence": false,
    "bottom_divergence": false
  },
  "smh": {
    "close": 412.8800048828125,
    "change_percent": -0.5180333717581921,
    "pe": 43.788963,
    "rsi": 58.19393617289149,
    "k": 72.59859941137604,
    "d": 72.15730058395998,
    "j": 73.48119706620818,
    "ma20": 405.61299896240234,
    "ma120": 356.74431737263996,
    "ma240": 303.78749993642174,
    "golden_cross": false,
    "death_cross": false,
    "top_divergence": false,
    "bottom_divergence": false
  },
  "aapl": {
    "close": 266.17999267578125,
    "change_percent": 0.6047343656806067,
    "pe": 33.651073,
    "rsi": 51.33626754046132,
    "k": 36.60822272526394,
    "d": 38.6681166000743,
    "j": 32.48843497564323,
    "ma20": 265.8142623901367,
    "ma120": 261.81825968424477,
    "ma240": 235.35835564931233,
    "golden_cross": false,
    "death_cross": false,
    "top_divergence": false,
    "bottom_divergence": false
  },
  "amzn": {
    "close": 205.27000427246094,
    "change_percent": -2.303553530927062,
    "pe": 28.668995,
    "rsi": 35.552351084000996,
    "k": 49.923809396882916,
    "d": 35.983115632089294,
    "j": 77.80519692647016,
    "ma20": 219.9525001525879,
    "ma120": 228.38249994913738,
    "ma240": 218.03616682688394,
    "golden_cross": false,
    "death_cross": false,
    "top_divergence": false,
    "bottom_divergence": false
  },
  "meta": {
    "close": 637.25,
    "change_percent": -2.8078537502049135,
    "pe": 27.105486,
    "rsi": 42.959492705163285,
    "k": 27.323871479448556,
    "d": 26.36888739504496,
    "j": 29.233839648255746,
    "ma20": 669.7024932861328,
    "ma120": 679.4396133422852,
    "ma240": 668.4883206685384,
    "golden_cross": false,
    "death_cross": false,
    "top_divergence": false,
    "bottom_divergence": true
  },
  "btc": {
    "close": 63025.171875,
    "change_percent": -2.46308688520081,
    "pe": null,
    "rsi": 29.377699164132874,
    "k": 21.926257271875443,
    "d": 33.02514745450307,
    "j": -0.2715230933798125,
    "ma20": 67668.855078125,
    "ma120": 87898.50885416666,
    "ma240": 101175.276953125,
    "golden_cross": false,
    "death_cross": false,
    "top_divergence": false,
    "bottom_divergence": false
  },
  "gld": {
    "close": 481.2799987792969,
    "change_percent": 2.7015500392687035,
    "pe": null,
    "rsi": 61.15879646944751,
    "k": 81.28848685393643,
    "d": 68.49725800966549,
    "j": 106.87094454247833,
    "ma20": 461.7975021362305,
    "ma120": 392.90258433024087,
    "ma240": 347.42649993896487,
    "golden_cross": false,
    "death_cross": false,
    "top_divergence": false,
    "bottom_divergence": false
  }
}