{
  "twii": {
    "close": 35414.48828125,
    "change_percent": 0.004004083061669718,
    "pe": null,
    "rsi": 80.35998484120277,
    "k": 91.82936239670647,
    "d": 83.66088619732353,
    "j": 108.16631479547235,
    "ma20": 32740.9283203125,
    "ma120": 28296.510091145832,
    "ma240": 25129.070963541668,
    "golden_cross": false,
    "death_cross": false,
    "top_divergence": false,
    "bottom_divergence": false
  },
  "tsmc": {
    "close": 1995.0,
    "change_percent": -0.9925558312655087,
    "pe": 30.1223,
    "rsi": 75.05397520791489,
    "k": 88.96179258419725,
    "d": 82.54454699720321,
    "j": 101.79628375818533,
    "ma20": 1829.25,
    "ma120": 1494.4210072835288,
    "ma240": 1251.3447570800781,
    "golden_cross": false,
    "death_cross": false,
    "top_divergence": false,
    "bottom_divergence": false
  },
  "etf0050": {
    "close": 81.1500015258789,
    "change_percent": 0.0616560452510593,
    "pe": 27.868443,
    "rsi": 82.43518916553113,
    "k": 90.77064698937698,
    "d": 84.16364361243592,
    "j": 103.98465374325912,
    "ma20": 74.3849998474121,
    "ma120": 63.07267217636108,
    "ma240": 54.403792238235475,
    "golden_cross": false,
    "death_cross": false,
    "top_divergence": false,
    "bottom_divergence": false
  },
  "etf00631l": {
    "close": 537.8499755859375,
    "change_percent": 0.7398297417592254,
    "pe": null,
    "rsi": 79.27526990766123,
    "k": 90.59878246856994,
    "d": 82.61960056207613,
    "j": 106.55714628155755,
    "ma20": 461.2500030517578,
    "ma120": 352.1845832824707,
    "ma240": 280.24375,
    "golden_cross": false,
    "death_cross": false,
    "top_divergence": false,
    "bottom_divergence": false
  },
  "etf00675l": {
    "close": 212.8000030517578,
    "change_percent": 0.7814393573140945,
    "pe": null,
    "rsi": 79.36654806511126,
    "k": 90.39193184785377,
    "d": 82.56930733300257,
    "j": 106.03718087755618,
    "ma20": 182.86749954223632,
    "ma120": 139.81916694641114,
    "ma240": 111.37416674296061,
    "golden_cross": false,
    "death_cross": false,
    "top_divergence": false,
    "bottom_divergence": false
  },
  "nasdaq": {
    "close": 22878.380859375,
    "change_percent": -1.1821798206745227,
    "pe": null,
    "rsi": 47.09458672301787,
    "k": 64.98845292132145,
    "d": 53.893664692446706,
    "j": 87.17802937907095,
    "ma20": 22972.213671875,
    "ma120": 23041.741585286458,
    "ma240": 21183.748461914063,
    "golden_cross": false,
    "death_cross": false,
    "top_divergence": false,
    "bottom_divergence": false
  },
  "tqqq": {
    "close": 50.04999923706055,
    "change_percent": -3.508771413730366,
    "pe": 30.649862,
    "rsi": 46.92928646759981,
    "k": 63.177495869341406,
    "d": 52.74303178860654,
    "j": 84.04642403081114,
    "ma20": 50.65550003051758,
    "ma120": 52.64997126261393,
    "ma240": 44.426504309972124,
    "golden_cross": false,
    "death_cross": false,
    "top_divergence": false,
    "bottom_divergence": false
  },
  "qld": {
    "close": 68.44000244140625,
    "change_percent": -2.340181716321961,
    "pe": 31.569023,
    "rsi": 47.50052393762516,
    "k": 64.6048203604273,
    "d": 54.096549587553746,
    "j": 85.62136190617439,
    "ma20": 68.84650001525878,
    "ma120": 70.05140269597372,
    "ma240": 61.65177372296651,
    "golden_cross": false,
    "death_cross": false,
    "top_divergence": false,
    "bottom_divergence": false
  },
  "nvda": {
    "close": 184.88999938964844,
    "change_percent": -5.456125128938174,
    "pe": 45.651848,
    "rsi": 47.35898571130963,
    "k": 65.7728432705886,
    "d": 72.76183040759057,
    "j": 51.794868996584654,
    "ma20": 186.74850006103514,
    "ma120": 184.79612210591634,
    "ma240": 163.9558541615804,
    "golden_cross": false,
    "death_cross": true,
    "top_divergence": false,
    "bottom_divergence": false
  },
  "msft": {
    "close": 401.7200012207031,
    "change_percent": 0.2795794059219489,
    "pe": 25.123203,
    "rsi": 40.60784447552093,
    "k": 50.932066531458176,
    "d": 33.30902920218622,
    "j": 86.17814119000208,
    "ma20": 404.83212890625,
    "ma120": 479.9122263590495,
    "ma240": 468.0124932607015,
    "golden_cross": false,
    "death_cross": false,
    "top_divergence": false,
    "bottom_divergence": true
  },
  "goog": {
    "close": 307.1499938964844,
    "change_percent": -1.8784157766803116,
    "pe": 28.413504,
    "rsi": 39.72956064917699,
    "k": 51.722117149930526,
    "d": 45.15806858600518,
    "j": 64.85021427778123,
    "ma20": 319.415998840332,
    "ma120": 292.0440767923991,
    "ma240": 234.38918018341064,
    "golden_cross": false,
    "death_cross": false,
    "top_divergence": false,
    "bottom_divergence": false
  },
  "tsla": {
    "close": 408.5799865722656,
    "change_percent": -2.1130827631028,
    "pe": 385.45285,
    "rsi": 43.90899461839188,
    "k": 43.525934669679586,
    "d": 41.48768064583718,
    "j": 47.60244271736438,
    "ma20": 414.55249786376953,
    "ma120": 432.21741689046223,
    "ma240": 368.7480000813802,
    "golden_cross": false,
    "death_cross": false,
    "top_divergence": false,
    "bottom_divergence": true
  },
  "smh": {
    "close": 412.010009765625,
    "change_percent": -3.3203477038881197,
    "pe": 43.696693,
    "rsi": 54.522208245965274,
    "k": 71.41385976925923,
    "d": 75.33469972293138,
    "j": 63.57217986191495,
    "ma20": 407.344499206543,
    "ma120": 360.0546198527018,
    "ma240": 306.30862318674724,
    "golden_cross": false,
    "death_cross": true,
    "top_divergence": false,
    "bottom_divergence": false
  },
  "aapl": {
    "close": 272.95001220703125,
    "change_percent": -0.46676101375377543,
    "pe": 34.594425,
    "rsi": 57.16843557440243,
    "k": 69.66893068376538,
    "d": 55.43993710938702,
    "j": 98.12691783252211,
    "ma20": 268.31026153564454,
    "ma120": 262.7574002583822,
    "ma240": 236.0859806060791,
    "golden_cross": false,
    "death_cross": false,
    "top_divergence": false,
    "bottom_divergence": false
  },
  "amzn": {
    "close": 207.9199981689453,
    "change_percent": -1.2913032798065964,
    "pe": 28.998604,
    "rsi": 39.96031148669941,
    "k": 73.41267023067411,
    "d": 60.12735684016536,
    "j": 99.9832970116916,
    "ma20": 215.00300064086915,
    "ma120": 227.8834166208903,
    "ma240": 218.19345849355062,
    "golden_cross": false,
    "death_cross": false,
    "top_divergence": false,
    "bottom_divergence": false
  },
  "meta": {
    "close": 657.010009765625,
    "change_percent": 0.5078871195550126,
    "pe": 27.9341,
    "rsi": 50.39366570354622,
    "k": 50.51797918229062,
    "d": 36.157557864450304,
    "j": 79.23882181797124,
    "ma20": 666.4994964599609,
    "ma120": 677.210417175293,
    "ma240": 669.0708146413167,
    "golden_cross": false,
    "death_cross": false,
    "top_divergence": false,
    "bottom_divergence": true
  },
  "btc": {
    "close": 67621.7734375,
    "change_percent": 0.24905945425819975,
    "pe": null,
    "rsi": 41.92274677641431,
    "k": 56.450653323788245,
    "d": 46.63820995270531,
    "j": 76.07554006595413,
    "ma20": 67746.409375,
    "ma120": 86838.28824869792,
    "ma240": 100685.26697591147,
    "golden_cross": false,
    "death_cross": false,
    "top_divergence": false,
    "bottom_divergence": false
  },
  "gld": {
    "close": 477.4800109863281,
    "change_percent": 0.857588915432172,
    "pe": null,
    "rsi": 59.06536111191591,
    "k": 83.293352632088,
    "d": 77.86038056569005,
    "j": 94.15929676488392,
    "ma20": 461.3050018310547,
    "ma120": 396.61166763305664,
    "ma240": 349.971875,
    "golden_cross": false,
    "death_cross": false,
    "top_divergence": true,
    "bottom_divergence": false
  }
}