{
  "twii": {
    "close": 31782.919921875,
    "change_percent": -0.05770087057992599,
    "pe": null,
    "rsi": 57.8260370595968,
    "k": 42.06685472422309,
    "d": 52.9895992239579,
    "j": 20.22136572475347,
    "ma20": 31713.42373046875,
    "ma120": 27716.63494466146,
    "ma240": 24812.4259765625,
    "golden_cross": false,
    "death_cross": false,
    "top_divergence": false,
    "bottom_divergence": false
  },
  "tsmc": {
    "close": 1780.0,
    "change_percent": 0.84985835694051,
    "pe": 26.892279,
    "rsi": 61.2135440105541,
    "k": 42.34203930210852,
    "d": 51.0100247916554,
    "j": 25.00606832301476,
    "ma20": 1758.75,
    "ma120": 1449.3432596842447,
    "ma240": 1225.5974901835123,
    "golden_cross": false,
    "death_cross": false,
    "top_divergence": false,
    "bottom_divergence": false
  },
  "etf0050": {
    "close": 71.9000015258789,
    "change_percent": -0.1388867696126302,
    "pe": 24.691818,
    "rsi": 59.0458323712914,
    "k": 42.098053603609095,
    "d": 54.27567154495552,
    "j": 17.74281772091625,
    "ma20": 71.73479690551758,
    "ma120": 61.547513993581134,
    "ma240": 53.50686453183492,
    "golden_cross": false,
    "death_cross": false,
    "top_divergence": false,
    "bottom_divergence": false
  },
  "etf00631l": {
    "close": 428.6499938964844,
    "change_percent": -1.2099562281285705,
    "pe": null,
    "rsi": 53.783959034383976,
    "k": 40.21634984913294,
    "d": 53.43925994798309,
    "j": 13.77052965143264,
    "ma20": 434.1225021362305,
    "ma120": 338.07333323160805,
    "ma240": 272.7195831934611,
    "golden_cross": false,
    "death_cross": false,
    "top_divergence": false,
    "bottom_divergence": false
  },
  "etf00675l": {
    "close": 170.3000030517578,
    "change_percent": -0.9883703187454579,
    "pe": null,
    "rsi": 54.08955452463559,
    "k": 40.97366935887722,
    "d": 53.996448960704654,
    "j": 14.928110155222342,
    "ma20": 172.2324996948242,
    "ma120": 134.26291688283285,
    "ma240": 108.41937503814697,
    "golden_cross": false,
    "death_cross": false,
    "top_divergence": false,
    "bottom_divergence": false
  },
  "nasdaq": {
    "close": 22540.58984375,
    "change_percent": -1.589159168749086,
    "pe": null,
    "rsi": 33.52108528378981,
    "k": 28.422771036499814,
    "d": 45.87503251276114,
    "j": -6.48175191602283,
    "ma20": 23447.20078125,
    "ma120": 22879.75828450521,
    "ma240": 20917.4353515625,
    "golden_cross": false,
    "death_cross": false,
    "top_divergence": false,
    "bottom_divergence": false
  },
  "tqqq": {
    "close": 47.63999938964844,
    "change_percent": -4.2604481579480975,
    "pe": 29.174015,
    "rsi": 33.63705467424897,
    "k": 26.95479878028776,
    "d": 44.45401856813454,
    "j": -8.043640795405807,
    "ma20": 53.963500022888184,
    "ma120": 52.075284798940025,
    "ma240": 43.51326487064362,
    "golden_cross": false,
    "death_cross": false,
    "top_divergence": false,
    "bottom_divergence": false
  },
  "qld": {
    "close": 66.04000091552734,
    "change_percent": -2.853783974119766,
    "pe": 29.822674,
    "rsi": 33.81505526349608,
    "k": 27.461812420173924,
    "d": 45.21078957025483,
    "j": -8.036141879987895,
    "ma20": 71.63500061035157,
    "ma120": 69.37594108581543,
    "ma240": 60.57498135566711,
    "golden_cross": false,
    "death_cross": false,
    "top_divergence": false,
    "bottom_divergence": false
  },
  "nvda": {
    "close": 171.8800048828125,
    "change_percent": -1.326136704872476,
    "pe": 42.544556,
    "rsi": 34.314679975381736,
    "k": 27.302757630729634,
    "d": 46.91415484316032,
    "j": -11.920036794131732,
    "ma20": 184.65700073242186,
    "ma120": 183.44172579447428,
    "ma240": 159.83581212361653,
    "golden_cross": false,
    "death_cross": false,
    "top_divergence": false,
    "bottom_divergence": false
  },
  "msft": {
    "close": 393.6700134277344,
    "change_percent": -4.954245368724165,
    "pe": 24.63517,
    "rsi": 24.556132787004252,
    "k": 11.535624148670646,
    "d": 23.742611002242878,
    "j": -12.878349558473822,
    "ma20": 451.7789993286133,
    "ma120": 493.3950897216797,
    "ma240": 468.4306886037191,
    "golden_cross": false,
    "death_cross": false,
    "top_divergence": false,
    "bottom_divergence": false
  },
  "goog": {
    "close": 331.3299865722656,
    "change_percent": -0.6029908764946257,
    "pe": 30.678701,
    "rsi": 52.604412353398565,
    "k": 59.248254598004365,
    "d": 67.10361559629034,
    "j": 43.53753260143242,
    "ma20": 333.31300048828126,
    "ma120": 280.21724192301434,
    "ma240": 226.22244555155436,
    "golden_cross": false,
    "death_cross": false,
    "top_divergence": false,
    "bottom_divergence": false
  },
  "tsla": {
    "close": 397.2099914550781,
    "change_percent": -2.1674387573909346,
    "pe": 371.22427,
    "rsi": 34.30859745230106,
    "k": 20.71753536792795,
    "d": 27.38187321585859,
    "j": 7.388859672066673,
    "ma20": 431.64349975585935,
    "ma120": 423.14791717529295,
    "ma240": 360.43708362579343,
    "golden_cross": false,
    "death_cross": false,
    "top_divergence": false,
    "bottom_divergence": false
  },
  "smh": {
    "close": 381.07000732421875,
    "change_percent": -0.24867329374723546,
    "pe": 40.41528,
    "rsi": 44.598030906708814,
    "k": 31.593373742260383,
    "d": 48.74716789442607,
    "j": -2.7142145620709925,
    "ma20": 397.15950164794924,
    "ma120": 346.0866325378418,
    "ma240": 295.52258478800456,
    "golden_cross": false,
    "death_cross": false,
    "top_divergence": false,
    "bottom_divergence": false
  },
  "aapl": {
    "close": 275.9100036621094,
    "change_percent": -0.2097676562446192,
    "pe": 34.96958,
    "rsi": 67.11431505431895,
    "k": 87.399609192141,
    "d": 80.23898018655808,
    "j": 101.72086720330685,
    "ma20": 259.1959991455078,
    "ma120": 258.55855051676434,
    "ma240": 234.22351678212485,
    "golden_cross": false,
    "death_cross": false,
    "top_divergence": false,
    "bottom_divergence": false
  },
  "amzn": {
    "close": 222.69000244140625,
    "change_percent": -4.420791797466186,
    "pe": 31.45339,
    "rsi": 35.960862115734216,
    "k": 31.82736830709867,
    "d": 48.63261555001051,
    "j": -1.7831261787250128,
    "ma20": 238.84499893188476,
    "ma120": 230.52291653951008,
    "ma240": 218.11075019836426,
    "golden_cross": false,
    "death_cross": false,
    "top_divergence": false,
    "bottom_divergence": false
  },
  "meta": {
    "close": 670.2100219726562,
    "change_percent": 0.18236920672816379,
    "pe": 28.568203,
    "rsi": 51.445798892871395,
    "k": 43.78926675044611,
    "d": 60.798576427305676,
    "j": 9.770647396726986,
    "ma20": 657.9199981689453,
    "ma120": 688.5235056559245,
    "ma240": 668.1491188049316,
    "golden_cross": false,
    "death_cross": false,
    "top_divergence": false,
    "bottom_divergence": false
  },
  "btc": {
    "close": 65059.5625,
    "change_percent": 3.7597862461863163,
    "pe": null,
    "rsi": 21.704714825968964,
    "k": 12.822682570981769,
    "d": 15.586491056391004,
    "j": 7.295065600163298,
    "ma20": 83223.4466796875,
    "ma120": 94326.50751953125,
    "ma240": 103982.33953450521,
    "golden_cross": false,
    "death_cross": false,
    "top_divergence": false,
    "bottom_divergence": false
  },
  "gld": {
    "close": 441.8800048828125,
    "change_percent": -2.663170761367759,
    "pe": null,
    "rsi": 51.50124072493535,
    "k": 34.66019598004866,
    "d": 48.334852637995674,
    "j": 7.310882664154647,
    "ma20": 444.22400360107423,
    "ma120": 378.9953338623047,
    "ma240": 338.52520815531415,
    "golden_cross": false,
    "death_cross": false,
    "top_divergence": false,
    "bottom_divergence": false
  }
}