{
  "twii": {
    "close": 32828.87890625,
    "change_percent": -4.354926120315644,
    "pe": null,
    "rsi": 50.80717432009618,
    "k": 59.05091010588658,
    "d": 76.24462484157178,
    "j": 24.66348063451619,
    "ma20": 33105.61123046875,
    "ma120": 28539.728157552083,
    "ma240": 25271.088533528648,
    "golden_cross": false,
    "death_cross": false,
    "top_divergence": true,
    "bottom_divergence": false
  },
  "tsmc": {
    "close": 1865.0,
    "change_percent": -3.6175710594315245,
    "pe": 28.18072,
    "rsi": 54.32517813575715,
    "k": 55.77769135392041,
    "d": 72.99952767284005,
    "j": 21.334018716081147,
    "ma20": 1854.5,
    "ma120": 1513.3852406819663,
    "ma240": 1263.0056933085123,
    "golden_cross": false,
    "death_cross": false,
    "top_divergence": true,
    "bottom_divergence": false
  },
  "etf0050": {
    "close": 75.5999984741211,
    "change_percent": -4.000001937624008,
    "pe": 25.962467,
    "rsi": 53.863391072585806,
    "k": 58.18919716404641,
    "d": 75.43928283651856,
    "j": 23.689025819102113,
    "ma20": 75.37499961853027,
    "ma120": 63.72810967763265,
    "ma240": 54.80674519538879,
    "golden_cross": false,
    "death_cross": false,
    "top_divergence": true,
    "bottom_divergence": false
  },
  "etf00631l": {
    "close": 454.5,
    "change_percent": -9.181738652455499,
    "pe": null,
    "rsi": 48.27592030880098,
    "k": 51.87685418693064,
    "d": 72.33150081606584,
    "j": 10.967560928660248,
    "ma20": 470.33750305175784,
    "ma120": 358.0091667175293,
    "ma240": 283.55020840962726,
    "golden_cross": false,
    "death_cross": false,
    "top_divergence": true,
    "bottom_divergence": false
  },
  "etf00675l": {
    "close": 180.85000610351562,
    "change_percent": -9.052049005535215,
    "pe": null,
    "rsi": 48.665770851631144,
    "k": 52.465404743829055,
    "d": 72.61544096818625,
    "j": 12.165332295114666,
    "ma20": 186.49750061035155,
    "ma120": 142.12750034332277,
    "ma240": 112.67958342234293,
    "golden_cross": false,
    "death_cross": false,
    "top_divergence": true,
    "bottom_divergence": false
  },
  "nasdaq": {
    "close": 22516.689453125,
    "change_percent": -1.020578298225117,
    "pe": null,
    "rsi": 41.519458502618754,
    "k": 49.828794645949216,
    "d": 53.66453367238506,
    "j": 42.157316593077525,
    "ma20": 22831.94921875,
    "ma120": 23063.034749348957,
    "ma240": 21245.69383951823,
    "golden_cross": false,
    "death_cross": true,
    "top_divergence": false,
    "bottom_divergence": false
  },
  "tqqq": {
    "close": 48.099998474121094,
    "change_percent": -3.2193204512211135,
    "pe": 29.455711,
    "rsi": 41.97885892015903,
    "k": 51.327229119924645,
    "d": 54.6108764602881,
    "j": 44.759934439197735,
    "ma20": 49.764500045776366,
    "ma120": 52.71872886021932,
    "ma240": 44.658319163322446,
    "golden_cross": false,
    "death_cross": true,
    "top_divergence": false,
    "bottom_divergence": false
  },
  "qld": {
    "close": 66.68000030517578,
    "change_percent": -2.128279769113661,
    "pe": 30.757195,
    "rsi": 42.477538615336854,
    "k": 52.35083383909818,
    "d": 55.86970646890137,
    "j": 45.31308857949179,
    "ma20": 68.08849983215332,
    "ma120": 70.14718049367269,
    "ma240": 61.917131423950195,
    "golden_cross": false,
    "death_cross": true,
    "top_divergence": false,
    "bottom_divergence": false
  },
  "nvda": {
    "close": 180.0500030517578,
    "change_percent": -1.3316488013346257,
    "pe": 36.7449,
    "rsi": 44.083139297347145,
    "k": 35.47511634920504,
    "d": 49.2787919150124,
    "j": 7.867765217590318,
    "ma20": 185.27200012207032,
    "ma120": 185.07684466044108,
    "ma240": 164.7189988454183,
    "golden_cross": false,
    "death_cross": false,
    "top_divergence": false,
    "bottom_divergence": false
  },
  "msft": {
    "close": 403.92999267578125,
    "change_percent": 1.349894629932144,
    "pe": 25.245625,
    "rsi": 44.22019643556086,
    "k": 64.67578865155119,
    "d": 50.55294491954649,
    "j": 92.92147611556058,
    "ma20": 400.3816864013672,
    "ma120": 477.49378458658856,
    "ma240": 468.1927402496338,
    "golden_cross": false,
    "death_cross": false,
    "top_divergence": false,
    "bottom_divergence": false
  },
  "goog": {
    "close": 303.55999755859375,
    "change_percent": -0.9139534948585508,
    "pe": 28.081406,
    "rsi": 38.30212551899476,
    "k": 41.65003217717967,
    "d": 46.0864330161507,
    "j": 32.777230499237604,
    "ma20": 314.3789978027344,
    "ma120": 293.81701265970867,
    "ma240": 236.16356722513834,
    "golden_cross": false,
    "death_cross": false,
    "top_divergence": false,
    "bottom_divergence": false
  },
  "tsla": {
    "close": 392.42999267578125,
    "change_percent": -2.7000928420799353,
    "pe": 356.75452,
    "rsi": 37.09178401007865,
    "k": 34.81800452630224,
    "d": 39.15578204450707,
    "j": 26.14244948989257,
    "ma20": 411.02649841308596,
    "ma120": 433.50116704305015,
    "ma240": 370.76866683959963,
    "golden_cross": false,
    "death_cross": true,
    "top_divergence": false,
    "bottom_divergence": false
  },
  "smh": {
    "close": 391.05999755859375,
    "change_percent": -3.7722425594303886,
    "pe": 41.474792,
    "rsi": 42.453172447598426,
    "k": 36.23726582517406,
    "d": 53.58363115068517,
    "j": 1.5445351741518465,
    "ma20": 406.08800048828124,
    "ma120": 362.71264775594074,
    "ma240": 308.49604924519855,
    "golden_cross": false,
    "death_cross": false,
    "top_divergence": false,
    "bottom_divergence": false
  },
  "aapl": {
    "close": 263.75,
    "change_percent": -0.3664253612232393,
    "pe": 33.34387,
    "rsi": 47.31258135228897,
    "k": 45.36732325190057,
    "d": 52.166400719620846,
    "j": 31.76916831646001,
    "ma20": 268.59108276367186,
    "ma120": 263.441436513265,
    "ma240": 236.73284740447997,
    "golden_cross": false,
    "death_cross": false,
    "top_divergence": false,
    "bottom_divergence": false
  },
  "amzn": {
    "close": 208.72999572753906,
    "change_percent": 0.16315386481426036,
    "pe": 29.071032,
    "rsi": 41.592360421616256,
    "k": 73.09197766465503,
    "d": 70.60587797558384,
    "j": 78.06417704279744,
    "ma20": 210.1595001220703,
    "ma120": 227.22266654968263,
    "ma240": 218.3626667658488,
    "golden_cross": false,
    "death_cross": false,
    "top_divergence": false,
    "bottom_divergence": false
  },
  "meta": {
    "close": 655.0800170898438,
    "change_percent": 0.2325753621592676,
    "pe": 27.852041,
    "rsi": 49.919381719723646,
    "k": 64.7529069887591,
    "d": 53.24382555911282,
    "j": 87.77106984805164,
    "ma20": 656.2794982910157,
    "ma120": 674.6250045776367,
    "ma240": 669.7625254313151,
    "golden_cross": false,
    "death_cross": false,
    "top_divergence": false,
    "bottom_divergence": false
  },
  "btc": {
    "close": 68736.453125,
    "change_percent": 0.6483834113874288,
    "pe": null,
    "rsi": 47.401317101383,
    "k": 71.45644457723039,
    "d": 61.55418120205956,
    "j": 91.26097132757202,
    "ma20": 67466.7421875,
    "ma120": 85158.30563151042,
    "ma240": 99824.24415690104,
    "golden_cross": false,
    "death_cross": false,
    "top_divergence": false,
    "bottom_divergence": false
  },
  "gld": {
    "close": 468.1400146484375,
    "change_percent": -4.461221500318877,
    "pe": null,
    "rsi": 52.81354117674363,
    "k": 78.07182170639915,
    "d": 82.47743308450745,
    "j": 69.26059895018255,
    "ma20": 465.00050201416013,
    "ma120": 400.29466781616213,
    "ma240": 352.51337509155275,
    "golden_cross": false,
    "death_cross": true,
    "top_divergence": false,
    "bottom_divergence": false
  }
}