{
  "twii": {
    "close": 27696.349609375,
    "change_percent": 0.8293866411184903,
    "pe": null,
    "rsi": 50.801798281114344,
    "k": 26.863591793380813,
    "d": 38.8849632029205,
    "j": 2.820848974301441,
    "ma20": 27684.3462890625,
    "ma120": 25647.821370442707,
    "ma240": 23771.53073730469,
    "golden_cross": false,
    "death_cross": false,
    "top_divergence": false,
    "bottom_divergence": false
  },
  "tsmc": {
    "close": 1430.0,
    "change_percent": 0.0,
    "pe": 23.585684,
    "rsi": 47.31848810122797,
    "k": 21.922319418479013,
    "d": 36.0866819001874,
    "j": -6.406405544937769,
    "ma20": 1442.1304077148438,
    "ma120": 1293.3272338867187,
    "ma240": 1141.8182154337564,
    "golden_cross": false,
    "death_cross": false,
    "top_divergence": false,
    "bottom_divergence": false
  },
  "etf0050": {
    "close": 62.5,
    "change_percent": 0.969302842214388,
    "pe": 22.161352,
    "rsi": 51.474394564294116,
    "k": 28.502000907895226,
    "d": 40.08788926305284,
    "j": 5.330224197580009,
    "ma20": 62.27250003814697,
    "ma120": 56.94922478993734,
    "ma240": 51.27796796162923,
    "golden_cross": false,
    "death_cross": false,
    "top_divergence": false,
    "bottom_divergence": false
  },
  "etf00631l": {
    "close": 336.3999938964844,
    "change_percent": 2.280328409601764,
    "pe": null,
    "rsi": 51.33328528459332,
    "k": 31.14309713988086,
    "d": 42.11139366002209,
    "j": 9.206504099598405,
    "ma20": 334.55249786376953,
    "ma120": 290.030832417806,
    "ma240": 249.502916208903,
    "golden_cross": false,
    "death_cross": false,
    "top_divergence": false,
    "bottom_divergence": false
  },
  "etf00675l": {
    "close": 133.5500030517578,
    "change_percent": 2.180570902877864,
    "pe": null,
    "rsi": 51.42576290288521,
    "k": 31.496782660031037,
    "d": 42.138316694161446,
    "j": 10.213714591770213,
    "ma20": 132.75250205993652,
    "ma120": 115.2737501780192,
    "ma240": 99.26874996821086,
    "golden_cross": false,
    "death_cross": false,
    "top_divergence": false,
    "bottom_divergence": false
  },
  "nasdaq": {
    "close": 23307.619140625,
    "change_percent": 1.3094630085295709,
    "pe": null,
    "rsi": 52.61360856361589,
    "k": 38.31894225377357,
    "d": 39.51550701787222,
    "j": 35.92581272557628,
    "ma20": 23235.9875,
    "ma120": 22238.082584635416,
    "ma240": 20426.235693359376,
    "golden_cross": false,
    "death_cross": false,
    "top_divergence": false,
    "bottom_divergence": false
  },
  "tqqq": {
    "close": 53.52000045776367,
    "change_percent": 3.90215919574241,
    "pe": 33.45715,
    "rsi": 50.2003640962704,
    "k": 37.49463232261991,
    "d": 42.897340118489836,
    "j": 26.689216730880048,
    "ma20": 53.248999977111815,
    "ma120": 49.35725247065226,
    "ma240": 41.91477957566579,
    "golden_cross": false,
    "death_cross": false,
    "top_divergence": false,
    "bottom_divergence": false
  },
  "qld": {
    "close": 71.05000305175781,
    "change_percent": 2.6141034717382383,
    "pe": 33.723003,
    "rsi": 51.066348370546024,
    "k": 35.48696202628665,
    "d": 37.195001582060364,
    "j": 32.070882914739215,
    "ma20": 70.9435001373291,
    "ma120": 66.64458532333374,
    "ma240": 58.609292602539064,
    "golden_cross": false,
    "death_cross": false,
    "top_divergence": false,
    "bottom_divergence": false
  },
  "nvda": {
    "close": 180.99000549316406,
    "change_percent": 3.9336201490321216,
    "pe": 44.799507,
    "rsi": 49.63892570490339,
    "k": 37.40355406191196,
    "d": 33.29021290519873,
    "j": 45.63023637533843,
    "ma20": 179.6759994506836,
    "ma120": 179.99548199971517,
    "ma240": 153.01844469706217,
    "golden_cross": true,
    "death_cross": false,
    "top_divergence": false,
    "bottom_divergence": false
  },
  "msft": {
    "close": 485.9200134277344,
    "change_percent": 0.4008435053862282,
    "pe": 34.609688,
    "rsi": 48.72120390485249,
    "k": 49.635636558115856,
    "d": 41.41599009771892,
    "j": 66.07492947890972,
    "ma20": 481.9960006713867,
    "ma120": 505.82004776000974,
    "ma240": 462.6714762369792,
    "golden_cross": false,
    "death_cross": false,
    "top_divergence": false,
    "bottom_divergence": true
  },
  "goog": {
    "close": 308.6099853515625,
    "change_percent": 1.5999951774691359,
    "pe": 30.495058,
    "rsi": 54.02846543121562,
    "k": 29.32002739577932,
    "d": 28.40686841567978,
    "j": 31.146345355978397,
    "ma20": 313.8610122680664,
    "ma120": 244.8655164082845,
    "ma240": 208.9559934616089,
    "golden_cross": true,
    "death_cross": false,
    "top_divergence": false,
    "bottom_divergence": false
  },
  "tsla": {
    "close": 481.20001220703125,
    "change_percent": -0.44892792934533776,
    "pe": 334.16666,
    "rsi": 61.76536246704201,
    "k": 76.5442068420972,
    "d": 77.62938295936993,
    "j": 74.37385460755172,
    "ma20": 443.80050201416014,
    "ma120": 390.0846666971842,
    "ma240": 352.89724992116294,
    "golden_cross": false,
    "death_cross": false,
    "top_divergence": true,
    "bottom_divergence": false
  },
  "smh": {
    "close": 356.2300109863281,
    "change_percent": 2.5860362811600073,
    "pe": 40.207268,
    "rsi": 52.1031713266481,
    "k": 31.695095794887138,
    "d": 35.7669186084689,
    "j": 23.551450167723615,
    "ma20": 354.6125,
    "ma120": 321.5608324686686,
    "ma240": 278.59949963887533,
    "golden_cross": false,
    "death_cross": false,
    "top_divergence": false,
    "bottom_divergence": false
  },
  "aapl": {
    "close": 273.6700134277344,
    "change_percent": 0.5437418615868244,
    "pe": 36.63588,
    "rsi": 49.017333408741244,
    "k": 32.83112447769457,
    "d": 27.451013875624607,
    "j": 43.591345681834504,
    "ma20": 277.51399993896484,
    "ma120": 245.78826917012532,
    "ma240": 230.44489879608153,
    "golden_cross": true,
    "death_cross": false,
    "top_divergence": false,
    "bottom_divergence": false
  },
  "amzn": {
    "close": 227.35000610351562,
    "change_percent": 0.26019210221047206,
    "pe": 32.157,
    "rsi": 48.49446096727158,
    "k": 35.689207452927675,
    "d": 28.14415007557287,
    "j": 50.779322207637286,
    "ma20": 228.09400024414063,
    "ma120": 227.39625002543133,
    "ma240": 217.18870855967205,
    "golden_cross": false,
    "death_cross": false,
    "top_divergence": false,
    "bottom_divergence": false
  },
  "meta": {
    "close": 658.77001953125,
    "change_percent": -0.8548412328136825,
    "pe": 29.149115,
    "rsi": 53.464802708275,
    "k": 28.741207542654397,
    "d": 32.47190585473396,
    "j": 21.279810918495272,
    "ma20": 646.3969604492188,
    "ma120": 707.6269729614257,
    "ma240": 669.2916929880778,
    "golden_cross": false,
    "death_cross": false,
    "top_divergence": false,
    "bottom_divergence": false
  },
  "btc": {
    "close": 88093.0625,
    "change_percent": -0.2840458887983338,
    "pe": null,
    "rsi": 44.400625090530184,
    "k": 41.340916341393154,
    "d": 33.14333648324852,
    "j": 57.736076057682425,
    "ma20": 89655.219140625,
    "ma120": 104866.8974609375,
    "ma240": 107063.22151692708,
    "golden_cross": false,
    "death_cross": false,
    "top_divergence": false,
    "bottom_divergence": false
  },
  "gld": {
    "close": 399.0199890136719,
    "change_percent": 0.11289903434381733,
    "pe": null,
    "rsi": 71.06315580998577,
    "k": 80.64242191771682,
    "d": 78.21400130573582,
    "j": 85.4992631416788,
    "ma20": 389.1054992675781,
    "ma120": 347.3726661682129,
    "ma240": 316.2558327992757,
    "golden_cross": false,
    "death_cross": false,
    "top_divergence": false,
    "bottom_divergence": false
  }
}