{
  "twii": {
    "close": 30707.220703125,
    "change_percent": 0.4577823055845288,
    "pe": null,
    "rsi": 76.06330386338294,
    "k": 90.53518360455517,
    "d": 90.98894555424083,
    "j": 89.62765970518385,
    "ma20": 29017.701171875,
    "ma120": 26487.61622721354,
    "ma240": 24172.56105143229,
    "golden_cross": false,
    "death_cross": true,
    "top_divergence": false,
    "bottom_divergence": false
  },
  "tsmc": {
    "close": 1710.0,
    "change_percent": 1.183431952662722,
    "pe": 28.185265,
    "rsi": 75.84200545979965,
    "k": 92.25320130018873,
    "d": 91.11761332393539,
    "j": 94.52437725269544,
    "ma20": 1556.75,
    "ma120": 1356.7035176595052,
    "ma240": 1174.6010645548502,
    "golden_cross": false,
    "death_cross": false,
    "top_divergence": false,
    "bottom_divergence": false
  },
  "etf0050": {
    "close": 70.69999694824219,
    "change_percent": 0.4975102796197557,
    "pe": 25.06892,
    "rsi": 78.23366560910056,
    "k": 93.26142156831631,
    "d": 92.82791109442745,
    "j": 94.128442516094,
    "ma20": 66.01999969482422,
    "ma120": 59.206250031789146,
    "ma240": 52.45329521497091,
    "golden_cross": false,
    "death_cross": false,
    "top_divergence": false,
    "bottom_divergence": false
  },
  "etf00631l": {
    "close": 410.0,
    "change_percent": 0.9727896381677096,
    "pe": null,
    "rsi": 78.15682614123696,
    "k": 92.32485271550877,
    "d": 92.4317767108868,
    "j": 92.11100472475272,
    "ma20": 367.23999786376953,
    "ma120": 309.3045825958252,
    "ma240": 258.1164578119914,
    "golden_cross": false,
    "death_cross": true,
    "top_divergence": false,
    "bottom_divergence": false
  },
  "etf00675l": {
    "close": 162.4499969482422,
    "change_percent": 0.7129534251250856,
    "pe": null,
    "rsi": 78.16177815926909,
    "k": 92.38210042847716,
    "d": 92.57406093352878,
    "j": 91.99817941837392,
    "ma20": 145.74750061035155,
    "ma120": 122.88708356221517,
    "ma240": 102.65979172388712,
    "golden_cross": false,
    "death_cross": true,
    "top_divergence": false,
    "bottom_divergence": false
  },
  "nasdaq": {
    "close": 23733.900390625,
    "change_percent": 0.2642467889757619,
    "pe": null,
    "rsi": 59.68762928934821,
    "k": 78.68311792889122,
    "d": 70.53909984170411,
    "j": 94.97115410326543,
    "ma20": 23367.60048828125,
    "ma120": 22568.34207356771,
    "ma240": 20657.02215169271,
    "golden_cross": false,
    "death_cross": false,
    "top_divergence": false,
    "bottom_divergence": false
  },
  "tqqq": {
    "close": 55.88999938964844,
    "change_percent": 0.23314395987890663,
    "pe": 35.208534,
    "rsi": 56.899634875080196,
    "k": 78.11681965906737,
    "d": 69.29412800562528,
    "j": 95.76220296595156,
    "ma20": 53.70760173797608,
    "ma120": 50.79962991078695,
    "ma240": 42.711902832984926,
    "golden_cross": false,
    "death_cross": false,
    "top_divergence": false,
    "bottom_divergence": false
  },
  "qld": {
    "close": 73.2699966430664,
    "change_percent": 0.17773756426414103,
    "pe": 34.570503,
    "rsi": 57.44491243449653,
    "k": 78.83014291303148,
    "d": 70.04950986981311,
    "j": 96.39140899946824,
    "ma20": 71.25957565307617,
    "ma120": 68.04816735585531,
    "ma240": 59.567091417312625,
    "golden_cross": false,
    "death_cross": false,
    "top_divergence": false,
    "bottom_divergence": false
  },
  "nvda": {
    "close": 184.94000244140625,
    "change_percent": 0.04327698300905862,
    "pe": 45.890816,
    "rsi": 49.82889239492882,
    "k": 26.377538486147884,
    "d": 40.201492376967636,
    "j": -1.2703692954916193,
    "ma20": 183.87800064086915,
    "ma120": 182.54572830200195,
    "ma240": 155.9732915242513,
    "golden_cross": false,
    "death_cross": false,
    "top_divergence": false,
    "bottom_divergence": false
  },
  "msft": {
    "close": 477.17999267578125,
    "change_percent": -0.4381585104457185,
    "pe": 33.890625,
    "rsi": 43.64580632467342,
    "k": 44.8579807082956,
    "d": 48.299758937779224,
    "j": 37.97442424932835,
    "ma20": 481.19000244140625,
    "ma120": 503.558536529541,
    "ma240": 465.86429290771486,
    "golden_cross": false,
    "death_cross": false,
    "top_divergence": false,
    "bottom_divergence": false
  },
  "goog": {
    "close": 332.7300109863281,
    "change_percent": 1.0907201124497694,
    "pe": 32.91098,
    "rsi": 70.89999196050398,
    "k": 80.9484033104604,
    "d": 73.42881061990133,
    "j": 95.98758869157857,
    "ma20": 314.7934997558594,
    "ma120": 260.7617240905762,
    "ma240": 216.1185452779134,
    "golden_cross": false,
    "death_cross": false,
    "top_divergence": false,
    "bottom_divergence": false
  },
  "tsla": {
    "close": 448.9599914550781,
    "change_percent": 0.8876163687943729,
    "pe": 311.77777,
    "rsi": 49.25387520322134,
    "k": 37.178021829902356,
    "d": 25.24647949047307,
    "j": 61.04110650876093,
    "ma20": 461.92650146484374,
    "ma120": 407.9161669413249,
    "ma240": 355.9173752466838,
    "golden_cross": false,
    "death_cross": false,
    "top_divergence": false,
    "bottom_divergence": false
  },
  "smh": {
    "close": 390.6600036621094,
    "change_percent": 0.36997133674785426,
    "pe": 43.530296,
    "rsi": 66.78623387361819,
    "k": 87.63717714141117,
    "d": 83.4494264718835,
    "j": 96.01267848046655,
    "ma20": 365.9045349121094,
    "ma120": 330.7594899495443,
    "ma240": 284.7954211552938,
    "golden_cross": false,
    "death_cross": false,
    "top_divergence": false,
    "bottom_divergence": false
  },
  "aapl": {
    "close": 260.25,
    "change_percent": 0.33928553779510995,
    "pe": 34.83936,
    "rsi": 29.98572026437819,
    "k": 17.628910643798562,
    "d": 20.816108011521305,
    "j": 11.254515908353078,
    "ma20": 269.67799682617186,
    "ma120": 252.44195035298665,
    "ma240": 232.59863783518475,
    "golden_cross": false,
    "death_cross": false,
    "top_divergence": false,
    "bottom_divergence": false
  },
  "amzn": {
    "close": 246.47000122070312,
    "change_percent": -0.36785659477226423,
    "pe": 34.861385,
    "rsi": 67.50117031936665,
    "k": 89.11637718612295,
    "d": 83.68630092130046,
    "j": 99.97652971576795,
    "ma20": 232.4875,
    "ma120": 228.77199986775716,
    "ma240": 217.70608348846434,
    "golden_cross": false,
    "death_cross": false,
    "top_divergence": false,
    "bottom_divergence": false
  },
  "meta": {
    "close": 641.969970703125,
    "change_percent": -1.6981635526487338,
    "pe": 28.40575,
    "rsi": 43.88858712204017,
    "k": 31.803864291561457,
    "d": 37.15430927375127,
    "j": 21.10297432718184,
    "ma20": 656.1347503662109,
    "ma120": 701.0410441080729,
    "ma240": 671.3031658172607,
    "golden_cross": false,
    "death_cross": false,
    "top_divergence": false,
    "bottom_divergence": false
  },
  "btc": {
    "close": 91939.9609375,
    "change_percent": 0.819107622287657,
    "pe": null,
    "rsi": 57.11767116791392,
    "k": 43.1994789996899,
    "d": 47.81049837341328,
    "j": 33.97744025224313,
    "ma20": 89937.577734375,
    "ma120": 100594.21009114584,
    "ma240": 106131.23134765626,
    "golden_cross": false,
    "death_cross": false,
    "top_divergence": false,
    "bottom_divergence": false
  },
  "gld": {
    "close": 422.2300109863281,
    "change_percent": 1.872272961316888,
    "pe": null,
    "rsi": 69.1605077743782,
    "k": 77.0827038636585,
    "d": 64.88688039317394,
    "j": 101.47435080462762,
    "ma20": 405.29950256347655,
    "ma120": 359.0809158325195,
    "ma240": 325.4907495498657,
    "golden_cross": false,
    "death_cross": false,
    "top_divergence": false,
    "bottom_divergence": false
  }
}