{
  "twii": {
    "close": 30360.55078125,
    "change_percent": -0.2461598922053389,
    "pe": null,
    "rsi": 74.41144239788326,
    "k": 92.68444654198225,
    "d": 91.43628290967503,
    "j": 95.1807738065967,
    "ma20": 28670.70263671875,
    "ma120": 26306.562060546876,
    "ma240": 24075.78487955729,
    "golden_cross": false,
    "death_cross": false,
    "top_divergence": false,
    "bottom_divergence": false
  },
  "tsmc": {
    "close": 1685.0,
    "change_percent": 0.5970149253731344,
    "pe": 27.78694,
    "rsi": 74.43878498306808,
    "k": 91.52184644567296,
    "d": 90.58577707170218,
    "j": 93.39398519361453,
    "ma20": 1525.25,
    "ma120": 1342.6209625244142,
    "ma240": 1166.6764119466145,
    "golden_cross": false,
    "death_cross": false,
    "top_divergence": false,
    "bottom_divergence": false
  },
  "etf0050": {
    "close": 70.0999984741211,
    "change_percent": 0.3579098145472733,
    "pe": 24.856173,
    "rsi": 78.12027338866537,
    "k": 93.90033386266401,
    "d": 91.72242863007824,
    "j": 98.25614432783556,
    "ma20": 65.01750011444092,
    "ma120": 58.718210506439206,
    "ma240": 52.174212741851804,
    "golden_cross": false,
    "death_cross": false,
    "top_divergence": false,
    "bottom_divergence": false
  },
  "etf00631l": {
    "close": 400.70001220703125,
    "change_percent": -0.24894198894985653,
    "pe": null,
    "rsi": 76.02687009547469,
    "k": 93.4725583028783,
    "d": 92.26500721420916,
    "j": 95.8876604802166,
    "ma20": 358.5399993896484,
    "ma120": 305.0945827484131,
    "ma240": 255.96354128519695,
    "golden_cross": false,
    "death_cross": false,
    "top_divergence": false,
    "bottom_divergence": false
  },
  "etf00675l": {
    "close": 159.10000610351562,
    "change_percent": -0.18819812073742265,
    "pe": null,
    "rsi": 76.43754704124896,
    "k": 93.59531451903237,
    "d": 92.23092148879765,
    "j": 96.32410057950179,
    "ma20": 142.28500061035157,
    "ma120": 121.22291685740153,
    "ma240": 101.81041666666667,
    "golden_cross": false,
    "death_cross": false,
    "top_divergence": false,
    "bottom_divergence": false
  },
  "nasdaq": {
    "close": 23584.279296875,
    "change_percent": 0.15759590270559817,
    "pe": null,
    "rsi": 56.93037835267556,
    "k": 66.19178891296293,
    "d": 62.675902931104545,
    "j": 73.22356087667973,
    "ma20": 23364.56201171875,
    "ma120": 22500.652490234374,
    "ma240": 20607.62403157552,
    "golden_cross": true,
    "death_cross": false,
    "top_divergence": false,
    "bottom_divergence": false
  },
  "tqqq": {
    "close": 55.16999816894531,
    "change_percent": 0.2908559394546987,
    "pe": 34.754963,
    "rsi": 55.104292570534966,
    "k": 65.72280871729946,
    "d": 60.7409320733868,
    "j": 75.68656200512476,
    "ma20": 53.84090957641602,
    "ma120": 50.50455401738485,
    "ma240": 42.53443464438121,
    "golden_cross": false,
    "death_cross": false,
    "top_divergence": false,
    "bottom_divergence": false
  },
  "qld": {
    "close": 72.58999633789062,
    "change_percent": 0.17940554107159196,
    "pe": 34.249664,
    "rsi": 55.574971510236395,
    "k": 66.42546732633105,
    "d": 61.597679924927434,
    "j": 76.08104212913827,
    "ma20": 71.34508018493652,
    "ma120": 67.7513929049174,
    "ma240": 59.356872447331746,
    "golden_cross": false,
    "death_cross": false,
    "top_divergence": false,
    "bottom_divergence": false
  },
  "nvda": {
    "close": 189.11000061035156,
    "change_percent": 0.9987155855193411,
    "pe": 46.693825,
    "rsi": 56.15049852463926,
    "k": 53.00164198405524,
    "d": 63.21488435390511,
    "j": 32.57515724435548,
    "ma20": 183.62000045776367,
    "ma120": 182.17841822306315,
    "ma240": 155.2861388842265,
    "golden_cross": false,
    "death_cross": false,
    "top_divergence": false,
    "bottom_divergence": false
  },
  "msft": {
    "close": 483.4700012207031,
    "change_percent": 1.0365491533829223,
    "pe": 34.361763,
    "rsi": 48.89841405759312,
    "k": 50.99978753827365,
    "d": 52.234760154782485,
    "j": 48.52984230525597,
    "ma20": 482.1640029907227,
    "ma120": 504.27071812947594,
    "ma240": 465.3707171122233,
    "golden_cross": false,
    "death_cross": false,
    "top_divergence": false,
    "bottom_divergence": false
  },
  "goog": {
    "close": 322.42999267578125,
    "change_percent": 2.5051677598534767,
    "pe": 31.860672,
    "rsi": 63.56477453148316,
    "k": 63.60014717077574,
    "d": 66.42204033691638,
    "j": 57.95636083849445,
    "ma20": 313.0219985961914,
    "ma120": 257.26539916992186,
    "ma240": 214.46255213419596,
    "golden_cross": false,
    "death_cross": false,
    "top_divergence": false,
    "bottom_divergence": false
  },
  "tsla": {
    "close": 431.4100036621094,
    "change_percent": -0.35799792672750214,
    "pe": 293.4762,
    "rsi": 41.46392965841556,
    "k": 10.878064170757877,
    "d": 18.78362166193079,
    "j": -4.933050811587954,
    "ma20": 462.61350402832034,
    "ma120": 405.0868334452311,
    "ma240": 355.38425019582115,
    "golden_cross": false,
    "death_cross": false,
    "top_divergence": false,
    "bottom_divergence": false
  },
  "smh": {
    "close": 385.0199890136719,
    "change_percent": -0.6707616057653518,
    "pe": 42.90184,
    "rsi": 66.51409423123921,
    "k": 84.70047249029527,
    "d": 81.4168805696241,
    "j": 91.2676563316376,
    "ma20": 363.4882583618164,
    "ma120": 328.29818267822264,
    "ma240": 283.03142693837486,
    "golden_cross": false,
    "death_cross": false,
    "top_divergence": false,
    "bottom_divergence": false
  },
  "aapl": {
    "close": 260.3299865722656,
    "change_percent": -0.7737455757884251,
    "pe": 34.850067,
    "rsi": 27.649446867716183,
    "k": 16.40245995711074,
    "d": 30.31416216585381,
    "j": -11.420944460375395,
    "ma20": 272.44449615478516,
    "ma120": 251.2591125488281,
    "ma240": 232.2200097401937,
    "golden_cross": false,
    "death_cross": false,
    "top_divergence": false,
    "bottom_divergence": false
  },
  "amzn": {
    "close": 241.55999755859375,
    "change_percent": 0.26148877348794664,
    "pe": 34.118645,
    "rsi": 64.15900332328924,
    "k": 76.56205038090705,
    "d": 73.51303380729283,
    "j": 82.66008352813549,
    "ma20": 229.97949981689453,
    "ma120": 228.29499994913738,
    "ma240": 217.57391681671143,
    "golden_cross": false,
    "death_cross": false,
    "top_divergence": false,
    "bottom_divergence": false
  },
  "meta": {
    "close": 648.6900024414062,
    "change_percent": -1.8058782301412155,
    "pe": 28.74125,
    "rsi": 46.54706240825102,
    "k": 38.27973083515435,
    "d": 42.776948291239066,
    "j": 29.28529592298493,
    "ma20": 656.9904022216797,
    "ma120": 702.5227996826172,
    "ma240": 671.4464190165202,
    "golden_cross": false,
    "death_cross": true,
    "top_divergence": false,
    "bottom_divergence": false
  },
  "btc": {
    "close": 90129.328125,
    "change_percent": -1.2909338245504935,
    "pe": null,
    "rsi": 50.5538555547735,
    "k": 62.6117401809651,
    "d": 69.71764997315069,
    "j": 48.399920596593915,
    "ma20": 89173.766015625,
    "ma120": 101616.32838541667,
    "ma240": 106400.61666666667,
    "golden_cross": false,
    "death_cross": true,
    "top_divergence": true,
    "bottom_divergence": false
  },
  "gld": {
    "close": 409.2300109863281,
    "change_percent": -0.9559953917111957,
    "pe": null,
    "rsi": 60.70267432534248,
    "k": 53.8841860812896,
    "d": 49.0807402065464,
    "j": 63.49107783077598,
    "ma20": 401.37450103759767,
    "ma120": 356.4928326924642,
    "ma240": 323.47254117329913,
    "golden_cross": false,
    "death_cross": false,
    "top_divergence": false,
    "bottom_divergence": false
  }
}