{
  "twii": {
    "close": 31801.26953125,
    "change_percent": -1.5129881759937451,
    "pe": null,
    "rsi": 58.081190913756956,
    "k": 46.213699163778216,
    "d": 58.45097147382532,
    "j": 21.73915454368401,
    "ma20": 31638.72578125,
    "ma120": 27653.76144205729,
    "ma240": 24777.861564127605,
    "golden_cross": false,
    "death_cross": false,
    "top_divergence": false,
    "bottom_divergence": false
  },
  "tsmc": {
    "close": 1765.0,
    "change_percent": -1.1204481792717087,
    "pe": 26.868624,
    "rsi": 59.18125492822717,
    "k": 42.46042737421541,
    "d": 55.344017536428844,
    "j": 16.693247049788553,
    "ma20": 1753.75,
    "ma120": 1444.2301808675131,
    "ma240": 1222.6494801839192,
    "golden_cross": false,
    "death_cross": false,
    "top_divergence": false,
    "bottom_divergence": false
  },
  "etf0050": {
    "close": 72.0,
    "change_percent": -1.2345699685059857,
    "pe": 24.72616,
    "rsi": 59.70668804533463,
    "k": 48.28222390000914,
    "d": 60.36448051562874,
    "j": 24.117710668769945,
    "ma20": 71.58368873596191,
    "ma120": 61.38509953816732,
    "ma240": 53.40775860150655,
    "golden_cross": false,
    "death_cross": false,
    "top_divergence": false,
    "bottom_divergence": false
  },
  "etf00631l": {
    "close": 433.8999938964844,
    "change_percent": -3.3737878428512884,
    "pe": null,
    "rsi": 56.3087027194644,
    "k": 47.938279095221915,
    "d": 60.05071499740817,
    "j": 23.713407290849418,
    "ma20": 432.6725021362305,
    "ma120": 336.66208318074547,
    "ma240": 271.9581248601278,
    "golden_cross": false,
    "death_cross": false,
    "top_divergence": false,
    "bottom_divergence": false
  },
  "etf00675l": {
    "close": 172.0,
    "change_percent": -3.506311360448808,
    "pe": null,
    "rsi": 56.173077255429874,
    "k": 48.32272967213926,
    "d": 60.50783876161838,
    "j": 23.952511493181035,
    "ma20": 171.64749984741212,
    "ma120": 133.70416685740153,
    "ma240": 108.11875003178915,
    "golden_cross": false,
    "death_cross": false,
    "top_divergence": false,
    "bottom_divergence": false
  },
  "nasdaq": {
    "close": 22904.580078125,
    "change_percent": -1.5076607984928094,
    "pe": null,
    "rsi": 38.71477843425171,
    "k": 40.03289550779939,
    "d": 54.6011632508918,
    "j": 10.896360021614555,
    "ma20": 23499.38525390625,
    "ma120": 22872.84228515625,
    "ma240": 20904.866267903646,
    "golden_cross": false,
    "death_cross": false,
    "top_divergence": false,
    "bottom_divergence": false
  },
  "tqqq": {
    "close": 49.7599983215332,
    "change_percent": -5.255144920362385,
    "pe": 31.346872,
    "rsi": 37.727541396429466,
    "k": 37.783804663570756,
    "d": 53.20362846205794,
    "j": 6.944157066596389,
    "ma20": 54.339999961853025,
    "ma120": 52.07145938873291,
    "ma240": 43.487725885709125,
    "golden_cross": false,
    "death_cross": false,
    "top_divergence": false,
    "bottom_divergence": false
  },
  "qld": {
    "close": 67.9800033569336,
    "change_percent": -3.5197214870324656,
    "pe": 32.074562,
    "rsi": 38.06716645428751,
    "k": 38.463579447619765,
    "d": 54.085278145295284,
    "j": 7.220182052268726,
    "ma20": 71.96250038146972,
    "ma120": 69.3622340520223,
    "ma240": 60.53505665461223,
    "golden_cross": false,
    "death_cross": false,
    "top_divergence": false,
    "bottom_divergence": false
  },
  "nvda": {
    "close": 174.19000244140625,
    "change_percent": -3.4102218151105848,
    "pe": 44.6641,
    "rsi": 36.29665510377113,
    "k": 39.1425297533027,
    "d": 56.71985344937566,
    "j": 3.987882361156778,
    "ma20": 185.51850051879882,
    "ma120": 183.52605578104655,
    "ma240": 159.67961724599203,
    "golden_cross": false,
    "death_cross": false,
    "top_divergence": true,
    "bottom_divergence": false
  },
  "msft": {
    "close": 414.19000244140625,
    "change_percent": 0.7246932341753838,
    "pe": 25.710117,
    "rsi": 29.401268091315487,
    "k": 16.56508227645013,
    "d": 29.846104429028998,
    "j": -9.9969620287076,
    "ma20": 456.26899871826174,
    "ma120": 494.4532396952311,
    "ma240": 468.48220240275066,
    "golden_cross": false,
    "death_cross": false,
    "top_divergence": false,
    "bottom_divergence": false
  },
  "goog": {
    "close": 333.3399963378906,
    "change_percent": -2.160262872156343,
    "pe": 33.670708,
    "rsi": 54.84466185514959,
    "k": 60.639691435607105,
    "d": 71.03129609543333,
    "j": 39.856482115954634,
    "ma20": 332.86800079345704,
    "ma120": 279.15203552246095,
    "ma240": 225.59555320739747,
    "golden_cross": false,
    "death_cross": true,
    "top_divergence": false,
    "bottom_divergence": false
  },
  "tsla": {
    "close": 406.010009765625,
    "change_percent": -3.7799748820857486,
    "pe": 383.02832,
    "rsi": 36.97803776662728,
    "k": 22.660383184002082,
    "d": 30.714042139823913,
    "j": 6.553065272358417,
    "ma20": 433.35350036621094,
    "ma120": 422.6343338012695,
    "ma240": 360.189541943868,
    "golden_cross": false,
    "death_cross": false,
    "top_divergence": false,
    "bottom_divergence": true
  },
  "smh": {
    "close": 382.0199890136719,
    "change_percent": -3.9378404623127703,
    "pe": 42.56756,
    "rsi": 45.081485867460515,
    "k": 40.02378068250931,
    "d": 57.324064970508914,
    "j": 5.423212106510107,
    "ma20": 397.35700073242185,
    "ma120": 345.4192446390788,
    "ma240": 294.97318706512453,
    "golden_cross": false,
    "death_cross": false,
    "top_divergence": true,
    "bottom_divergence": false
  },
  "aapl": {
    "close": 276.489990234375,
    "change_percent": 2.601298412594514,
    "pe": 34.134563,
    "rsi": 68.13905778065839,
    "k": 87.14317928782901,
    "d": 76.65866568376663,
    "j": 108.11220649595379,
    "ma20": 258.4169982910156,
    "ma120": 258.1972551981608,
    "ma240": 234.09352957407634,
    "golden_cross": false,
    "death_cross": false,
    "top_divergence": false,
    "bottom_divergence": false
  },
  "amzn": {
    "close": 232.99000549316406,
    "change_percent": -2.3593955826118096,
    "pe": 33.669075,
    "rsi": 44.83031586289502,
    "k": 43.525727509626506,
    "d": 57.03523917146643,
    "j": 16.50670418594666,
    "ma20": 239.78849868774415,
    "ma120": 230.59199981689454,
    "ma240": 218.0852918624878,
    "golden_cross": false,
    "death_cross": false,
    "top_divergence": false,
    "bottom_divergence": false
  },
  "meta": {
    "close": 668.989990234375,
    "change_percent": -3.2832183854088126,
    "pe": 29.406153,
    "rsi": 51.13283219133032,
    "k": 56.451843787185055,
    "d": 69.30323126573546,
    "j": 30.74906883008424,
    "ma20": 656.8439971923829,
    "ma120": 689.4464670817057,
    "ma240": 668.1957485198975,
    "golden_cross": false,
    "death_cross": false,
    "top_divergence": false,
    "bottom_divergence": false
  },
  "btc": {
    "close": 70908.796875,
    "change_percent": -2.8908721340408765,
    "pe": null,
    "rsi": 20.881381759252083,
    "k": 11.602714379970557,
    "d": 17.277037879294838,
    "j": 0.25406738132199536,
    "ma20": 85135.799609375,
    "ma120": 94866.946875,
    "ma240": 104198.31354166666,
    "golden_cross": false,
    "death_cross": false,
    "top_divergence": false,
    "bottom_divergence": false
  },
  "gld": {
    "close": 453.9700012207031,
    "change_percent": -0.07044119795716496,
    "pe": null,
    "rsi": 56.102516981893835,
    "k": 40.90021268793588,
    "d": 55.17218096696919,
    "j": 12.356276129869258,
    "ma20": 442.59150390625,
    "ma120": 377.8734171549479,
    "ma240": 337.81212476094566,
    "golden_cross": false,
    "death_cross": false,
    "top_divergence": false,
    "bottom_divergence": false
  }
}