{
  "twii": {
    "close": 30810.580078125,
    "change_percent": -0.42401963213295435,
    "pe": null,
    "rsi": 74.60693333872209,
    "k": 90.1464710320216,
    "d": 91.11069119141993,
    "j": 88.21803071322489,
    "ma20": 29335.13916015625,
    "ma120": 26616.330973307293,
    "ma240": 24236.467130533852,
    "golden_cross": false,
    "death_cross": true,
    "top_divergence": false,
    "bottom_divergence": false
  },
  "tsmc": {
    "close": 1690.0,
    "change_percent": -1.1695906432748537,
    "pe": 27.841845,
    "rsi": 70.4780584877279,
    "k": 84.76082129632447,
    "d": 89.40159204912327,
    "j": 75.47927979072685,
    "ma20": 1582.5,
    "ma120": 1366.17541402181,
    "ma240": 1179.6459149678549,
    "golden_cross": false,
    "death_cross": true,
    "top_divergence": false,
    "bottom_divergence": false
  },
  "etf0050": {
    "close": 70.6500015258789,
    "change_percent": -0.14134059946444347,
    "pe": 25.051193,
    "rsi": 77.33404056754338,
    "k": 89.3331662096964,
    "d": 91.64120528952436,
    "j": 84.71708805004047,
    "ma20": 66.83749980926514,
    "ma120": 59.54083337783813,
    "ma240": 52.634296321868895,
    "golden_cross": false,
    "death_cross": false,
    "top_divergence": false,
    "bottom_divergence": false
  },
  "etf00631l": {
    "close": 414.3500061035156,
    "change_percent": 0.08454253708106883,
    "pe": null,
    "rsi": 79.38629816477814,
    "k": 90.85661392293557,
    "d": 91.86796041687572,
    "j": 88.83392093505523,
    "ma20": 375.05249938964846,
    "ma120": 312.2924992879232,
    "ma240": 259.5533328374227,
    "golden_cross": false,
    "death_cross": false,
    "top_divergence": false,
    "bottom_divergence": false
  },
  "etf00675l": {
    "close": 164.35000610351562,
    "change_percent": 0.0913575871263397,
    "pe": null,
    "rsi": 79.52727216471807,
    "k": 90.83135395976984,
    "d": 91.92219804728181,
    "j": 88.6496657847459,
    "ma20": 148.83500061035156,
    "ma120": 124.06666692097981,
    "ma240": 103.2260417620341,
    "golden_cross": false,
    "death_cross": false,
    "top_divergence": false,
    "bottom_divergence": false
  },
  "nasdaq": {
    "close": 23471.75,
    "change_percent": -1.0043039006782266,
    "pe": null,
    "rsi": 51.48612203624226,
    "k": 70.80357747180844,
    "d": 72.91179031759974,
    "j": 66.58715178022584,
    "ma20": 23414.05244140625,
    "ma120": 22610.872395833332,
    "ma240": 20689.80360514323,
    "golden_cross": false,
    "death_cross": true,
    "top_divergence": false,
    "bottom_divergence": false
  },
  "tqqq": {
    "close": 53.83000183105469,
    "change_percent": -3.183447287125822,
    "pe": 33.910816,
    "rsi": 48.560143595899376,
    "k": 67.98375628782632,
    "d": 71.07558290150673,
    "j": 61.80010306046549,
    "ma20": 53.94529685974121,
    "ma120": 50.97897844314575,
    "ma240": 42.826298864682514,
    "golden_cross": false,
    "death_cross": true,
    "top_divergence": false,
    "bottom_divergence": false
  },
  "qld": {
    "close": 71.48999786376953,
    "change_percent": -2.081912379107644,
    "pe": 33.73066,
    "rsi": 49.22103137122555,
    "k": 69.06018863439097,
    "d": 71.92491265139752,
    "j": 63.33074060037788,
    "ma20": 71.48830070495606,
    "ma120": 68.23054955800374,
    "ma240": 59.70366018613179,
    "golden_cross": false,
    "death_cross": true,
    "top_divergence": false,
    "bottom_divergence": false
  },
  "nvda": {
    "close": 183.13999938964844,
    "change_percent": -1.4369507583160852,
    "pe": 45.21975,
    "rsi": 46.85962088643144,
    "k": 23.64637065383065,
    "d": 31.605080118857195,
    "j": 7.72895172377757,
    "ma20": 184.76000061035157,
    "ma120": 182.7496332804362,
    "ma240": 156.4760745684306,
    "golden_cross": false,
    "death_cross": false,
    "top_divergence": false,
    "bottom_divergence": false
  },
  "msft": {
    "close": 459.3800048828125,
    "change_percent": -2.3987099714937155,
    "pe": 32.67283,
    "rsi": 31.477054027189453,
    "k": 26.61782334357531,
    "d": 38.45691921775439,
    "j": 2.9396315952171506,
    "ma20": 480.02500305175784,
    "ma120": 502.8657465616862,
    "ma240": 466.19349505106607,
    "golden_cross": false,
    "death_cross": false,
    "top_divergence": false,
    "bottom_divergence": false
  },
  "goog": {
    "close": 336.30999755859375,
    "change_percent": -0.035667187765610335,
    "pe": 33.232212,
    "rsi": 72.9509131770789,
    "k": 82.72736146506459,
    "d": 78.45399958557086,
    "j": 91.27408522405207,
    "ma20": 317.4384994506836,
    "ma120": 263.16692543029785,
    "ma240": 217.2622137705485,
    "golden_cross": false,
    "death_cross": false,
    "top_divergence": false,
    "bottom_divergence": false
  },
  "tsla": {
    "close": 439.20001220703125,
    "change_percent": -1.788908716821859,
    "pe": 302.89655,
    "rsi": 45.13341508538649,
    "k": 46.010394227642124,
    "d": 37.04356304239166,
    "j": 63.944056598143064,
    "ma20": 459.53300323486326,
    "ma120": 409.9873339335124,
    "ma240": 356.321625328064,
    "golden_cross": false,
    "death_cross": false,
    "top_divergence": false,
    "bottom_divergence": false
  },
  "smh": {
    "close": 388.3500061035156,
    "change_percent": -0.8121964308471272,
    "pe": 43.272896,
    "rsi": 64.0598527448019,
    "k": 82.21012739984891,
    "d": 83.94315489678604,
    "j": 78.74407240597466,
    "ma20": 369.65719146728514,
    "ma120": 332.4865882873535,
    "ma240": 286.03160247802737,
    "golden_cross": false,
    "death_cross": true,
    "top_divergence": false,
    "bottom_divergence": false
  },
  "aapl": {
    "close": 259.9599914550781,
    "change_percent": -0.41754314838546164,
    "pe": 34.847183,
    "rsi": 30.857700683936784,
    "k": 19.61865357994602,
    "d": 20.192798377159917,
    "j": 18.470363985518226,
    "ma20": 268.10899658203124,
    "ma120": 253.22527580261232,
    "ma240": 232.79116859436036,
    "golden_cross": false,
    "death_cross": false,
    "top_divergence": false,
    "bottom_divergence": true
  },
  "amzn": {
    "close": 236.64999389648438,
    "change_percent": -2.452601837319173,
    "pe": 33.42514,
    "rsi": 51.99740294712657,
    "k": 72.45014312336195,
    "d": 80.01637847988835,
    "j": 57.31767241030917,
    "ma20": 234.01350021362305,
    "ma120": 228.92808329264324,
    "ma240": 217.73750012715658,
    "golden_cross": false,
    "death_cross": true,
    "top_divergence": false,
    "bottom_divergence": false
  },
  "meta": {
    "close": 615.52001953125,
    "change_percent": -2.4671610486065516,
    "pe": 27.247456,
    "rsi": 34.06047850601006,
    "k": 18.345506967017847,
    "d": 28.589953837901902,
    "j": -2.1433867747502617,
    "ma20": 653.9045013427734,
    "ma120": 699.544014485677,
    "ma240": 670.8340231577555,
    "golden_cross": false,
    "death_cross": false,
    "top_divergence": false,
    "bottom_divergence": false
  },
  "btc": {
    "close": 96440.1953125,
    "change_percent": -0.5046282915210292,
    "pe": null,
    "rsi": 67.62821456563097,
    "k": 72.9230034637894,
    "d": 62.60113614202705,
    "j": 93.5667381073141,
    "ma20": 91048.336328125,
    "ma120": 100289.54049479167,
    "ma240": 106066.04000651042,
    "golden_cross": false,
    "death_cross": false,
    "top_divergence": false,
    "bottom_divergence": false
  },
  "gld": {
    "close": 425.94000244140625,
    "change_percent": 1.0222226854541974,
    "pe": null,
    "rsi": 70.8813633105837,
    "k": 85.54452097306364,
    "d": 75.09112741767242,
    "j": 106.45130808384607,
    "ma20": 408.1160034179687,
    "ma120": 360.95691604614257,
    "ma240": 326.88791631062827,
    "golden_cross": false,
    "death_cross": false,
    "top_divergence": false,
    "bottom_divergence": false
  }
}