{
  "twii": {
    "close": 32317.919921875,
    "change_percent": 0.7902828245345658,
    "pe": null,
    "rsi": 77.34370645763612,
    "k": 91.27621544916602,
    "d": 89.95860066651704,
    "j": 93.911445014464,
    "ma20": 30797.90546875,
    "ma120": 27174.449348958333,
    "ma240": 24522.390861002605,
    "golden_cross": false,
    "death_cross": false,
    "top_divergence": false,
    "bottom_divergence": false
  },
  "tsmc": {
    "close": 1780.0,
    "change_percent": 1.4245014245014245,
    "pe": 26.904472,
    "rsi": 71.1895734265531,
    "k": 85.0754906357846,
    "d": 83.6728970343772,
    "j": 87.88067783859941,
    "ma20": 1697.5,
    "ma120": 1407.6907643636068,
    "ma240": 1201.8663045247397,
    "golden_cross": true,
    "death_cross": false,
    "top_divergence": false,
    "bottom_divergence": false
  },
  "etf0050": {
    "close": 73.05000305175781,
    "change_percent": 1.1072706598724047,
    "pe": 25.08675,
    "rsi": 80.95100929730556,
    "k": 93.08156799875974,
    "d": 91.60018528416873,
    "j": 96.04433342794175,
    "ma20": 69.63386535644531,
    "ma120": 60.147181224823,
    "ma240": 52.687638982137045,
    "golden_cross": false,
    "death_cross": false,
    "top_divergence": false,
    "bottom_divergence": false
  },
  "etf00631l": {
    "close": 451.1000061035156,
    "change_percent": 2.1859765839033938,
    "pe": null,
    "rsi": 81.11725093506456,
    "k": 93.56488652836666,
    "d": 92.04985074044458,
    "j": 96.59495810421083,
    "ma20": 411.63500213623047,
    "ma120": 325.3604161580404,
    "ma240": 266.07541643778484,
    "golden_cross": false,
    "death_cross": false,
    "top_divergence": false,
    "bottom_divergence": false
  },
  "etf00675l": {
    "close": 179.1999969482422,
    "change_percent": 2.283105062599793,
    "pe": null,
    "rsi": 81.76360501230276,
    "k": 93.90867768127099,
    "d": 92.09288274514513,
    "j": 97.54026755352268,
    "ma20": 163.325,
    "ma120": 129.23625017801922,
    "ma240": 105.7983333905538,
    "golden_cross": false,
    "death_cross": false,
    "top_divergence": false,
    "bottom_divergence": false
  },
  "nasdaq": {
    "close": 23601.359375,
    "change_percent": 0.426016412863849,
    "pe": null,
    "rsi": 54.716508070539504,
    "k": 59.43050106424826,
    "d": 52.2690197169505,
    "j": 73.75346375884378,
    "ma20": 23466.07392578125,
    "ma120": 22747.72364908854,
    "ma240": 20799.669270833332,
    "golden_cross": false,
    "death_cross": false,
    "top_divergence": false,
    "bottom_divergence": false
  },
  "tqqq": {
    "close": 55.08000183105469,
    "change_percent": 1.2872393328250344,
    "pe": 34.69827,
    "rsi": 53.87303870586253,
    "k": 59.40241093095533,
    "d": 52.13462662767235,
    "j": 73.93797953752127,
    "ma20": 54.167999839782716,
    "ma120": 51.54506743748983,
    "ma240": 43.178992295265196,
    "golden_cross": false,
    "death_cross": false,
    "top_divergence": false,
    "bottom_divergence": false
  },
  "qld": {
    "close": 72.66000366210938,
    "change_percent": 0.8466350930108396,
    "pe": 34.282696,
    "rsi": 54.440825370631806,
    "k": 61.220436987012036,
    "d": 53.463209795162555,
    "j": 76.73489137071101,
    "ma20": 71.74750022888183,
    "ma120": 68.816219774882,
    "ma240": 60.139192501703896,
    "golden_cross": false,
    "death_cross": false,
    "top_divergence": false,
    "bottom_divergence": false
  },
  "nvda": {
    "close": 186.47000122070312,
    "change_percent": -0.6394186390740622,
    "pe": 46.041973,
    "rsi": 52.2291485101404,
    "k": 58.31342818726034,
    "d": 46.46338477648172,
    "j": 82.01351500881759,
    "ma20": 186.1775001525879,
    "ma120": 183.2260383605957,
    "ma240": 158.23269389470417,
    "golden_cross": false,
    "death_cross": false,
    "top_divergence": false,
    "bottom_divergence": true
  },
  "msft": {
    "close": 470.2799987792969,
    "change_percent": 0.9292813518248653,
    "pe": 33.44808,
    "rsi": 49.0914473712027,
    "k": 51.28842341171366,
    "d": 33.49181918130121,
    "j": 86.88163187253855,
    "ma20": 471.04100036621094,
    "ma120": 499.28267262776694,
    "ma240": 467.58619600931803,
    "golden_cross": false,
    "death_cross": false,
    "top_divergence": false,
    "bottom_divergence": false
  },
  "goog": {
    "close": 333.5899963378906,
    "change_percent": 1.5711121935210146,
    "pe": 32.898422,
    "rsi": 61.90124825340268,
    "k": 54.08223167771436,
    "d": 55.83040017246806,
    "j": 50.58589468820696,
    "ma20": 324.7419998168945,
    "ma120": 271.0758449554443,
    "ma240": 221.15531183878582,
    "golden_cross": false,
    "death_cross": false,
    "top_divergence": false,
    "bottom_divergence": false
  },
  "tsla": {
    "close": 435.20001220703125,
    "change_percent": -3.0864440001147146,
    "pe": 302.22223,
    "rsi": 45.79561233415627,
    "k": 58.75711880169686,
    "d": 51.94340623536243,
    "j": 72.38454393436572,
    "ma20": 443.4820022583008,
    "ma120": 417.1400838216146,
    "ma240": 358.05100027720135,
    "golden_cross": false,
    "death_cross": false,
    "top_divergence": false,
    "bottom_divergence": true
  },
  "smh": {
    "close": 398.82000732421875,
    "change_percent": -0.31742583551109904,
    "pe": 44.439545,
    "rsi": 62.9703155965992,
    "k": 68.81363639347063,
    "d": 73.4872147528869,
    "j": 59.466479674638094,
    "ma20": 385.3315002441406,
    "ma120": 338.87133839925133,
    "ma240": 290.5407137552897,
    "golden_cross": false,
    "death_cross": false,
    "top_divergence": false,
    "bottom_divergence": false
  },
  "aapl": {
    "close": 255.41000366210938,
    "change_percent": 2.9712992160400122,
    "pe": 34.237267,
    "rsi": 40.329269473498044,
    "k": 36.42815353708631,
    "d": 25.096041905259142,
    "j": 59.09237680074065,
    "ma20": 260.63099670410156,
    "ma120": 255.7370309193929,
    "ma240": 233.41260484059652,
    "golden_cross": false,
    "death_cross": false,
    "top_divergence": false,
    "bottom_divergence": false
  },
  "amzn": {
    "close": 238.4199981689453,
    "change_percent": -0.3094185824689813,
    "pe": 33.67514,
    "rsi": 53.92492606001385,
    "k": 45.98667824869713,
    "d": 44.69901798774424,
    "j": 48.56199877060291,
    "ma20": 237.045499420166,
    "ma120": 229.47466659545898,
    "ma240": 217.72533346811932,
    "golden_cross": true,
    "death_cross": false,
    "top_divergence": false,
    "bottom_divergence": false
  },
  "meta": {
    "close": 672.3599853515625,
    "change_percent": 2.0644810529370368,
    "pe": 29.76361,
    "rsi": 60.4081611318754,
    "k": 68.08070461714513,
    "d": 45.3763872478239,
    "j": 113.48933935578759,
    "ma20": 644.5554992675782,
    "ma120": 693.870438639323,
    "ma240": 668.8040111541748,
    "golden_cross": false,
    "death_cross": false,
    "top_divergence": false,
    "bottom_divergence": false
  },
  "btc": {
    "close": 88453.859375,
    "change_percent": 0.2115382334557187,
    "pe": null,
    "rsi": 43.02311059576564,
    "k": 24.142430468131764,
    "d": 24.570087476895807,
    "j": 23.287116450603676,
    "ma20": 91381.041796875,
    "ma120": 98023.45182291667,
    "ma240": 105204.99267578125,
    "golden_cross": false,
    "death_cross": false,
    "top_divergence": false,
    "bottom_divergence": false
  },
  "gld": {
    "close": 464.70001220703125,
    "change_percent": 1.462884761360535,
    "pe": null,
    "rsi": 82.56689154336509,
    "k": 92.47664046970144,
    "d": 89.6380492526207,
    "j": 98.15382290386287,
    "ma20": 421.7845031738281,
    "ma120": 368.93141657511393,
    "ma240": 332.1342081705729,
    "golden_cross": false,
    "death_cross": false,
    "top_divergence": false,
    "bottom_divergence": false
  }
}